{
"type": "FeatureCollection",
"name": "plu_secteurs",
"crs": { "type": "name", "properties": { "name": "urn:ogc:def:crs:OGC:1.3:CRS84" } },
"features": [
{ "type": "Feature", "properties": { "libelle": "UBa", "libelong": "Secteur UBa : habitat individuel issu d'opérations d'ensemble", "typezone": "U", "surface_ha": 113.9, "mailles": 79, "part_mailles_prioritaires": 0.0, "score_sante_moyen": 3.5, "score_climat_moyen": 4.6 }, "geometry": { "type": "MultiPolygon", "coordinates": [ [ [ [ 2.14379923, 48.87772795 ], [ 2.14390551, 48.877690849999986 ], [ 2.14398835, 48.87766185000001 ], [ 2.14418856, 48.87759277 ], [ 2.14423078, 48.877580649999985 ], [ 2.14423917, 48.87759278 ], [ 2.14427082, 48.87758176 ], [ 2.14431951, 48.87756466 ], [ 2.14431805, 48.87756186 ], [ 2.14439061, 48.87753576 ], [ 2.14442667, 48.87752352 ], [ 2.14448988, 48.87750194 ], [ 2.14455846, 48.87747787 ], [ 2.14461107, 48.8775368 ], [ 2.14472101, 48.87749279 ], [ 2.14479487, 48.87746229 ], [ 2.1446685, 48.87731929 ], [ 2.14454935, 48.8771857 ], [ 2.14447182, 48.87720736 ], [ 2.14446365, 48.87719821000001 ], [ 2.14442576, 48.87715549 ], [ 2.14427078, 48.87721096 ], [ 2.14425624, 48.877216159999982 ], [ 2.14416545, 48.87724816 ], [ 2.14411237, 48.87726711 ], [ 2.14403886, 48.87729312 ], [ 2.14400675, 48.87730405 ], [ 2.14390221, 48.87717234 ], [ 2.14386066, 48.87718482 ], [ 2.1437975, 48.877202719999985 ], [ 2.14360598, 48.87725792 ], [ 2.14346514, 48.87729837 ], [ 2.14345377, 48.87730188 ], [ 2.14354839, 48.87741840000001 ], [ 2.14361148, 48.87749574 ], [ 2.14363219, 48.87752125 ], [ 2.14371679, 48.8776252 ], [ 2.14379923, 48.87772795 ] ] ], [ [ [ 2.15036127, 48.87771274 ], [ 2.15035255, 48.87770413 ], [ 2.15033033, 48.87767888 ], [ 2.15030635, 48.87765227 ], [ 2.15026671, 48.87760855 ], [ 2.1501464, 48.87747747 ], [ 2.15004161, 48.87736494 ], [ 2.14993095, 48.87724499 ], [ 2.14989437, 48.87720552 ], [ 2.14973879, 48.877038570000011 ], [ 2.14968921, 48.87698543 ], [ 2.14956348, 48.8768526 ], [ 2.14954927, 48.87683802 ], [ 2.14950774, 48.87679221 ], [ 2.14959188, 48.876758639999984 ], [ 2.14961714, 48.87674757 ], [ 2.14979432, 48.87667688 ], [ 2.14976345, 48.87663907000001 ], [ 2.14968521, 48.876545160000013 ], [ 2.14966436, 48.876519740000013 ], [ 2.14957695, 48.876419919999982 ], [ 2.14952548, 48.8763575 ], [ 2.1494083, 48.87621898 ], [ 2.14937884, 48.87618536 ], [ 2.1489517, 48.87636718 ], [ 2.14876679, 48.87644755 ], [ 2.14825135, 48.876671580000014 ], [ 2.14808653, 48.87674506 ], [ 2.14780226, 48.87686894 ], [ 2.1477542, 48.87688929 ], [ 2.14751386, 48.87698943 ], [ 2.14754359, 48.8770199 ], [ 2.14782083, 48.87730085 ], [ 2.14794497, 48.87724715 ], [ 2.14809065, 48.87718514 ], [ 2.14820601, 48.87713443 ], [ 2.14830603, 48.877238380000016 ], [ 2.14832641, 48.877259300000013 ], [ 2.14849124, 48.877427220000015 ], [ 2.14856272, 48.87750039 ], [ 2.14839603, 48.87757134000001 ], [ 2.14824253, 48.87763599 ], [ 2.14814767, 48.87754169 ], [ 2.14810369, 48.87749659 ], [ 2.14800564, 48.87739714 ], [ 2.1476605, 48.87754101 ], [ 2.14761702, 48.87755897 ], [ 2.14759151, 48.8775301 ], [ 2.14754062, 48.877550950000014 ], [ 2.14734887, 48.877628280000017 ], [ 2.147412, 48.8776951 ], [ 2.14743829, 48.87772146 ], [ 2.14728433, 48.87778107 ], [ 2.14721654, 48.87780748 ], [ 2.14714593, 48.87773161 ], [ 2.1469374, 48.877817720000024 ], [ 2.14691955, 48.87780014 ], [ 2.14677228, 48.87765124 ], [ 2.14673901, 48.87761755 ], [ 2.14652548, 48.87770956 ], [ 2.14647645, 48.877729610000017 ], [ 2.14664078, 48.8779372 ], [ 2.1465968, 48.877958560000017 ], [ 2.1465136, 48.8779934 ], [ 2.14640143, 48.878040360000021 ], [ 2.14629159, 48.87808679 ], [ 2.14618823, 48.87797894 ], [ 2.14602233, 48.87805141 ], [ 2.14600157, 48.87806179 ], [ 2.14592302, 48.87809531 ], [ 2.14584736, 48.87812778 ], [ 2.1458699, 48.878150420000011 ], [ 2.1460518, 48.87833303 ], [ 2.14607514, 48.87835631 ], [ 2.14613003, 48.878403180000014 ], [ 2.14687237, 48.87819966 ], [ 2.14758403, 48.87895569 ], [ 2.14784183, 48.878851460000014 ], [ 2.14779562, 48.878808090000014 ], [ 2.14765312, 48.8786585 ], [ 2.14764437, 48.87865142 ], [ 2.14746379, 48.87846307 ], [ 2.14742813, 48.87842594 ], [ 2.14759911, 48.87835125 ], [ 2.14766146, 48.87832391000002 ], [ 2.14773054, 48.87829373000001 ], [ 2.14779975, 48.878264090000016 ], [ 2.14792431, 48.87820994 ], [ 2.1480744, 48.87814491000001 ], [ 2.14811314, 48.878120630000012 ], [ 2.14816101, 48.87817482 ], [ 2.14821262, 48.878155959999987 ], [ 2.14854261, 48.878030150000022 ], [ 2.14859391, 48.87808628 ], [ 2.14875533, 48.878020689999985 ], [ 2.14880214, 48.878001600000012 ], [ 2.14896316, 48.87793583 ], [ 2.14908093, 48.87806348 ], [ 2.14909419, 48.8780776 ], [ 2.14917064, 48.87816403 ], [ 2.14920309, 48.87819745 ], [ 2.14922972, 48.87822822 ], [ 2.14926628, 48.87827705 ], [ 2.14933969, 48.87824751 ], [ 2.15045037, 48.87780282 ], [ 2.15040402, 48.87775846 ], [ 2.15036127, 48.87771274 ] ] ], [ [ [ 2.14444664, 48.87396751 ], [ 2.1444705, 48.87395827 ], [ 2.14457845, 48.873916450000024 ], [ 2.14460416, 48.87390649000001 ], [ 2.14461436, 48.87390256 ], [ 2.14463301, 48.87392666 ], [ 2.1448043, 48.87409831 ], [ 2.14483732, 48.87412967 ], [ 2.14485984, 48.87415294 ], [ 2.14495027, 48.87424235 ], [ 2.14501076, 48.87430313 ], [ 2.14505168, 48.87434417 ], [ 2.14511752, 48.87441137 ], [ 2.14524082, 48.87453294 ], [ 2.14545167, 48.87444613 ], [ 2.14553363, 48.874528200000015 ], [ 2.14560872, 48.87460491 ], [ 2.14574259, 48.87473924 ], [ 2.14584425, 48.87484195 ], [ 2.14592836, 48.874926189999982 ], [ 2.14605334, 48.8750539 ], [ 2.14600815, 48.8750739 ], [ 2.14584146, 48.87514556 ], [ 2.14563219, 48.875235889999985 ], [ 2.14577823, 48.87538407 ], [ 2.14584128, 48.875447110000017 ], [ 2.14588163, 48.875489579999986 ], [ 2.14599953, 48.87560833 ], [ 2.1460234, 48.87563233 ], [ 2.14607597, 48.87568631 ], [ 2.14611446, 48.875720890000011 ], [ 2.14657414, 48.875513850000019 ], [ 2.14654629, 48.87548652 ], [ 2.14602397, 48.87497391 ], [ 2.14580533, 48.874754269999983 ], [ 2.14577589, 48.87472469 ], [ 2.14579079, 48.874718180000016 ], [ 2.14608002, 48.87459074 ], [ 2.14606903, 48.87457915 ], [ 2.14605722, 48.874567549999988 ], [ 2.14598986, 48.87450169000001 ], [ 2.14586662, 48.87437616 ], [ 2.14584529, 48.87435478 ], [ 2.14584355, 48.874352969999983 ], [ 2.14582249, 48.87433195 ], [ 2.14579294, 48.87430431 ], [ 2.14575701, 48.87426727 ], [ 2.14566673, 48.87417714 ], [ 2.14561426, 48.874125949999979 ], [ 2.14556651, 48.87407803 ], [ 2.14556396, 48.87407541 ], [ 2.14555941, 48.87407025000001 ], [ 2.14551018, 48.87402133 ], [ 2.14544538, 48.87395675 ], [ 2.14537106, 48.87388274 ], [ 2.14527582, 48.87378744 ], [ 2.14519506, 48.873707270000011 ], [ 2.14528863, 48.87367152 ], [ 2.1454146, 48.87362277 ], [ 2.14540989, 48.87361851 ], [ 2.14540223, 48.87361162 ], [ 2.1453892, 48.873599839999976 ], [ 2.14530274, 48.87363421 ], [ 2.14519131, 48.87367838 ], [ 2.14514205, 48.873630899999988 ], [ 2.1449549, 48.87370295 ], [ 2.14484765, 48.87360002 ], [ 2.14475464, 48.8735105 ], [ 2.14472014, 48.87347742 ], [ 2.14470967, 48.87346746 ], [ 2.1444957, 48.87326348 ], [ 2.14446844, 48.873238010000016 ], [ 2.14427014, 48.87305043 ], [ 2.14425752, 48.87303892 ], [ 2.1443022, 48.87301603 ], [ 2.1444988, 48.8729168 ], [ 2.14468741, 48.87282192 ], [ 2.144698, 48.87281677 ], [ 2.14457486, 48.87270213 ], [ 2.14445387, 48.872589380000015 ], [ 2.14440527, 48.87254326 ], [ 2.14428026, 48.87242634 ], [ 2.14415702, 48.872309630000011 ], [ 2.14428464, 48.87223436 ], [ 2.14429573, 48.87222806 ], [ 2.14434685, 48.87219901000001 ], [ 2.14411222, 48.87221478 ], [ 2.1441069, 48.87221519 ], [ 2.14389152, 48.87222993 ], [ 2.14379297, 48.8722366 ], [ 2.14343387, 48.87226083 ], [ 2.14336591, 48.87226502 ], [ 2.14330289, 48.87226917 ], [ 2.14328947, 48.87227005 ], [ 2.14325968, 48.87227191 ], [ 2.14323775, 48.87227328 ], [ 2.1431912, 48.87227654 ], [ 2.14299603, 48.87228954 ], [ 2.14290553, 48.87229572 ], [ 2.1427225, 48.87230817 ], [ 2.14269012, 48.872310510000013 ], [ 2.14261043, 48.87231628 ], [ 2.14237844, 48.87232981 ], [ 2.14213016, 48.87234665 ], [ 2.14206535, 48.87234987 ], [ 2.14205957, 48.872352709999987 ], [ 2.14203982, 48.87235194 ], [ 2.14184892, 48.8723449 ], [ 2.14144398, 48.87232986 ], [ 2.1413527, 48.872334150000015 ], [ 2.14132674, 48.87228738000001 ], [ 2.14122511, 48.8721754 ], [ 2.14115735, 48.87210134 ], [ 2.14114637, 48.87208903 ], [ 2.14090743, 48.87182938 ], [ 2.14086962, 48.87179044 ], [ 2.14082557, 48.87174201 ], [ 2.14074679, 48.871657529999986 ], [ 2.14066871, 48.8715727 ], [ 2.14063835, 48.871528949999984 ], [ 2.14061933, 48.87149167 ], [ 2.14061059, 48.871467689999989 ], [ 2.14060166, 48.87143884 ], [ 2.14058565, 48.87137622 ], [ 2.14054458, 48.87121323 ], [ 2.14021949, 48.87125038 ], [ 2.14012492, 48.871264 ], [ 2.14009845, 48.87117414 ], [ 2.13994436, 48.87119282 ], [ 2.1394206, 48.87125687 ], [ 2.13942059, 48.87125687 ], [ 2.13942996, 48.871292100000019 ], [ 2.13945736, 48.8713834 ], [ 2.13948482, 48.871478929999988 ], [ 2.13949344, 48.87150993 ], [ 2.13949786, 48.87152328 ], [ 2.13951602, 48.87158735 ], [ 2.1395476, 48.871697390000016 ], [ 2.13959284, 48.87185591 ], [ 2.13964031, 48.87201976 ], [ 2.13967202, 48.87213007 ], [ 2.1396936, 48.87221045 ], [ 2.13970779, 48.87225264 ], [ 2.13809295, 48.872177550000011 ], [ 2.13805957, 48.87217604 ], [ 2.13792924, 48.87217014 ], [ 2.13779722, 48.8721566 ], [ 2.13765942, 48.87214511 ], [ 2.13753154, 48.87214569 ], [ 2.1374349, 48.872136 ], [ 2.13670602, 48.87210467 ], [ 2.1367861, 48.87144957000001 ], [ 2.13681457, 48.871453139999986 ], [ 2.13686525, 48.871455400000016 ], [ 2.13709753, 48.87146579 ], [ 2.13737296, 48.871471080000013 ], [ 2.13735839, 48.871405170000024 ], [ 2.13734683, 48.87133202 ], [ 2.13713098, 48.87133941 ], [ 2.13682826, 48.87132607 ], [ 2.13678058, 48.87131954 ], [ 2.13679043, 48.87121302 ], [ 2.13674229, 48.87120772 ], [ 2.13668807, 48.871205350000011 ], [ 2.13660784, 48.87120064 ], [ 2.1364678, 48.87119369 ], [ 2.13638962, 48.87118962000001 ], [ 2.13630569, 48.87118614 ], [ 2.13629425, 48.87118543 ], [ 2.13622641, 48.871181970000016 ], [ 2.1361741, 48.8711797 ], [ 2.13602262, 48.87117186 ], [ 2.13602308, 48.87116908 ], [ 2.13599436, 48.87115654 ], [ 2.13589813, 48.87206916 ], [ 2.13574066, 48.872110289999981 ], [ 2.13517237, 48.872259980000024 ], [ 2.13437103, 48.87247394 ], [ 2.13434905, 48.87243929000001 ], [ 2.13426717, 48.87228797 ], [ 2.13424495, 48.872246890000014 ], [ 2.13419745, 48.872159850000017 ], [ 2.13416598, 48.87210107 ], [ 2.13415208, 48.872075700000011 ], [ 2.13410564, 48.87199082 ], [ 2.13409772, 48.87197538 ], [ 2.13405116, 48.87188889 ], [ 2.13397739, 48.87175021 ], [ 2.1339587, 48.87171806 ], [ 2.13392949, 48.87166281 ], [ 2.13386362, 48.87154092 ], [ 2.13384103, 48.871546870000017 ], [ 2.13370584, 48.87158429 ], [ 2.13349769, 48.87164008 ], [ 2.1334692, 48.871647779999989 ], [ 2.13343564, 48.871658530000012 ], [ 2.13333983, 48.87149271 ], [ 2.13327913, 48.87150926 ], [ 2.13304635, 48.87157008 ], [ 2.13301034, 48.871579260000011 ], [ 2.13292996, 48.87160062 ], [ 2.13278618, 48.87163798000001 ], [ 2.13257872, 48.87169251 ], [ 2.13253926, 48.87170344 ], [ 2.13244472, 48.87154236 ], [ 2.13238966, 48.87155165 ], [ 2.13231051, 48.87157248 ], [ 2.13202827, 48.87164751 ], [ 2.13199993, 48.871654679999985 ], [ 2.13198391, 48.87162587000001 ], [ 2.13189524, 48.87146532 ], [ 2.13184772, 48.87137972 ], [ 2.13182511, 48.87134215 ], [ 2.13135756, 48.87144721 ], [ 2.13106434, 48.87153502000001 ], [ 2.13091352, 48.871586089999987 ], [ 2.13055815, 48.871727930000013 ], [ 2.13058495, 48.87176564 ], [ 2.13084652, 48.87221857 ], [ 2.13099223, 48.87246561 ], [ 2.13081663, 48.87251451 ], [ 2.13049475, 48.872603370000014 ], [ 2.13046807, 48.87256037 ], [ 2.13030041, 48.87266429 ], [ 2.13000047, 48.872721099999978 ], [ 2.13003787, 48.87286554 ], [ 2.12966422, 48.87295186 ], [ 2.1293289, 48.87302848 ], [ 2.12938896, 48.873139 ], [ 2.12868187, 48.87331139 ], [ 2.12863569, 48.87332242 ], [ 2.1287014, 48.87344885 ], [ 2.12874671, 48.87353602 ], [ 2.12879543, 48.87352446 ], [ 2.1290209, 48.87346962 ], [ 2.12923201, 48.873417560000014 ], [ 2.1294419, 48.87376361 ], [ 2.12986464, 48.8736533 ], [ 2.13004133, 48.87360512 ], [ 2.13031803, 48.87352798 ], [ 2.13071234, 48.87342922 ], [ 2.13090693, 48.87337747 ], [ 2.13093094, 48.873418119999982 ], [ 2.13102795, 48.87359366 ], [ 2.1310748, 48.87367818000002 ], [ 2.13112735, 48.87377282 ], [ 2.13113359, 48.87378312 ], [ 2.13094102, 48.873827229999989 ], [ 2.13078048, 48.87386392 ], [ 2.13061761, 48.87390132 ], [ 2.13051893, 48.87392381 ], [ 2.13058259, 48.87404695 ], [ 2.13059659, 48.87407421 ], [ 2.13060937, 48.87410056 ], [ 2.13064877, 48.874174690000011 ], [ 2.13070147, 48.874276160000022 ], [ 2.13074073, 48.8743501 ], [ 2.13079843, 48.87446276 ], [ 2.13090261, 48.87465805 ], [ 2.13051385, 48.87473586 ], [ 2.13067458, 48.87503513 ], [ 2.13069479, 48.87505244 ], [ 2.13027178, 48.87515459 ], [ 2.13026631, 48.87515545 ], [ 2.12968704, 48.87530683 ], [ 2.12953443, 48.87497476 ], [ 2.12901304, 48.87402933 ], [ 2.12900788, 48.87401978 ], [ 2.12896024, 48.87403155 ], [ 2.12887209, 48.87405178 ], [ 2.12868991, 48.87409434 ], [ 2.12850444, 48.87413787 ], [ 2.12848021, 48.874143360000012 ], [ 2.12844504, 48.87415138 ], [ 2.12847999, 48.87421387 ], [ 2.1285671, 48.874369459999983 ], [ 2.12858682, 48.87440495 ], [ 2.1286133, 48.87445227 ], [ 2.12862587, 48.87447475 ], [ 2.12862944, 48.87448126 ], [ 2.12864521, 48.874508529999986 ], [ 2.12866562, 48.874543930000016 ], [ 2.12869318, 48.8745918 ], [ 2.12875028, 48.87469124 ], [ 2.12875729, 48.87470415 ], [ 2.12864351, 48.87473264 ], [ 2.12871286, 48.87484943 ], [ 2.12877956, 48.874831839999985 ], [ 2.12884302, 48.87495048000001 ], [ 2.12891306, 48.87508319 ], [ 2.12892707, 48.87510974 ], [ 2.12892972, 48.87511443 ], [ 2.12894161, 48.87513691 ], [ 2.12896398, 48.87517719 ], [ 2.1290031, 48.87525140000001 ], [ 2.12902094, 48.87528526 ], [ 2.12905838, 48.875354059999985 ], [ 2.12907676, 48.87538792 ], [ 2.12910658, 48.87544722 ], [ 2.1291864, 48.87559899 ], [ 2.12922447, 48.87567058 ], [ 2.12926324, 48.875741110000014 ], [ 2.12930114, 48.875814859999984 ], [ 2.1293487, 48.87590586 ], [ 2.12921826, 48.87593603 ], [ 2.12927138, 48.87602896 ], [ 2.12929576, 48.87607159 ], [ 2.12934746, 48.87618309 ], [ 2.12945384, 48.87620719 ], [ 2.12956417, 48.87624606 ], [ 2.12961462, 48.87626383 ], [ 2.13001733, 48.87589885 ], [ 2.13012106, 48.87590869000001 ], [ 2.13013071, 48.875928 ], [ 2.13030901, 48.87628478 ], [ 2.13036726, 48.87640135 ], [ 2.13047968, 48.87660956 ], [ 2.13085391, 48.87732331 ], [ 2.13095284, 48.87751353 ], [ 2.13113994, 48.87787327 ], [ 2.13131356, 48.87821459 ], [ 2.13138115, 48.87820814 ], [ 2.13165463, 48.87816984 ], [ 2.13187794, 48.87813917 ], [ 2.13195828, 48.87832601 ], [ 2.1319727, 48.87836065 ], [ 2.13197834, 48.87837391 ], [ 2.13203714, 48.87851131 ], [ 2.13208257, 48.87861623 ], [ 2.13211421, 48.8786894 ], [ 2.1321415, 48.87875345 ], [ 2.13217318, 48.87882446 ], [ 2.13218884, 48.87885857 ], [ 2.13242113, 48.87882968 ], [ 2.1325206, 48.878817269999978 ], [ 2.13253466, 48.87881629000001 ], [ 2.13259693, 48.878958120000028 ], [ 2.13276929, 48.87892483000001 ], [ 2.13278325, 48.878922059999987 ], [ 2.13279274, 48.87894128 ], [ 2.13289097, 48.87892176 ], [ 2.13296675, 48.87890747 ], [ 2.13298434, 48.87894852 ], [ 2.13300045, 48.87898793 ], [ 2.13315479, 48.87897232 ], [ 2.13317159, 48.87897065 ], [ 2.13330802, 48.87895796 ], [ 2.13333424, 48.87895573 ], [ 2.13341328, 48.87913041 ], [ 2.13345009, 48.87912277 ], [ 2.13370879, 48.879071400000022 ], [ 2.13367138, 48.87897651 ], [ 2.1336529, 48.878931230000013 ], [ 2.13357918, 48.87875631 ], [ 2.13367259, 48.87873981 ], [ 2.13384413, 48.87869824 ], [ 2.13376922, 48.878520980000012 ], [ 2.13392859, 48.878497760000016 ], [ 2.13405259, 48.8784786 ], [ 2.13407952, 48.878474390000015 ], [ 2.1341282, 48.87846858 ], [ 2.13425497, 48.87877822 ], [ 2.13430146, 48.87877215 ], [ 2.13435405, 48.8787665 ], [ 2.13468395, 48.87873049 ], [ 2.13473892, 48.87890176 ], [ 2.13476342, 48.87897785 ], [ 2.13508788, 48.878941070000018 ], [ 2.13510517, 48.8789383 ], [ 2.13508549, 48.8788798 ], [ 2.13513006, 48.87887239 ], [ 2.13515728, 48.87893285 ], [ 2.1351965, 48.87892809 ], [ 2.13547137, 48.878895989999975 ], [ 2.13553505, 48.878888139999987 ], [ 2.13555087, 48.87894504 ], [ 2.13593244, 48.87890148000001 ], [ 2.13621272, 48.8788722 ], [ 2.1363115, 48.87886060000001 ], [ 2.13630893, 48.87884268 ], [ 2.13641206, 48.87883191 ], [ 2.13665063, 48.87881052 ], [ 2.13688879, 48.87878858 ], [ 2.1370259, 48.878776259999988 ], [ 2.13714381, 48.878767430000011 ], [ 2.13715405, 48.87885183 ], [ 2.13723215, 48.87884511 ], [ 2.1375369, 48.87882087 ], [ 2.13755177, 48.87900165 ], [ 2.1375562, 48.87903666 ], [ 2.13758586, 48.8790334 ], [ 2.13770646, 48.87902177 ], [ 2.13789781, 48.87900219 ], [ 2.13800818, 48.87899049 ], [ 2.13811649, 48.87897976 ], [ 2.13817718, 48.878973259999988 ], [ 2.13820178, 48.87900939 ], [ 2.13847613, 48.87936355 ], [ 2.13837956, 48.87939838 ], [ 2.13829341, 48.8794296 ], [ 2.13824652, 48.87944527 ], [ 2.13807347, 48.879503559999989 ], [ 2.13803716, 48.87945645 ], [ 2.13800658, 48.87941782 ], [ 2.13785124, 48.87946905 ], [ 2.13770399, 48.87951745 ], [ 2.13762872, 48.87941879 ], [ 2.1375576, 48.87932474 ], [ 2.13754171, 48.87930394 ], [ 2.13752317, 48.87927935 ], [ 2.13746672, 48.87920528 ], [ 2.13744177, 48.87917183 ], [ 2.13738011, 48.879091160000016 ], [ 2.1373511, 48.87905244 ], [ 2.13713451, 48.87907599 ], [ 2.13716798, 48.87933398 ], [ 2.13708507, 48.879369360000013 ], [ 2.13700722, 48.879392910000014 ], [ 2.13695498, 48.879410430000014 ], [ 2.13693249, 48.87941827 ], [ 2.13683957, 48.87944692 ], [ 2.1368661, 48.87948308 ], [ 2.13670995, 48.87953412 ], [ 2.13656858, 48.87958131 ], [ 2.13649937, 48.87948736 ], [ 2.13638719, 48.879525679999986 ], [ 2.13624322, 48.87957401 ], [ 2.13617817, 48.87947587 ], [ 2.1360226, 48.87951567 ], [ 2.13589087, 48.879549350000012 ], [ 2.13586458, 48.87955599 ], [ 2.13585074, 48.87955157 ], [ 2.13583439, 48.87952618 ], [ 2.13553348, 48.87961494000001 ], [ 2.13548744, 48.87954661 ], [ 2.13519314, 48.879631270000012 ], [ 2.13514224, 48.87955122 ], [ 2.13512948, 48.87953126 ], [ 2.13512666, 48.87952881 ], [ 2.13512334, 48.87952339 ], [ 2.13504291, 48.87954655 ], [ 2.13502525, 48.87955083 ], [ 2.13497732, 48.87957135 ], [ 2.13495129, 48.87957898 ], [ 2.1348747, 48.879601269999981 ], [ 2.13483974, 48.87961226 ], [ 2.13482946, 48.87961543 ], [ 2.13487197, 48.8796831 ], [ 2.13492303, 48.87976153 ], [ 2.13493711, 48.87978429 ], [ 2.13486286, 48.8798048 ], [ 2.13484754, 48.8797832 ], [ 2.13483297, 48.87976131 ], [ 2.13471522, 48.87979001 ], [ 2.13458166, 48.87955313 ], [ 2.13458057, 48.87955454 ], [ 2.13457949, 48.87955453 ], [ 2.13446579, 48.8795752 ], [ 2.13446181, 48.87957617 ], [ 2.1345371, 48.8796903 ], [ 2.13454118, 48.87969896 ], [ 2.13443018, 48.87973197 ], [ 2.13434278, 48.87975608 ], [ 2.13419971, 48.87979083 ], [ 2.13413859, 48.8797108 ], [ 2.1341304, 48.87971955 ], [ 2.1340012, 48.87974821 ], [ 2.13397371, 48.87975323 ], [ 2.13388245, 48.87977226000001 ], [ 2.13386806, 48.8797762 ], [ 2.13382359, 48.8797856 ], [ 2.13376087, 48.87980028 ], [ 2.13366104, 48.87982216 ], [ 2.13360344, 48.87975693 ], [ 2.13328055, 48.879903979999987 ], [ 2.13324788, 48.87991723 ], [ 2.13316241, 48.87994009 ], [ 2.1330394, 48.87997418 ], [ 2.13310274, 48.88014183 ], [ 2.13321793, 48.88032388 ], [ 2.13319891, 48.88041009 ], [ 2.1333704, 48.8807264 ], [ 2.13339471, 48.88077124 ], [ 2.1333651, 48.880829489999989 ], [ 2.13339211, 48.88090353 ], [ 2.13336234, 48.880922010000013 ], [ 2.13288154, 48.881060630000015 ], [ 2.13281974, 48.88107799 ], [ 2.13299243, 48.88140265 ], [ 2.13299829, 48.88141403 ], [ 2.13306091, 48.88153581 ], [ 2.13306233, 48.881538569999989 ], [ 2.13307619, 48.88156552 ], [ 2.13314969, 48.88170845 ], [ 2.13320051, 48.88180728 ], [ 2.13325695, 48.88191704 ], [ 2.1333263, 48.8820519 ], [ 2.1333702, 48.88213728 ], [ 2.13363597, 48.88264599 ], [ 2.13392176, 48.88318065 ], [ 2.13414779, 48.88361946 ], [ 2.13402927, 48.883661049999979 ], [ 2.13403057, 48.883663600000013 ], [ 2.13403116, 48.88366476 ], [ 2.13415209, 48.8839018 ], [ 2.13430112, 48.884173759999989 ], [ 2.13454534, 48.884642200000016 ], [ 2.13479912, 48.88511889 ], [ 2.13493181, 48.88536493 ], [ 2.13497923, 48.88535906 ], [ 2.13523712, 48.88530930000001 ], [ 2.13551487, 48.88525411 ], [ 2.13578933, 48.88519988 ], [ 2.13584078, 48.88518937 ], [ 2.13586798, 48.88518561 ], [ 2.13602737, 48.885154470000018 ], [ 2.13625573, 48.88510864 ], [ 2.13628775, 48.88510248 ], [ 2.13636281, 48.88509088 ], [ 2.13642897, 48.88507328 ], [ 2.13669715, 48.88501901 ], [ 2.13692263, 48.884974320000012 ], [ 2.1371031, 48.884938469999987 ], [ 2.1373353, 48.88489149 ], [ 2.13744393, 48.88487024 ], [ 2.13756583, 48.8848463 ], [ 2.13777081, 48.884804689999989 ], [ 2.13792651, 48.8847738 ], [ 2.1382033, 48.88471841 ], [ 2.13842905, 48.88467390000001 ], [ 2.138631, 48.88463353 ], [ 2.13873033, 48.88461401 ], [ 2.13884252, 48.884591440000015 ], [ 2.13901054, 48.884558019999986 ], [ 2.13909222, 48.88454152 ], [ 2.13926326, 48.88450686 ], [ 2.13936027, 48.88448733 ], [ 2.13933444, 48.8844491 ], [ 2.13926305, 48.884346060000013 ], [ 2.13920896, 48.88426923 ], [ 2.1391683, 48.8842129 ], [ 2.13915632, 48.88419519 ], [ 2.13907681, 48.884080040000022 ], [ 2.13900753, 48.88398124 ], [ 2.13893771, 48.883881990000013 ], [ 2.1389092, 48.88384177 ], [ 2.13879368, 48.8836777 ], [ 2.13869699, 48.883537429999983 ], [ 2.13866765, 48.88349791 ], [ 2.13864532, 48.88346295 ], [ 2.13863891, 48.88345454000001 ], [ 2.13863518, 48.88344948 ], [ 2.13859825, 48.88339822 ], [ 2.13856082, 48.88334435 ], [ 2.13852392, 48.88329165 ], [ 2.13848583, 48.88323633000001 ], [ 2.13844028, 48.88317089 ], [ 2.13841697, 48.88313754 ], [ 2.13831532, 48.88299237 ], [ 2.13828138, 48.88294221000001 ], [ 2.13821917, 48.882853089999983 ], [ 2.13820976, 48.88283665 ], [ 2.13819296, 48.88281351 ], [ 2.13818079, 48.882799029999987 ], [ 2.138131, 48.88272628 ], [ 2.13809811, 48.88267801 ], [ 2.13806962, 48.88263635 ], [ 2.13800367, 48.88254834 ], [ 2.13804269, 48.88253336 ], [ 2.13829194, 48.88246860000001 ], [ 2.13838877, 48.8824684 ], [ 2.13878682, 48.8823627 ], [ 2.1389065, 48.88233092 ], [ 2.13895153, 48.88239347 ], [ 2.13939146, 48.883004610000015 ], [ 2.13939298, 48.88300672 ], [ 2.13944281, 48.882991310000016 ], [ 2.13948761, 48.88305315 ], [ 2.13950491, 48.883078899999987 ], [ 2.13958077, 48.88318404000001 ], [ 2.13959248, 48.88320148 ], [ 2.13967339, 48.88331439 ], [ 2.13969098, 48.88333889 ], [ 2.1397731, 48.88345298 ], [ 2.13978241, 48.88346726 ], [ 2.13981759, 48.88351697 ], [ 2.13986801, 48.88358542000001 ], [ 2.13996011, 48.88371415 ], [ 2.14005219, 48.883844409999988 ], [ 2.14008365, 48.88388789 ], [ 2.14014215, 48.88397087 ], [ 2.14023921, 48.88410512 ], [ 2.14035009, 48.88426115 ], [ 2.14036876, 48.88428745 ], [ 2.14050187, 48.884261340000023 ], [ 2.14072612, 48.884215910000016 ], [ 2.14083748, 48.884194669999985 ], [ 2.14091875, 48.88417826 ], [ 2.14126315, 48.88410815 ], [ 2.14132252, 48.88409662 ], [ 2.14136288, 48.88408908 ], [ 2.14149067, 48.8840632 ], [ 2.14166867, 48.88402796 ], [ 2.14173927, 48.88401354 ], [ 2.14189168, 48.88398333 ], [ 2.14198046, 48.88396652 ], [ 2.1422385, 48.88391513 ], [ 2.14241172, 48.88388013 ], [ 2.1424927, 48.88386461 ], [ 2.14245649, 48.88381102 ], [ 2.142421, 48.883764 ], [ 2.14239062, 48.8837207 ], [ 2.14233704, 48.88364522 ], [ 2.14230664, 48.883603 ], [ 2.14223798, 48.88350799 ], [ 2.14221882, 48.8834788 ], [ 2.14216853, 48.88341081 ], [ 2.14210886, 48.883324670000015 ], [ 2.14208142, 48.88328527 ], [ 2.14202581, 48.88320896 ], [ 2.14195945, 48.88311495 ], [ 2.14194215, 48.88308902 ], [ 2.14188709, 48.88301227 ], [ 2.14183014, 48.8829347 ], [ 2.14177577, 48.88285777 ], [ 2.14174295, 48.88281401 ], [ 2.14167511, 48.88271855 ], [ 2.14162881, 48.882656969999985 ], [ 2.141595, 48.882607 ], [ 2.14156363, 48.88256558 ], [ 2.14151095, 48.882494060000013 ], [ 2.14142761, 48.88237961 ], [ 2.14138265, 48.88231921 ], [ 2.14137068, 48.882300600000022 ], [ 2.14135414, 48.88227862 ], [ 2.14134164, 48.88225884 ], [ 2.14133828, 48.8822563 ], [ 2.1413171, 48.88222584 ], [ 2.14130668, 48.88221236 ], [ 2.14126976, 48.88216074 ], [ 2.14121245, 48.88208047 ], [ 2.14120952, 48.882076220000016 ], [ 2.14119947, 48.88206554 ], [ 2.14117935, 48.88203688 ], [ 2.14115082, 48.88199711 ], [ 2.14109754, 48.88192046 ], [ 2.14109594, 48.88191874 ], [ 2.14104446, 48.881848130000016 ], [ 2.14103471, 48.88183619 ], [ 2.14099631, 48.88176976 ], [ 2.14052516, 48.88189636 ], [ 2.14057191, 48.88195878 ], [ 2.14060826, 48.88201192 ], [ 2.14063481, 48.88205582 ], [ 2.14061406, 48.882115210000016 ], [ 2.14064907, 48.882167170000017 ], [ 2.14066795, 48.88219636 ], [ 2.14071227, 48.88226197 ], [ 2.14070267, 48.88226559 ], [ 2.14050928, 48.88232499 ], [ 2.14045402, 48.88225238 ], [ 2.14040508, 48.88218548 ], [ 2.14037423, 48.88219578 ], [ 2.14037129, 48.88219681 ], [ 2.14025369, 48.88204388 ], [ 2.14020635, 48.88198232 ], [ 2.13949185, 48.88217457 ], [ 2.13947177, 48.88208884 ], [ 2.13938494, 48.881805989999982 ], [ 2.13959519, 48.88174995 ], [ 2.13949787, 48.88143357 ], [ 2.13947507, 48.88133473 ], [ 2.13942518, 48.88137696 ], [ 2.13935818, 48.88129668 ], [ 2.13931343, 48.88125714000001 ], [ 2.13930136, 48.88122792 ], [ 2.13927262, 48.88116044 ], [ 2.13925222, 48.88113196 ], [ 2.1392167, 48.8810782 ], [ 2.13919136, 48.881043930000011 ], [ 2.13915446, 48.88099941 ], [ 2.13907631, 48.88090946 ], [ 2.13905005, 48.88085675 ], [ 2.13909752, 48.88083937 ], [ 2.13904289, 48.88077 ], [ 2.13903275, 48.88075697 ], [ 2.13895305, 48.88065324 ], [ 2.13891676, 48.880604870000013 ], [ 2.1388807, 48.880559099999985 ], [ 2.13887443, 48.88055087 ], [ 2.13880371, 48.88045737 ], [ 2.13898144, 48.88039596 ], [ 2.13915151, 48.88033657 ], [ 2.13933199, 48.88027428 ], [ 2.1395495, 48.88019868 ], [ 2.13953389, 48.88017779 ], [ 2.13941531, 48.880026569999984 ], [ 2.1393325, 48.879921740000015 ], [ 2.13922684, 48.8797885 ], [ 2.13916301, 48.87970701 ], [ 2.13904027, 48.87955108 ], [ 2.1389373, 48.87942065 ], [ 2.13884048, 48.87929729 ], [ 2.13871016, 48.87913033 ], [ 2.13864337, 48.87904639 ], [ 2.13862747, 48.87902649 ], [ 2.13858835, 48.87897647 ], [ 2.13858474, 48.87897177 ], [ 2.13856302, 48.878934730000012 ], [ 2.13838005, 48.87894782 ], [ 2.13838013, 48.87891912 ], [ 2.13837279, 48.87858766 ], [ 2.13868934, 48.87858364 ], [ 2.13887599, 48.87858129 ], [ 2.13887657, 48.87855755 ], [ 2.13906868, 48.878558850000019 ], [ 2.13935188, 48.87856736 ], [ 2.13941096, 48.878569 ], [ 2.13940044, 48.87884678 ], [ 2.13958109, 48.87882791 ], [ 2.13979519, 48.878805549999989 ], [ 2.13992357, 48.87879298 ], [ 2.13999454, 48.87878616 ], [ 2.14013252, 48.8787729 ], [ 2.14053606, 48.87873241 ], [ 2.14054742, 48.87870051 ], [ 2.14056093, 48.87861679 ], [ 2.14056466, 48.87858911 ], [ 2.14056937, 48.87855146 ], [ 2.14057493, 48.87851229 ], [ 2.14058312, 48.87845416 ], [ 2.14059292, 48.87838912 ], [ 2.14059353, 48.878385160000015 ], [ 2.14061499, 48.87823279 ], [ 2.14066701, 48.87823721 ], [ 2.14088201, 48.87825548 ], [ 2.14092925, 48.87825969 ], [ 2.14102048, 48.87826772 ], [ 2.14110109, 48.878274500000011 ], [ 2.14131908, 48.87829306 ], [ 2.14132133, 48.87833894 ], [ 2.14154199, 48.8783363 ], [ 2.1415419, 48.87833369 ], [ 2.14167879, 48.87833368 ], [ 2.14175024, 48.87833384 ], [ 2.14174607, 48.87826456 ], [ 2.1417411, 48.8781771 ], [ 2.14173848, 48.87813742 ], [ 2.14173569, 48.87809162 ], [ 2.14186347, 48.87807419 ], [ 2.14191794, 48.87805372 ], [ 2.14217516, 48.87795879 ], [ 2.14212884, 48.87790702 ], [ 2.14210354, 48.87787815 ], [ 2.14206715, 48.877835889999986 ], [ 2.1420382, 48.87784656 ], [ 2.14200322, 48.87785935 ], [ 2.14191597, 48.87775926 ], [ 2.14170881, 48.877836460000012 ], [ 2.14161238, 48.87787103 ], [ 2.14140426, 48.87794859 ], [ 2.14136644, 48.87796005 ], [ 2.14116134, 48.87790341 ], [ 2.14090343, 48.877833210000013 ], [ 2.14066186, 48.87776402 ], [ 2.14053686, 48.877737039999985 ], [ 2.14059193, 48.87770506 ], [ 2.14070056, 48.87765008 ], [ 2.14098343, 48.877529800000012 ], [ 2.14106856, 48.877493540000017 ], [ 2.14124844, 48.87741748 ], [ 2.14140756, 48.87735763 ], [ 2.14137844, 48.877339359999986 ], [ 2.14130257, 48.87729313 ], [ 2.14119145, 48.87722686 ], [ 2.14106548, 48.877151220000016 ], [ 2.14099718, 48.87710936 ], [ 2.14093966, 48.877074770000014 ], [ 2.14073566, 48.87695216 ], [ 2.14065479, 48.87690319 ], [ 2.14051816, 48.87682145 ], [ 2.14039788, 48.876748280000015 ], [ 2.14022091, 48.87663989 ], [ 2.13996803, 48.8764886 ], [ 2.13979051, 48.87638085 ], [ 2.13965806, 48.87630147 ], [ 2.13954833, 48.87623395 ], [ 2.13940359, 48.87614765 ], [ 2.13927467, 48.87606947 ], [ 2.13917693, 48.87601067 ], [ 2.13912225, 48.87597763 ], [ 2.13907551, 48.87599273 ], [ 2.13904643, 48.87595379 ], [ 2.13894839, 48.87583832 ], [ 2.13890383, 48.87578728 ], [ 2.13885582, 48.87573072 ], [ 2.13875203, 48.87560874 ], [ 2.13863764, 48.87547688 ], [ 2.13849224, 48.87530676 ], [ 2.13847913, 48.87529164 ], [ 2.13853154, 48.87527179 ], [ 2.13860163, 48.87524684 ], [ 2.13863142, 48.87523473000001 ], [ 2.13797547, 48.87446807 ], [ 2.13795415, 48.87442983 ], [ 2.13823675, 48.87377322 ], [ 2.13827308, 48.87369016 ], [ 2.13833944, 48.8736726 ], [ 2.1388179, 48.87353826 ], [ 2.13888263, 48.873519880000011 ], [ 2.13893928, 48.87358581 ], [ 2.13908548, 48.87375547 ], [ 2.13926836, 48.87396771 ], [ 2.13965422, 48.874423540000016 ], [ 2.13971248, 48.87440187 ], [ 2.13981105, 48.87436922 ], [ 2.14002741, 48.8742963 ], [ 2.14011296, 48.87426787 ], [ 2.14030119, 48.874204919999983 ], [ 2.14073111, 48.87406258 ], [ 2.14084833, 48.87422162 ], [ 2.14096369, 48.87437803 ], [ 2.14058378, 48.874505709999987 ], [ 2.14076281, 48.87473652 ], [ 2.14081048, 48.8747972 ], [ 2.14021578, 48.87499331 ], [ 2.14015601, 48.87501516 ], [ 2.14020433, 48.87507136 ], [ 2.14056172, 48.87548703 ], [ 2.14057145, 48.875498290000024 ], [ 2.14085105, 48.87582168 ], [ 2.14154223, 48.8766211 ], [ 2.14159243, 48.876599460000016 ], [ 2.14181149, 48.87651982 ], [ 2.14188124, 48.87659821 ], [ 2.1419736, 48.87670292 ], [ 2.14198339, 48.87671262 ], [ 2.14204996, 48.87668575 ], [ 2.14217084, 48.87663994 ], [ 2.14239299, 48.87655457000001 ], [ 2.14237825, 48.876539440000016 ], [ 2.14232927, 48.87648315 ], [ 2.14229218, 48.87644197 ], [ 2.14222458, 48.8763654 ], [ 2.14233893, 48.87631846 ], [ 2.14245521, 48.87627073 ], [ 2.14258505, 48.876218410000021 ], [ 2.14274272, 48.87614921 ], [ 2.14292249, 48.87607064 ], [ 2.14307123, 48.8760056 ], [ 2.14326899, 48.87591897 ], [ 2.1433314, 48.8758909 ], [ 2.14353236, 48.8760884 ], [ 2.143728, 48.87629666 ], [ 2.14375963, 48.87633037 ], [ 2.14397858, 48.876563760000018 ], [ 2.14409787, 48.876519380000012 ], [ 2.14512542, 48.87613936 ], [ 2.1458361, 48.8758411 ], [ 2.14579588, 48.87580455 ], [ 2.14557822, 48.87558355 ], [ 2.14540089, 48.875663230000015 ], [ 2.14534645, 48.87560726000001 ], [ 2.14516452, 48.87568430000001 ], [ 2.14512724, 48.87564671 ], [ 2.14499589, 48.87550853 ], [ 2.14487815, 48.87538807 ], [ 2.14457146, 48.875507469999988 ], [ 2.14456294, 48.8755111 ], [ 2.14450802, 48.87553207 ], [ 2.14447196, 48.875497050000014 ], [ 2.14385768, 48.8748775 ], [ 2.14354408, 48.87454609 ], [ 2.14338865, 48.87438043 ], [ 2.14341751, 48.87436666 ], [ 2.1433754, 48.87432391 ], [ 2.14327163, 48.87421668 ], [ 2.14362204, 48.87408374 ], [ 2.14430791, 48.87382217 ], [ 2.14440297, 48.87392025 ], [ 2.14444664, 48.87396751 ] ], [ [ 2.13782106, 48.87280027 ], [ 2.13774845, 48.872714479999985 ], [ 2.13769734, 48.87265548 ], [ 2.13760523, 48.87254536 ], [ 2.13754472, 48.87247565 ], [ 2.13767681, 48.8723473 ], [ 2.13781434, 48.872440020000013 ], [ 2.13810609, 48.87260581 ], [ 2.13815639, 48.87266582 ], [ 2.13807971, 48.8727005 ], [ 2.13806461, 48.87270642 ], [ 2.13782106, 48.87280027 ] ], [ [ 2.13553305, 48.872806340000018 ], [ 2.13551724, 48.87278967 ], [ 2.13570799, 48.87273952 ], [ 2.13597475, 48.872669049999985 ], [ 2.13600526, 48.87266243 ], [ 2.13605525, 48.872648670000011 ], [ 2.13610524, 48.87263509 ], [ 2.1362916, 48.8725867 ], [ 2.13630454, 48.87260379 ], [ 2.13636059, 48.87266895 ], [ 2.1364504, 48.87277797 ], [ 2.13654983, 48.87289894 ], [ 2.13663177, 48.872998010000011 ], [ 2.13667577, 48.873049319999978 ], [ 2.13668352, 48.87305909 ], [ 2.13679675, 48.873030039999989 ], [ 2.13694132, 48.87299412 ], [ 2.1369558, 48.8729905 ], [ 2.13705039, 48.87291906 ], [ 2.13708425, 48.87289124 ], [ 2.13719156, 48.87280282 ], [ 2.13730523, 48.872707870000013 ], [ 2.13733829, 48.872679599999984 ], [ 2.1373783, 48.872729890000016 ], [ 2.13747414, 48.87284561 ], [ 2.13748634, 48.87285802000001 ], [ 2.13753846, 48.872921800000015 ], [ 2.1375965, 48.87299012 ], [ 2.1376469, 48.87305047 ], [ 2.13770788, 48.87312214 ], [ 2.13780869, 48.87324239 ], [ 2.13785161, 48.873293959999984 ], [ 2.13786955, 48.87331875000001 ], [ 2.13706067, 48.87351383 ], [ 2.13704578, 48.87349492 ], [ 2.13678149, 48.8731777 ], [ 2.13675143, 48.87314128 ], [ 2.13668886, 48.873186169999983 ], [ 2.13645227, 48.87334755 ], [ 2.13637136, 48.873260719999976 ], [ 2.13633818, 48.87322289 ], [ 2.13628806, 48.873162 ], [ 2.13603283, 48.87322815 ], [ 2.13590521, 48.873261129999982 ], [ 2.13587391, 48.87322484 ], [ 2.13577477, 48.87310253 ], [ 2.13568312, 48.87298963 ], [ 2.13565961, 48.87296041 ], [ 2.13561833, 48.872908940000016 ], [ 2.13553305, 48.872806340000018 ] ], [ [ 2.1351693, 48.87543434 ], [ 2.13520622, 48.87537831 ], [ 2.13528794, 48.875252 ], [ 2.13528361, 48.8752499 ], [ 2.13525297, 48.875141209999988 ], [ 2.13524786, 48.87512867 ], [ 2.13524474, 48.875117940000017 ], [ 2.13528569, 48.87511672 ], [ 2.13530173, 48.87517709 ], [ 2.13532492, 48.87525847 ], [ 2.13520319, 48.87544547000001 ], [ 2.1351693, 48.87543434 ] ], [ [ 2.13435574, 48.874431970000032 ], [ 2.13438372, 48.87442174000001 ], [ 2.13449231, 48.87437728 ], [ 2.13457249, 48.87434387 ], [ 2.13460119, 48.87433149 ], [ 2.13481734, 48.87423852000002 ], [ 2.13487272, 48.87421239 ], [ 2.1349414, 48.87418182 ], [ 2.13499714, 48.87415879 ], [ 2.13499428, 48.87415023 ], [ 2.1349975, 48.87412858 ], [ 2.13500395, 48.87410992 ], [ 2.1350135, 48.8740929 ], [ 2.13503351, 48.874070110000012 ], [ 2.13505094, 48.87405539 ], [ 2.13509232, 48.87403465 ], [ 2.13512546, 48.87402616 ], [ 2.13512169, 48.874014890000012 ], [ 2.13508628, 48.87394303 ], [ 2.13528293, 48.87389492 ], [ 2.1353371, 48.87387911 ], [ 2.1353789, 48.87395317 ], [ 2.13540157, 48.87395108 ], [ 2.13542448, 48.8739508 ], [ 2.13544395, 48.873950870000016 ], [ 2.13545025, 48.8739509 ], [ 2.13546736, 48.873954889999986 ], [ 2.13548796, 48.87396223 ], [ 2.1354063, 48.87400283 ], [ 2.13519776, 48.87410556 ], [ 2.13510978, 48.87414926 ], [ 2.13506305, 48.87417150000001 ], [ 2.13499859, 48.87420242 ], [ 2.13493677, 48.87422705 ], [ 2.13486651, 48.87425804 ], [ 2.13485471, 48.87430373 ], [ 2.13484632, 48.87429144 ], [ 2.13479823, 48.874288840000013 ], [ 2.13470249, 48.874331859999984 ], [ 2.13462161, 48.874366350000017 ], [ 2.13447304, 48.874429309999982 ], [ 2.13440263, 48.8744574 ], [ 2.13438241, 48.87446528 ], [ 2.13435429, 48.87447819 ], [ 2.13433135, 48.87448675000001 ], [ 2.13431779, 48.874508589999984 ], [ 2.13425295, 48.87460318 ], [ 2.13419097, 48.87469852000001 ], [ 2.13415304, 48.874707950000015 ], [ 2.13414563, 48.87471898 ], [ 2.13409726, 48.87479092 ], [ 2.13405293, 48.87485701 ], [ 2.13401086, 48.87484615000001 ], [ 2.13404888, 48.87479003 ], [ 2.13410326, 48.87470939 ], [ 2.13403043, 48.87459573 ], [ 2.13391289, 48.87463706 ], [ 2.1337844, 48.87468136 ], [ 2.13370408, 48.87470722 ], [ 2.13363816, 48.874727610000022 ], [ 2.13349224, 48.87477027 ], [ 2.13327957, 48.874825920000013 ], [ 2.13324988, 48.87483192 ], [ 2.13295782, 48.87489842 ], [ 2.13296958, 48.874920989999985 ], [ 2.13308491, 48.87515116 ], [ 2.13322453, 48.87542126 ], [ 2.13332003, 48.875622960000015 ], [ 2.13325103, 48.87563946 ], [ 2.13329556, 48.87572477 ], [ 2.13332031, 48.875737 ], [ 2.13341261, 48.87576195 ], [ 2.13375435, 48.87585682 ], [ 2.13386304, 48.87588699 ], [ 2.13392148, 48.87590334 ], [ 2.13392156, 48.87590324 ], [ 2.13413455, 48.87561658 ], [ 2.1342033, 48.87551793 ], [ 2.13423445, 48.875527950000013 ], [ 2.13430477, 48.875538260000013 ], [ 2.13437948, 48.87555463 ], [ 2.13440433, 48.87554483 ], [ 2.13445401, 48.8755254 ], [ 2.13465253, 48.87558269 ], [ 2.13476881, 48.87561662 ], [ 2.13478098, 48.87565601 ], [ 2.13478537, 48.87566207 ], [ 2.13493567, 48.87575786 ], [ 2.13495079, 48.875767410000023 ], [ 2.13504848, 48.87582882 ], [ 2.13513024, 48.87588104 ], [ 2.13526716, 48.87590424 ], [ 2.13534682, 48.875918220000017 ], [ 2.13555781, 48.87595608 ], [ 2.13562744, 48.87596692 ], [ 2.13568309, 48.875987189999989 ], [ 2.13563002, 48.87605904 ], [ 2.13565864, 48.87607525 ], [ 2.13567587, 48.87608014 ], [ 2.1359167, 48.87615167 ], [ 2.13598318, 48.87613074 ], [ 2.13601266, 48.87618609 ], [ 2.13605117, 48.87625661 ], [ 2.13614022, 48.876420389999986 ], [ 2.1361934, 48.87651836 ], [ 2.13617973, 48.876542980000018 ], [ 2.13587649, 48.8764631 ], [ 2.13585288, 48.87650538 ], [ 2.13578066, 48.87651106 ], [ 2.13577424, 48.87652001 ], [ 2.1357425, 48.87655126 ], [ 2.13578187, 48.876651550000012 ], [ 2.13580359, 48.8767072 ], [ 2.13580672, 48.87671531 ], [ 2.13582295, 48.87675635 ], [ 2.13586055, 48.87684872 ], [ 2.13586168, 48.87685271 ], [ 2.13586351, 48.87685917 ], [ 2.13587348, 48.87685834 ], [ 2.13589065, 48.87694085 ], [ 2.13591048, 48.87703632 ], [ 2.13592914, 48.87712747 ], [ 2.13593827, 48.87717235 ], [ 2.13595877, 48.8772732 ], [ 2.13598273, 48.87739047 ], [ 2.13601044, 48.87752809 ], [ 2.13603626, 48.877657069999977 ], [ 2.13606852, 48.87780812 ], [ 2.13608757, 48.87790072 ], [ 2.13609648, 48.877944610000014 ], [ 2.13593946, 48.87796008 ], [ 2.13585491, 48.87796885 ], [ 2.13571396, 48.87798346 ], [ 2.13557297, 48.87799785 ], [ 2.13556318, 48.877957099999989 ], [ 2.13554589, 48.87787369 ], [ 2.13549044, 48.87787905 ], [ 2.13546044, 48.877854100000015 ], [ 2.13545854, 48.877845719999975 ], [ 2.13542842, 48.87782023 ], [ 2.13538256, 48.87774894 ], [ 2.13525541, 48.87776979 ], [ 2.13523966, 48.87771616 ], [ 2.1351658, 48.87745086 ], [ 2.13512368, 48.87731079000001 ], [ 2.13485151, 48.87734417 ], [ 2.13452263, 48.87738514 ], [ 2.13449978, 48.87731662 ], [ 2.13444813, 48.87716678 ], [ 2.13438147, 48.87701026 ], [ 2.1343781, 48.87699962 ], [ 2.1343751, 48.87699159 ], [ 2.13452262, 48.876951020000014 ], [ 2.13459646, 48.876930420000015 ], [ 2.13462726, 48.87692282 ], [ 2.13462872, 48.87681059 ], [ 2.13463058, 48.87664953 ], [ 2.1346306, 48.876640170000016 ], [ 2.13463583, 48.87660292 ], [ 2.1345156, 48.87658565 ], [ 2.13447067, 48.87658173 ], [ 2.13440657, 48.87658306 ], [ 2.13427, 48.87659647 ], [ 2.13418214, 48.87661038 ], [ 2.13378318, 48.87668015 ], [ 2.13342078, 48.87674591 ], [ 2.13339871, 48.8766792 ], [ 2.13336622, 48.87658363 ], [ 2.13331526, 48.876532 ], [ 2.13328128, 48.876525460000018 ], [ 2.13317205, 48.87653456 ], [ 2.1328681, 48.87654544 ], [ 2.13285696, 48.87650152 ], [ 2.13285512, 48.87649701 ], [ 2.13283219, 48.87644945 ], [ 2.1327741, 48.876326980000016 ], [ 2.13272288, 48.87621752 ], [ 2.13266416, 48.87609217 ], [ 2.13261001, 48.87597837 ], [ 2.13258065, 48.8759161 ], [ 2.13241568, 48.87589872 ], [ 2.13237884, 48.87589841 ], [ 2.13239719, 48.87582205 ], [ 2.13240057, 48.87570066 ], [ 2.13239211, 48.87563585 ], [ 2.13234147, 48.87548349 ], [ 2.13228436, 48.87539224 ], [ 2.13213559, 48.875238270000011 ], [ 2.13200145, 48.8751441 ], [ 2.13194007, 48.875181 ], [ 2.13166598, 48.875256450000016 ], [ 2.13146136, 48.87531180000002 ], [ 2.13140052, 48.87524823 ], [ 2.13153662, 48.87518086 ], [ 2.1318081, 48.87500836 ], [ 2.13233572, 48.87468301 ], [ 2.13245528, 48.87462632 ], [ 2.13254462, 48.874583800000011 ], [ 2.13263378, 48.87455117 ], [ 2.13275845, 48.8745152 ], [ 2.13279841, 48.87458015 ], [ 2.13281134, 48.87460633 ], [ 2.1329433, 48.87486963 ], [ 2.13311798, 48.87482745 ], [ 2.13323282, 48.87480031 ], [ 2.13330059, 48.87478336 ], [ 2.13345509, 48.8747414 ], [ 2.13361086, 48.874696569999983 ], [ 2.13380409, 48.8746369 ], [ 2.1340006, 48.87456907 ], [ 2.13416454, 48.87450838 ], [ 2.13435574, 48.874431970000032 ] ], [ [ 2.13740647, 48.88460457 ], [ 2.13718764, 48.88466757 ], [ 2.13692665, 48.884279770000013 ], [ 2.13689832, 48.88422765 ], [ 2.13712786, 48.88387591 ], [ 2.13715252, 48.88392292 ], [ 2.13744493, 48.88434889 ], [ 2.13760967, 48.88429945 ], [ 2.13778527, 48.8845653 ], [ 2.13752555, 48.88464356 ], [ 2.13744869, 48.88466549 ], [ 2.13740647, 48.88460457 ] ] ], [ [ [ 2.14974369, 48.87938565000001 ], [ 2.14979265, 48.87931046 ], [ 2.15000772, 48.87899901 ], [ 2.15005648, 48.8789355 ], [ 2.15008657, 48.87890858 ], [ 2.15002492, 48.87888914 ], [ 2.14990703, 48.878885869999984 ], [ 2.1499012, 48.87888376 ], [ 2.14984569, 48.87881763 ], [ 2.14961971, 48.87889543 ], [ 2.14954691, 48.87891938 ], [ 2.14905573, 48.87908793 ], [ 2.14900674, 48.87910992 ], [ 2.14920678, 48.87932725 ], [ 2.14954234, 48.8796918 ], [ 2.14974369, 48.87938565000001 ] ] ], [ [ [ 2.15357492, 48.8815065 ], [ 2.15380448, 48.88146027 ], [ 2.15395607, 48.88142942 ], [ 2.1542092, 48.88137662 ], [ 2.1544378, 48.881330829999989 ], [ 2.15463882, 48.88128765 ], [ 2.15503965, 48.88120774 ], [ 2.15516725, 48.88118302 ], [ 2.15541774, 48.8811345 ], [ 2.15547565, 48.88112365 ], [ 2.15554043, 48.88111152 ], [ 2.15566394, 48.88108839 ], [ 2.15567847, 48.88109182 ], [ 2.15576645, 48.88107337 ], [ 2.15580989, 48.88106046 ], [ 2.15584293, 48.8810535 ], [ 2.15533555, 48.88023286 ], [ 2.15497065, 48.87961153 ], [ 2.15454671, 48.87893132 ], [ 2.15403412, 48.87825318 ], [ 2.15400766, 48.87827761 ], [ 2.15397196, 48.87827883 ], [ 2.15384837, 48.878188920000014 ], [ 2.15372434, 48.8781017 ], [ 2.15363323, 48.878062660000012 ], [ 2.1535222, 48.87810451 ], [ 2.15355024, 48.87813402 ], [ 2.15354921, 48.87813815 ], [ 2.15349191, 48.878207619999984 ], [ 2.15337722, 48.87834252 ], [ 2.15330787, 48.87842333 ], [ 2.15327077, 48.87845371 ], [ 2.15388548, 48.87884211 ], [ 2.15400386, 48.87894098000001 ], [ 2.15413278, 48.879063299999984 ], [ 2.15431774, 48.879260670000015 ], [ 2.15437904, 48.87934834 ], [ 2.15470747, 48.87986419 ], [ 2.15494687, 48.88023641 ], [ 2.15529211, 48.88080904 ], [ 2.15534123, 48.88089324 ], [ 2.15520055, 48.88093079 ], [ 2.15500378, 48.88097302 ], [ 2.15489923, 48.88099558 ], [ 2.15485914, 48.88100429 ], [ 2.15479332, 48.88101857 ], [ 2.15468359, 48.88104154 ], [ 2.15462543, 48.88105381 ], [ 2.15454084, 48.88088063 ], [ 2.15441633, 48.88091482 ], [ 2.15418718, 48.88097751 ], [ 2.15404034, 48.88101829 ], [ 2.15389311, 48.88105826000001 ], [ 2.15393975, 48.88115833 ], [ 2.15371963, 48.88120264 ], [ 2.15369603, 48.88115283 ], [ 2.153637, 48.88102596 ], [ 2.15357215, 48.880887900000012 ], [ 2.15353389, 48.88090157 ], [ 2.15344035, 48.880935 ], [ 2.15327385, 48.88099363 ], [ 2.15322288, 48.88094983 ], [ 2.15302243, 48.88103403 ], [ 2.15289844, 48.88108684 ], [ 2.1528604, 48.88110303 ], [ 2.15289292, 48.881132310000012 ], [ 2.1528419, 48.88115038 ], [ 2.1528249, 48.881156380000021 ], [ 2.15280199, 48.88116467 ], [ 2.15265248, 48.88121838 ], [ 2.1525632, 48.88125013 ], [ 2.15250078, 48.88127298 ], [ 2.1523436, 48.88132907 ], [ 2.15240897, 48.88146803 ], [ 2.15244164, 48.88153832 ], [ 2.15244442, 48.88154401 ], [ 2.15248197, 48.88162449 ], [ 2.15251412, 48.881693339999984 ], [ 2.15252296, 48.88171917 ], [ 2.15287789, 48.88164582 ], [ 2.15334481, 48.88155262 ], [ 2.15357492, 48.8815065 ] ] ], [ [ [ 2.15000399, 48.88020628 ], [ 2.14995265, 48.88022614 ], [ 2.14978799, 48.88028901 ], [ 2.14974984, 48.88030358000001 ], [ 2.14959011, 48.88036585 ], [ 2.14951917, 48.88039268 ], [ 2.14946098, 48.88041565000001 ], [ 2.14945467, 48.880418129999988 ], [ 2.14939854, 48.88043985 ], [ 2.14937123, 48.88045027 ], [ 2.14930138, 48.88047756000001 ], [ 2.14928039, 48.880485689999986 ], [ 2.14916594, 48.8805302 ], [ 2.1491437, 48.88053886 ], [ 2.14911255, 48.88055114 ], [ 2.14907684, 48.8805689 ], [ 2.1489514, 48.8803909 ], [ 2.14873869, 48.88014026 ], [ 2.14859776, 48.88000256 ], [ 2.14825142, 48.88008554 ], [ 2.14830803, 48.880151230000017 ], [ 2.14839209, 48.88026371 ], [ 2.14849045, 48.88039445 ], [ 2.14855319, 48.88047701 ], [ 2.14865383, 48.8806102 ], [ 2.14869922, 48.880669519999984 ], [ 2.14879893, 48.880801 ], [ 2.14889826, 48.88093076 ], [ 2.14894805, 48.8809965 ], [ 2.14897154, 48.88102742 ], [ 2.14900142, 48.88101846 ], [ 2.14905157, 48.88100353 ], [ 2.14912995, 48.8809798 ], [ 2.14920889, 48.880955899999982 ], [ 2.14926931, 48.880938170000015 ], [ 2.14930077, 48.88098228 ], [ 2.14934806, 48.881051050000018 ], [ 2.14942561, 48.88116196 ], [ 2.14953235, 48.88131407 ], [ 2.14958152, 48.88138439 ], [ 2.14963335, 48.88138323 ], [ 2.14976914, 48.88158565 ], [ 2.14992957, 48.88180966 ], [ 2.14998308, 48.88178656 ], [ 2.15004114, 48.88176359 ], [ 2.15012636, 48.88173047 ], [ 2.15014639, 48.88172278 ], [ 2.15020321, 48.881700699999989 ], [ 2.15037394, 48.88163338 ], [ 2.15031193, 48.88156432 ], [ 2.15024777, 48.88149336 ], [ 2.15019032, 48.8814291 ], [ 2.15013404, 48.88136853 ], [ 2.15020924, 48.881339659999988 ], [ 2.15026318, 48.881318189999988 ], [ 2.15030805, 48.88130088 ], [ 2.15042827, 48.88125397 ], [ 2.15064413, 48.88116998000001 ], [ 2.15075735, 48.88112563 ], [ 2.15079183, 48.88109825 ], [ 2.15066158, 48.88094899 ], [ 2.15021147, 48.88043331 ], [ 2.15014106, 48.88035348 ], [ 2.15000399, 48.88020628 ] ] ], [ [ [ 2.14131748, 48.88116874 ], [ 2.14132379, 48.88119127 ], [ 2.14132503, 48.88121529 ], [ 2.14135965, 48.88134046 ], [ 2.14141329, 48.88153618 ], [ 2.14142128, 48.88156421 ], [ 2.14143506, 48.88165185 ], [ 2.14155824, 48.881618789999983 ], [ 2.14193024, 48.88151713 ], [ 2.14197805, 48.88158034 ], [ 2.14220798, 48.8819018 ], [ 2.14189021, 48.88200367 ], [ 2.14184191, 48.882012949999989 ], [ 2.14239112, 48.88277606 ], [ 2.14243964, 48.88276423 ], [ 2.14294307, 48.88260856 ], [ 2.14286791, 48.88250235 ], [ 2.14281445, 48.8824284 ], [ 2.14280231, 48.88241167000001 ], [ 2.14275485, 48.88234595 ], [ 2.14265326, 48.88220501 ], [ 2.14257857, 48.88210357 ], [ 2.14257617, 48.88210023 ], [ 2.142477, 48.88196102 ], [ 2.14239028, 48.88184465 ], [ 2.14245173, 48.881823229999988 ], [ 2.14252634, 48.88179724 ], [ 2.14262055, 48.88176518 ], [ 2.14265743, 48.88175108 ], [ 2.142698, 48.88180638 ], [ 2.14269333, 48.88180851 ], [ 2.1427354, 48.88186205 ], [ 2.14274008, 48.88186802 ], [ 2.14281902, 48.88184376 ], [ 2.14283655, 48.88183921 ], [ 2.14279737, 48.88178416 ], [ 2.1426185, 48.881541760000012 ], [ 2.14253777, 48.88143389 ], [ 2.14249902, 48.88137238 ], [ 2.14245141, 48.88128749 ], [ 2.14240847, 48.88112134 ], [ 2.1423581, 48.880926 ], [ 2.14230796, 48.88073273 ], [ 2.14225734, 48.880535850000022 ], [ 2.14221454, 48.88036953 ], [ 2.14217151, 48.88020014 ], [ 2.14212982, 48.88004066 ], [ 2.14210179, 48.879929830000016 ], [ 2.14202075, 48.879609619999989 ], [ 2.14201819, 48.87959935 ], [ 2.14215316, 48.879576129999982 ], [ 2.14233174, 48.87954539 ], [ 2.14233121, 48.87953639 ], [ 2.14230434, 48.87942954 ], [ 2.14245368, 48.879369540000013 ], [ 2.14241003, 48.87929566 ], [ 2.14239331, 48.87926793 ], [ 2.14233522, 48.87916849 ], [ 2.14231824, 48.87909849 ], [ 2.14231225, 48.87906499000001 ], [ 2.14225993, 48.87898487 ], [ 2.14128356, 48.87981059 ], [ 2.14130755, 48.87991074 ], [ 2.141356, 48.880064969999985 ], [ 2.141373, 48.88011734 ], [ 2.14137576, 48.88012384 ], [ 2.14138998, 48.88017115 ], [ 2.14144271, 48.880338900000012 ], [ 2.14151634, 48.880570559999988 ], [ 2.14151944, 48.88058075 ], [ 2.14152799, 48.88060815 ], [ 2.14153498, 48.880631050000012 ], [ 2.14119458, 48.880666830000017 ], [ 2.14117632, 48.88060014 ], [ 2.14116072, 48.880603179999987 ], [ 2.14118058, 48.88067257 ], [ 2.14120516, 48.88076133 ], [ 2.14122074, 48.8808173 ], [ 2.14122241, 48.88082297 ], [ 2.14124827, 48.88091687 ], [ 2.14126179, 48.880965350000011 ], [ 2.14130911, 48.881139 ], [ 2.14131748, 48.88116874 ] ] ], [ [ [ 2.14489726, 48.88338428 ], [ 2.14489879, 48.88339077 ], [ 2.14498903, 48.88337595 ], [ 2.14500506, 48.88341293 ], [ 2.14501185, 48.88341130000002 ], [ 2.145025, 48.88340814 ], [ 2.14525451, 48.883352929999987 ], [ 2.14545989, 48.883302050000012 ], [ 2.14575478, 48.88323027 ], [ 2.1458364, 48.883210400000017 ], [ 2.1462369, 48.88311136 ], [ 2.14647457, 48.883054060000013 ], [ 2.14669278, 48.88300255 ], [ 2.14697018, 48.88293375 ], [ 2.1471633, 48.88288629 ], [ 2.14718144, 48.88288183 ], [ 2.14727521, 48.88286001 ], [ 2.14769002, 48.882760800000014 ], [ 2.14776563, 48.88274884 ], [ 2.14776713, 48.88274855 ], [ 2.14803034, 48.88269739 ], [ 2.14841923, 48.88262093 ], [ 2.14847755, 48.882609470000013 ], [ 2.14897415, 48.88251182 ], [ 2.14904263, 48.8824984 ], [ 2.14901844, 48.88247167 ], [ 2.14891662, 48.88236086 ], [ 2.14891407, 48.88235815 ], [ 2.14887306, 48.88231415 ], [ 2.14880672, 48.882243440000011 ], [ 2.14876409, 48.88219807 ], [ 2.14866171, 48.882088349999989 ], [ 2.14861668, 48.88204009 ], [ 2.14852137, 48.88193958 ], [ 2.14841939, 48.88183004 ], [ 2.14835855, 48.88176476000001 ], [ 2.1483556, 48.881761589999989 ], [ 2.14822403, 48.8816182 ], [ 2.14802384, 48.88140255 ], [ 2.14792051, 48.88129227 ], [ 2.14781786, 48.88118182 ], [ 2.14776786, 48.88112948 ], [ 2.14780111, 48.88111416 ], [ 2.14775016, 48.88105264 ], [ 2.14767301, 48.88095946 ], [ 2.14757595, 48.88084086 ], [ 2.14749423, 48.88074333 ], [ 2.14748973, 48.88073511 ], [ 2.14747193, 48.88071475 ], [ 2.14731436, 48.880768760000016 ], [ 2.14725659, 48.88078773 ], [ 2.14714468, 48.880638850000011 ], [ 2.14699388, 48.88043812 ], [ 2.14698884, 48.88043147 ], [ 2.14694449, 48.88037302 ], [ 2.14665356, 48.880439059999986 ], [ 2.14657888, 48.88035854 ], [ 2.14631064, 48.88005202 ], [ 2.14633302, 48.880042640000013 ], [ 2.14622406, 48.87991874 ], [ 2.14655207, 48.879789510000016 ], [ 2.1465566, 48.87978765 ], [ 2.14673506, 48.87971446 ], [ 2.14686253, 48.87966211 ], [ 2.1467977, 48.87959493000001 ], [ 2.14670173, 48.87962662000001 ], [ 2.1466321, 48.87963242 ], [ 2.14659266, 48.87962584 ], [ 2.14655336, 48.87961117 ], [ 2.14649289, 48.879556779999987 ], [ 2.14632104, 48.87939277 ], [ 2.14624854, 48.87932391 ], [ 2.14623007, 48.879286 ], [ 2.14622409, 48.87923469 ], [ 2.14614242, 48.87922602 ], [ 2.14610553, 48.87923025 ], [ 2.1460644, 48.87924435 ], [ 2.14601457, 48.87926010000001 ], [ 2.14599062, 48.87923645 ], [ 2.14593892, 48.87926297 ], [ 2.1457949, 48.87931428 ], [ 2.14565556, 48.87914736 ], [ 2.14568644, 48.879135259999984 ], [ 2.14560789, 48.87904413 ], [ 2.14560454, 48.87904069 ], [ 2.14559879, 48.87903372 ], [ 2.14558661, 48.87901979 ], [ 2.14551555, 48.87893789000001 ], [ 2.14549921, 48.87891960000001 ], [ 2.14542689, 48.87883976 ], [ 2.14537561, 48.878782469999983 ], [ 2.14532204, 48.878723 ], [ 2.14529272, 48.87868987 ], [ 2.14525308, 48.87864529 ], [ 2.14493558, 48.87873355 ], [ 2.14285883, 48.87931767 ], [ 2.1429421, 48.879294250000029 ], [ 2.14297447, 48.87934179 ], [ 2.14322295, 48.87968766 ], [ 2.14324939, 48.87972149 ], [ 2.14340201, 48.879918370000013 ], [ 2.14317182, 48.88000234 ], [ 2.1432924, 48.88014072 ], [ 2.14338569, 48.880247059999988 ], [ 2.14347806, 48.880351769999983 ], [ 2.14348154, 48.88035576 ], [ 2.14363077, 48.88052653 ], [ 2.14364844, 48.88054671 ], [ 2.14356585, 48.88057733 ], [ 2.14361377, 48.88063172 ], [ 2.14363652, 48.88065761 ], [ 2.14370319, 48.88073318 ], [ 2.143795, 48.88083852 ], [ 2.14383288, 48.88088178 ], [ 2.1438812, 48.88093699 ], [ 2.14390261, 48.880961509999985 ], [ 2.14395663, 48.88103189000001 ], [ 2.14523394, 48.88074304 ], [ 2.14545785, 48.88097487000001 ], [ 2.1456667, 48.8812111 ], [ 2.14572798, 48.88127961 ], [ 2.14573633, 48.88128894 ], [ 2.1459573, 48.88153424 ], [ 2.14597359, 48.881552799999987 ], [ 2.14594934, 48.88156224 ], [ 2.14554429, 48.881698660000019 ], [ 2.14546434, 48.881726420000014 ], [ 2.14549326, 48.881759 ], [ 2.14503569, 48.881904489999989 ], [ 2.1447311, 48.88200133 ], [ 2.14465215, 48.88202631 ], [ 2.14460862, 48.8819664 ], [ 2.1446062, 48.881966580000011 ], [ 2.14447641, 48.8820077 ], [ 2.14421635, 48.88209182 ], [ 2.14409159, 48.882132289999987 ], [ 2.14402836, 48.88215068 ], [ 2.14397358, 48.88207865 ], [ 2.14403303, 48.8820611 ], [ 2.1445119, 48.88190569 ], [ 2.14457028, 48.881888390000015 ], [ 2.14454962, 48.8818592 ], [ 2.14454272, 48.88184782 ], [ 2.1447633, 48.88177609 ], [ 2.14486792, 48.88174114000001 ], [ 2.14484432, 48.88170868000001 ], [ 2.14493136, 48.88168097 ], [ 2.14497605, 48.881666809999984 ], [ 2.14531138, 48.88155787 ], [ 2.14517715, 48.88141157 ], [ 2.14515879, 48.88141684 ], [ 2.145092, 48.88133173 ], [ 2.14500471, 48.881358 ], [ 2.1448209, 48.881416050000013 ], [ 2.14483331, 48.88143241 ], [ 2.14457627, 48.88151521 ], [ 2.14449786, 48.8815401 ], [ 2.14423467, 48.88162410000001 ], [ 2.14422334, 48.88160828 ], [ 2.14412465, 48.88163915 ], [ 2.14403172, 48.88166825 ], [ 2.14390715, 48.88149846 ], [ 2.14378983, 48.88133547 ], [ 2.14374087, 48.8812692 ], [ 2.14370115, 48.881213690000024 ], [ 2.14367072, 48.88117381 ], [ 2.14362429, 48.881107050000011 ], [ 2.14329316, 48.88118064 ], [ 2.143703, 48.881715449999987 ], [ 2.14356638, 48.88176814 ], [ 2.14333778, 48.88185008 ], [ 2.14294498, 48.88198703 ], [ 2.14303513, 48.88211089 ], [ 2.14309051, 48.88218449 ], [ 2.14307323, 48.88219048 ], [ 2.14299353, 48.882218869999988 ], [ 2.1430289, 48.882265709999984 ], [ 2.14305826, 48.882304499999989 ], [ 2.14322727, 48.88253325 ], [ 2.14324126, 48.88255287 ], [ 2.1432466, 48.88255146 ], [ 2.14331201, 48.88252954 ], [ 2.14331995, 48.88252744 ], [ 2.14333834, 48.882520820000011 ], [ 2.14336794, 48.88256178 ], [ 2.14340676, 48.88261395 ], [ 2.14343812, 48.8826559 ], [ 2.14347411, 48.88270607 ], [ 2.14350104, 48.88274341 ], [ 2.14353067, 48.88278229 ], [ 2.14355774, 48.88281981 ], [ 2.14357482, 48.88284278 ], [ 2.14363817, 48.88292894 ], [ 2.14367166, 48.88297414 ], [ 2.14369156, 48.88299938 ], [ 2.14370985, 48.883023159999986 ], [ 2.14375455, 48.883083289999988 ], [ 2.14378653, 48.88312857 ], [ 2.14380425, 48.88315352 ], [ 2.14383639, 48.883198 ], [ 2.14384331, 48.88320839 ], [ 2.14387189, 48.8832452 ], [ 2.14390296, 48.8832876 ], [ 2.14377568, 48.88333238 ], [ 2.14369089, 48.883363429999989 ], [ 2.14366469, 48.88337305 ], [ 2.14370466, 48.88342208 ], [ 2.14373091, 48.88345905 ], [ 2.14379915, 48.88354704000001 ], [ 2.1438357, 48.88359659 ], [ 2.14422382, 48.8835204 ], [ 2.14438308, 48.88348871 ], [ 2.14450007, 48.88346464 ], [ 2.14467956, 48.88342923 ], [ 2.14489726, 48.88338428 ] ], [ [ 2.14585296, 48.88052136 ], [ 2.14577187, 48.88042743 ], [ 2.14573, 48.880378030000017 ], [ 2.14567876, 48.88031821 ], [ 2.14546339, 48.880064320000017 ], [ 2.14536785, 48.879953010000015 ], [ 2.14525798, 48.879826499999979 ], [ 2.14515199, 48.879704150000016 ], [ 2.14510413, 48.87964625 ], [ 2.14506234, 48.87960009 ], [ 2.1453063, 48.8795163 ], [ 2.14531795, 48.87951224 ], [ 2.14539407, 48.87948563 ], [ 2.14537256, 48.8795415 ], [ 2.14543184, 48.8796101 ], [ 2.14546998, 48.879654350000017 ], [ 2.14551402, 48.87970413 ], [ 2.14557465, 48.879773720000017 ], [ 2.14567754, 48.879893439999989 ], [ 2.14579094, 48.88002951 ], [ 2.14590843, 48.88016588 ], [ 2.14593345, 48.88019493 ], [ 2.14596127, 48.88022823 ], [ 2.14598844, 48.88025936 ], [ 2.14603716, 48.88031483 ], [ 2.14610273, 48.88039121 ], [ 2.14615557, 48.880453549999977 ], [ 2.14621168, 48.88053936 ], [ 2.14613013, 48.88055787 ], [ 2.1459208, 48.88060045 ], [ 2.14585296, 48.88052136 ] ], [ [ 2.14439263, 48.88250912 ], [ 2.14454035, 48.88246485 ], [ 2.14456227, 48.88245916000001 ], [ 2.14469068, 48.88241987 ], [ 2.14469397, 48.88241909 ], [ 2.14476511, 48.88239675 ], [ 2.14490599, 48.882354499999984 ], [ 2.14514184, 48.88228307 ], [ 2.14527599, 48.88224337 ], [ 2.14536893, 48.88221409 ], [ 2.1454351, 48.8821954 ], [ 2.1454839, 48.88217992 ], [ 2.14572413, 48.88210762 ], [ 2.14603507, 48.88201379 ], [ 2.14622925, 48.88195591 ], [ 2.1462816, 48.88193991 ], [ 2.14630612, 48.88193152 ], [ 2.14647937, 48.88212884 ], [ 2.14649275, 48.88214334 ], [ 2.14646695, 48.8821542 ], [ 2.14604544, 48.882279710000013 ], [ 2.1455824, 48.88241788 ], [ 2.14522938, 48.88252445 ], [ 2.1450726, 48.88257207 ], [ 2.14494845, 48.88260851 ], [ 2.14490762, 48.882620539999984 ], [ 2.14456569, 48.88272395 ], [ 2.14450717, 48.88274256 ], [ 2.14433597, 48.882529370000022 ], [ 2.14439263, 48.88250912 ] ] ], [ [ [ 2.11924818, 48.887369390000018 ], [ 2.1192096, 48.887356400000016 ], [ 2.1191775, 48.88734339 ], [ 2.11897094, 48.88725976 ], [ 2.1188332, 48.88720317 ], [ 2.11863233, 48.887121650000012 ], [ 2.11862069, 48.88713281 ], [ 2.11846195, 48.88706787 ], [ 2.11844317, 48.88708986 ], [ 2.11843954, 48.88709505 ], [ 2.11843008, 48.88710613 ], [ 2.11830952, 48.8872352 ], [ 2.11821658, 48.88733587 ], [ 2.11821098, 48.88733583 ], [ 2.11818528, 48.8873637 ], [ 2.11806347, 48.88749429 ], [ 2.11794374, 48.88762237 ], [ 2.11804708, 48.88766442 ], [ 2.11829178, 48.88776694 ], [ 2.11846256, 48.8878379 ], [ 2.11858822, 48.88789072 ], [ 2.11869182, 48.88793366 ], [ 2.1187139, 48.88794264 ], [ 2.11873786, 48.88795325 ], [ 2.1188125, 48.887983120000015 ], [ 2.11889771, 48.88801684000002 ], [ 2.11897454, 48.888046540000012 ], [ 2.11902437, 48.88806655 ], [ 2.1190589, 48.887953090000018 ], [ 2.11917477, 48.887577390000011 ], [ 2.11921373, 48.88747990000001 ], [ 2.11924818, 48.887369390000018 ] ] ] ] } },
{ "type": "Feature", "properties": { "libelle": "Na", "libelong": "Secteur Na : secteur destiné à protéger les terrains ou sites frappés d'une protection de la nappe aquifère", "typezone": "N", "surface_ha": 51.1, "mailles": 31, "part_mailles_prioritaires": 0.0, "score_sante_moyen": 4.8, "score_climat_moyen": 5.8 }, "geometry": { "type": "MultiPolygon", "coordinates": [ [ [ [ 2.13734683, 48.87133202 ], [ 2.13735839, 48.871405170000024 ], [ 2.13737296, 48.871471080000013 ], [ 2.13709753, 48.87146579 ], [ 2.13686525, 48.871455400000016 ], [ 2.13681457, 48.871453139999986 ], [ 2.1367861, 48.87144957000001 ], [ 2.13670602, 48.87210467 ], [ 2.1374349, 48.872136 ], [ 2.13753154, 48.87214569 ], [ 2.13765942, 48.87214511 ], [ 2.13764358, 48.87188389 ], [ 2.13770959, 48.87124006 ], [ 2.13776248, 48.87087035 ], [ 2.13771551, 48.87083332 ], [ 2.13771957, 48.870791400000016 ], [ 2.13734453, 48.87078447 ], [ 2.13734668, 48.870823300000019 ], [ 2.13734842, 48.87085469 ], [ 2.13730868, 48.87094883 ], [ 2.13732013, 48.87116297 ], [ 2.13734683, 48.87133202 ] ] ], [ [ [ 2.13678149, 48.8731777 ], [ 2.13704578, 48.87349492 ], [ 2.13706067, 48.87351383 ], [ 2.13786955, 48.87331875000001 ], [ 2.13785161, 48.873293959999984 ], [ 2.13780869, 48.87324239 ], [ 2.13770788, 48.87312214 ], [ 2.1376469, 48.87305047 ], [ 2.1375965, 48.87299012 ], [ 2.13753846, 48.872921800000015 ], [ 2.13748634, 48.87285802000001 ], [ 2.13747414, 48.87284561 ], [ 2.1373783, 48.872729890000016 ], [ 2.13733829, 48.872679599999984 ], [ 2.13730523, 48.872707870000013 ], [ 2.13719156, 48.87280282 ], [ 2.13708425, 48.87289124 ], [ 2.13705039, 48.87291906 ], [ 2.1369558, 48.8729905 ], [ 2.13694132, 48.87299412 ], [ 2.13679675, 48.873030039999989 ], [ 2.13668352, 48.87305909 ], [ 2.13667577, 48.873049319999978 ], [ 2.13663177, 48.872998010000011 ], [ 2.13654983, 48.87289894 ], [ 2.1364504, 48.87277797 ], [ 2.13636059, 48.87266895 ], [ 2.13630454, 48.87260379 ], [ 2.1362916, 48.8725867 ], [ 2.13610524, 48.87263509 ], [ 2.13605525, 48.872648670000011 ], [ 2.13600526, 48.87266243 ], [ 2.13597475, 48.872669049999985 ], [ 2.13570799, 48.87273952 ], [ 2.13551724, 48.87278967 ], [ 2.13553305, 48.872806340000018 ], [ 2.13561833, 48.872908940000016 ], [ 2.13565961, 48.87296041 ], [ 2.13568312, 48.87298963 ], [ 2.13577477, 48.87310253 ], [ 2.13587391, 48.87322484 ], [ 2.13590521, 48.873261129999982 ], [ 2.13603283, 48.87322815 ], [ 2.13628806, 48.873162 ], [ 2.13633818, 48.87322289 ], [ 2.13637136, 48.873260719999976 ], [ 2.13645227, 48.87334755 ], [ 2.13668886, 48.873186169999983 ], [ 2.13675143, 48.87314128 ], [ 2.13678149, 48.8731777 ] ] ], [ [ [ 2.1289403, 48.8738948 ], [ 2.12900788, 48.87401978 ], [ 2.12901304, 48.87402933 ], [ 2.12953443, 48.87497476 ], [ 2.12968704, 48.87530683 ], [ 2.13026631, 48.87515545 ], [ 2.13027178, 48.87515459 ], [ 2.13069479, 48.87505244 ], [ 2.13067458, 48.87503513 ], [ 2.13051385, 48.87473586 ], [ 2.13090261, 48.87465805 ], [ 2.13079843, 48.87446276 ], [ 2.13074073, 48.8743501 ], [ 2.13070147, 48.874276160000022 ], [ 2.13064877, 48.874174690000011 ], [ 2.13060937, 48.87410056 ], [ 2.13059659, 48.87407421 ], [ 2.13058259, 48.87404695 ], [ 2.13051893, 48.87392381 ], [ 2.1304274, 48.87374696 ], [ 2.13033744, 48.87357372 ], [ 2.13031803, 48.87352798 ], [ 2.13004133, 48.87360512 ], [ 2.12986464, 48.8736533 ], [ 2.1294419, 48.87376361 ], [ 2.12923201, 48.873417560000014 ], [ 2.1290209, 48.87346962 ], [ 2.12879543, 48.87352446 ], [ 2.12874671, 48.87353602 ], [ 2.12884172, 48.87371214 ], [ 2.1288418, 48.873712169999983 ], [ 2.1289403, 48.8738948 ] ] ], [ [ [ 2.14076281, 48.87473652 ], [ 2.14058378, 48.874505709999987 ], [ 2.14096369, 48.87437803 ], [ 2.14084833, 48.87422162 ], [ 2.14073111, 48.87406258 ], [ 2.14030119, 48.874204919999983 ], [ 2.14011296, 48.87426787 ], [ 2.14002741, 48.8742963 ], [ 2.13981105, 48.87436922 ], [ 2.13971248, 48.87440187 ], [ 2.13965422, 48.874423540000016 ], [ 2.13967892, 48.87445272 ], [ 2.14014701, 48.87500469 ], [ 2.14015601, 48.87501516 ], [ 2.14021578, 48.87499331 ], [ 2.14081048, 48.8747972 ], [ 2.14076281, 48.87473652 ] ] ], [ [ [ 2.1283824, 48.87738088 ], [ 2.12894182, 48.876869170000013 ], [ 2.12954648, 48.87632559 ], [ 2.12960959, 48.87626839 ], [ 2.12961462, 48.87626383 ], [ 2.12956417, 48.87624606 ], [ 2.12945384, 48.87620719 ], [ 2.12934746, 48.87618309 ], [ 2.12924465, 48.8761598 ], [ 2.12918895, 48.87614771 ], [ 2.12896684, 48.876139790000011 ], [ 2.12873582, 48.87617499000001 ], [ 2.12866322, 48.87619514 ], [ 2.12852859, 48.87625532 ], [ 2.12846535, 48.876286339999986 ], [ 2.12836611, 48.87635037 ], [ 2.12821438, 48.87645449 ], [ 2.12797964, 48.876630850000012 ], [ 2.12792271, 48.87666702 ], [ 2.12788868, 48.87668865 ], [ 2.12746507, 48.87698775 ], [ 2.12711584, 48.877242420000023 ], [ 2.12680396, 48.87746498 ], [ 2.1266865, 48.87755766 ], [ 2.12665015, 48.87761135 ], [ 2.1266093, 48.8776893 ], [ 2.12660269, 48.87770306 ], [ 2.12643411, 48.87805406 ], [ 2.12636367, 48.87818847 ], [ 2.12636227, 48.878191140000013 ], [ 2.12634006, 48.87821436 ], [ 2.12632545, 48.878235530000019 ], [ 2.12630782, 48.87824119 ], [ 2.12628158, 48.87823722 ], [ 2.12629259, 48.87828057 ], [ 2.12628384, 48.87831575 ], [ 2.12626585, 48.878388129999983 ], [ 2.12626335, 48.87839817 ], [ 2.12624762, 48.878441219999978 ], [ 2.12623165, 48.87849957 ], [ 2.12622265, 48.87854807 ], [ 2.12622045, 48.87857049 ], [ 2.12621772, 48.878598390000015 ], [ 2.12621843, 48.87863707 ], [ 2.12622574, 48.87868929 ], [ 2.1262454, 48.878736200000013 ], [ 2.12627058, 48.87877955 ], [ 2.12630553, 48.87880948 ], [ 2.12637299, 48.87885225 ], [ 2.12642717, 48.87887423 ], [ 2.12650596, 48.87889189 ], [ 2.1265182, 48.87889378 ], [ 2.12656215, 48.87890137 ], [ 2.12656714, 48.878902229999987 ], [ 2.12662625, 48.87891116 ], [ 2.12662971, 48.87891168 ], [ 2.12665689, 48.87891727 ], [ 2.12667702, 48.87892617 ], [ 2.12687274, 48.87875426 ], [ 2.12757172, 48.87811821 ], [ 2.1283824, 48.87738088 ] ] ], [ [ [ 2.11843881, 48.888467359999986 ], [ 2.11837394, 48.88844008 ], [ 2.11826141, 48.88839267 ], [ 2.11792487, 48.88825322000001 ], [ 2.11738312, 48.88803078 ], [ 2.11694813, 48.8878504 ], [ 2.11651626, 48.88767103 ], [ 2.11599351, 48.8874551 ], [ 2.11563881, 48.88730921 ], [ 2.11548199, 48.88724411 ], [ 2.11566358, 48.88705515 ], [ 2.1156944, 48.887023 ], [ 2.11597416, 48.88714081000002 ], [ 2.11619014, 48.88723171 ], [ 2.11640732, 48.887323879999975 ], [ 2.11658132, 48.8873972 ], [ 2.11678877, 48.88748462 ], [ 2.11715901, 48.88763925 ], [ 2.11745535, 48.887760059999984 ], [ 2.11750258, 48.88777951 ], [ 2.11752534, 48.88778889 ], [ 2.11771485, 48.88786693 ], [ 2.11772622, 48.88785559 ], [ 2.11784499, 48.88772786 ], [ 2.11794374, 48.88762237 ], [ 2.11806347, 48.88749429 ], [ 2.11818528, 48.8873637 ], [ 2.11821098, 48.88733583 ], [ 2.11805456, 48.88727163 ], [ 2.11804995, 48.88726971 ], [ 2.11785196, 48.88718758 ], [ 2.11743848, 48.8870177 ], [ 2.11733974, 48.88697785 ], [ 2.1170945, 48.88687532 ], [ 2.11647637, 48.88662227 ], [ 2.11626292, 48.886535340000016 ], [ 2.11604393, 48.88644496 ], [ 2.11568828, 48.88629943 ], [ 2.11577688, 48.88620601 ], [ 2.11592251, 48.88605419000001 ], [ 2.1161029, 48.88612864 ], [ 2.11625824, 48.88619212 ], [ 2.11634329, 48.88622737 ], [ 2.11642103, 48.88614637 ], [ 2.11647934, 48.88608547 ], [ 2.1166575, 48.88589711 ], [ 2.11669069, 48.88586237 ], [ 2.11669709, 48.88585486 ], [ 2.11670111, 48.88585111 ], [ 2.11620575, 48.88563919 ], [ 2.11651993, 48.88533144 ], [ 2.11699176, 48.885543249999976 ], [ 2.11943167, 48.88656364 ], [ 2.11944249, 48.886568750000016 ], [ 2.11948735, 48.88658616 ], [ 2.11950279, 48.8865352 ], [ 2.11953202, 48.8864355 ], [ 2.11963415, 48.88608163 ], [ 2.11966476, 48.88598944 ], [ 2.11966588, 48.88598606 ], [ 2.11963492, 48.88597603 ], [ 2.11942252, 48.88588057 ], [ 2.11737888, 48.88501337 ], [ 2.11698238, 48.88484511 ], [ 2.11748824, 48.88425322 ], [ 2.11801938, 48.883637920000012 ], [ 2.11937239, 48.8841899 ], [ 2.12031868, 48.884584300000014 ], [ 2.12037379, 48.884607179999989 ], [ 2.12041503, 48.88462506 ], [ 2.12097224, 48.884102990000017 ], [ 2.12162127, 48.88351796 ], [ 2.12257651, 48.88266114 ], [ 2.12368338, 48.881640650000023 ], [ 2.12489161, 48.880549210000012 ], [ 2.12548079, 48.88001517 ], [ 2.12548054, 48.880014370000012 ], [ 2.1254384, 48.87999804 ], [ 2.12541831, 48.87998981 ], [ 2.12539479, 48.879980179999976 ], [ 2.12522091, 48.879908760000014 ], [ 2.1250473, 48.87983716 ], [ 2.12500275, 48.87981885 ], [ 2.12480788, 48.87973846 ], [ 2.12458051, 48.87964462 ], [ 2.12445254, 48.87959206 ], [ 2.12440094, 48.87957099 ], [ 2.12418251, 48.87948099 ], [ 2.1241301, 48.87945938 ], [ 2.12381513, 48.87932901 ], [ 2.12355391, 48.87922133 ], [ 2.12328484, 48.87911063 ], [ 2.12325681, 48.879099 ], [ 2.12314428, 48.879052309999985 ], [ 2.12297068, 48.87898053 ], [ 2.12262702, 48.8788378 ], [ 2.12244069, 48.8787608 ], [ 2.1223069, 48.87870532 ], [ 2.12224096, 48.8786783 ], [ 2.12200859, 48.87858244 ], [ 2.1217731, 48.878485740000016 ], [ 2.12153936, 48.87839004 ], [ 2.12146531, 48.87835838 ], [ 2.1213165, 48.87829658 ], [ 2.12116877, 48.8782356 ], [ 2.1211142, 48.8782128 ], [ 2.12091529, 48.87813049 ], [ 2.12083479, 48.87809175 ], [ 2.12070374, 48.878214609999986 ], [ 2.12053998, 48.87832684 ], [ 2.12035356, 48.87850341 ], [ 2.12006966, 48.87870061000001 ], [ 2.11975285, 48.8789296 ], [ 2.11941919, 48.87919761 ], [ 2.1192704, 48.87938157 ], [ 2.1190468, 48.87952227 ], [ 2.11893146, 48.87964242000001 ], [ 2.11884795, 48.87979483 ], [ 2.11867758, 48.87997863 ], [ 2.11851865, 48.88012337 ], [ 2.11841428, 48.88023292 ], [ 2.11829451, 48.88029609 ], [ 2.11813103, 48.88039098 ], [ 2.11799902, 48.880539470000016 ], [ 2.11787762, 48.88069872 ], [ 2.11772966, 48.88083286 ], [ 2.11753872, 48.88095601 ], [ 2.11738561, 48.881075870000018 ], [ 2.11725947, 48.88119594 ], [ 2.11692118, 48.88141764 ], [ 2.11672963, 48.88157637 ], [ 2.11661368, 48.8817321 ], [ 2.11650336, 48.88187364 ], [ 2.11630976, 48.88215334 ], [ 2.11612822, 48.88235841 ], [ 2.11599025, 48.88253889 ], [ 2.11590721, 48.88266283 ], [ 2.11565699, 48.8830987 ], [ 2.11550727, 48.88333603 ], [ 2.11521352, 48.88379293 ], [ 2.11499851, 48.8840618 ], [ 2.11477803, 48.884334190000011 ], [ 2.11423918, 48.88492451 ], [ 2.11394286, 48.88521413 ], [ 2.11320707, 48.88595957 ], [ 2.11289849, 48.88633451 ], [ 2.11264587, 48.88659242 ], [ 2.11254117, 48.88671976 ], [ 2.11218396, 48.88709789 ], [ 2.11189823, 48.88739826 ], [ 2.11155689, 48.88779431 ], [ 2.1114745, 48.8878791 ], [ 2.11143018, 48.88793128 ], [ 2.1114383, 48.88793471 ], [ 2.11148438, 48.88795414 ], [ 2.11195448, 48.88815441 ], [ 2.11240335, 48.88834363 ], [ 2.11243829, 48.88835837 ], [ 2.11284463, 48.88853046 ], [ 2.11333346, 48.88873652 ], [ 2.11350353, 48.88880856 ], [ 2.11383487, 48.88894853 ], [ 2.11394803, 48.88899892 ], [ 2.11445161, 48.88921165 ], [ 2.11458632, 48.88926985 ], [ 2.11470628, 48.88932158 ], [ 2.11472808, 48.88933097 ], [ 2.11521925, 48.88953615 ], [ 2.11549549, 48.88965268 ], [ 2.11576822, 48.88976774 ], [ 2.1160699, 48.88989596 ], [ 2.11626029, 48.889976420000011 ], [ 2.11631058, 48.88999769 ], [ 2.11636598, 48.890021130000015 ], [ 2.11671155, 48.88967498 ], [ 2.11668091, 48.889662330000014 ], [ 2.11686126, 48.88948226 ], [ 2.1164959, 48.88932901 ], [ 2.11629344, 48.889244780000013 ], [ 2.11611064, 48.88916716 ], [ 2.11579824, 48.889035799999988 ], [ 2.11555339, 48.888933710000018 ], [ 2.11533077, 48.88884006 ], [ 2.11517639, 48.888775699999989 ], [ 2.11538133, 48.88856155 ], [ 2.11558178, 48.88835429 ], [ 2.11571031, 48.88822232 ], [ 2.11580805, 48.88812051 ], [ 2.11593549, 48.88798853 ], [ 2.11606569, 48.88785423 ], [ 2.11615912, 48.88775761 ], [ 2.11639353, 48.8878553 ], [ 2.11657607, 48.887931919999986 ], [ 2.11686033, 48.88805003 ], [ 2.11699398, 48.88810615 ], [ 2.11709979, 48.88799496 ], [ 2.11728126, 48.88807032 ], [ 2.11771826, 48.88825287 ], [ 2.11769662, 48.88827438 ], [ 2.11785589, 48.8883404 ], [ 2.11801771, 48.8884085 ], [ 2.11837655, 48.888559720000011 ], [ 2.11876631, 48.88872204 ], [ 2.11881606, 48.88874131 ], [ 2.11884952, 48.88863493 ], [ 2.11879865, 48.88861625 ], [ 2.11843881, 48.888467359999986 ] ] ] ] } },
{ "type": "Feature", "properties": { "libelle": "Ns", "libelong": "Secteur Ns : secteur de confortation du domaine public fluvial (La Seine)", "typezone": "N", "surface_ha": 42.2, "mailles": 22, "part_mailles_prioritaires": 22.7, "score_sante_moyen": 4.3, "score_climat_moyen": 4.3 }, "geometry": { "type": "MultiPolygon", "coordinates": [ [ [ [ 2.15769248, 48.88069761 ], [ 2.15785782, 48.88066811 ], [ 2.15830881, 48.88058044 ], [ 2.15818423, 48.880492960000012 ], [ 2.15809821, 48.880432820000017 ], [ 2.15801356, 48.88036324 ], [ 2.15796246, 48.8803189 ], [ 2.15783007, 48.88017462 ], [ 2.15766615, 48.87998208 ], [ 2.15757332, 48.87987054 ], [ 2.15746492, 48.87971850000001 ], [ 2.1572956, 48.879463600000015 ], [ 2.15717992, 48.8792983 ], [ 2.15701873, 48.8790636 ], [ 2.15682155, 48.87877793 ], [ 2.15660222, 48.87849587 ], [ 2.15637037, 48.87820456 ], [ 2.1560628, 48.87781486 ], [ 2.15584333, 48.87753334 ], [ 2.15575174, 48.877413259999976 ], [ 2.15563691, 48.87723842 ], [ 2.15545104, 48.87693736 ], [ 2.15527997, 48.87667372 ], [ 2.15507654, 48.87636219 ], [ 2.15496305, 48.8761888 ], [ 2.15496362, 48.87618709 ], [ 2.15479464, 48.87592949 ], [ 2.15468101, 48.87576492 ], [ 2.15453622, 48.87557107 ], [ 2.15439718, 48.87538446 ], [ 2.1542138, 48.8751407 ], [ 2.15400545, 48.874864569999986 ], [ 2.15383417, 48.87463959 ], [ 2.15363065, 48.87434389 ], [ 2.15345306, 48.8740882 ], [ 2.15333213, 48.873928429999985 ], [ 2.15318035, 48.87370387 ], [ 2.15298204, 48.87342285 ], [ 2.15286039, 48.873266129999983 ], [ 2.15269283, 48.87305656 ], [ 2.15246556, 48.87278749 ], [ 2.15226776, 48.87257662 ], [ 2.1519983, 48.87229519000001 ], [ 2.15173277, 48.872040499999983 ], [ 2.15151013, 48.8718399 ], [ 2.15128376, 48.871633869999989 ], [ 2.15108356, 48.871462200000011 ], [ 2.15085059, 48.871267990000014 ], [ 2.15065501, 48.87110571 ], [ 2.15047049, 48.870933520000015 ], [ 2.15034811, 48.87082212 ], [ 2.15029792, 48.87078138 ], [ 2.15003749, 48.87093368 ], [ 2.14986052, 48.8710366 ], [ 2.14986897, 48.87103439 ], [ 2.15172219, 48.87274912 ], [ 2.15174823, 48.87278231 ], [ 2.15181273, 48.87287397 ], [ 2.15183554, 48.872904710000014 ], [ 2.15186914, 48.87294281 ], [ 2.15190471, 48.87297724 ], [ 2.15197808, 48.87305132 ], [ 2.15207946, 48.87315574 ], [ 2.15213739, 48.87321524 ], [ 2.15217499, 48.87325849 ], [ 2.1521999, 48.87329464 ], [ 2.15226986, 48.87340243 ], [ 2.15232478, 48.8734879 ], [ 2.15235667, 48.87353057 ], [ 2.15240457, 48.8735864 ], [ 2.15247484, 48.87366677 ], [ 2.15253629, 48.87373663 ], [ 2.15258598, 48.87379967 ], [ 2.15260952, 48.8738359 ], [ 2.15266442, 48.873922630000024 ], [ 2.15270603, 48.87398821 ], [ 2.15273369, 48.87402294000001 ], [ 2.15279831, 48.87409868000001 ], [ 2.1528406, 48.87414727 ], [ 2.15292864, 48.874250329999988 ], [ 2.1530425, 48.87440025 ], [ 2.15312482, 48.87451137 ], [ 2.15315532, 48.87455583 ], [ 2.15317422, 48.8745842 ], [ 2.15322139, 48.87466845 ], [ 2.15327943, 48.87477147 ], [ 2.1533225, 48.87483977 ], [ 2.15338214, 48.87491961 ], [ 2.15346299, 48.875029 ], [ 2.15357274, 48.87517214 ], [ 2.15362384, 48.87523258 ], [ 2.15370493, 48.875327230000011 ], [ 2.15374812, 48.87537961 ], [ 2.15379104, 48.87543972 ], [ 2.15381747, 48.87548289 ], [ 2.1538541, 48.87553666 ], [ 2.15388329, 48.87556898 ], [ 2.15396796, 48.875652949999989 ], [ 2.15402426, 48.87571252 ], [ 2.15404334, 48.87573865 ], [ 2.15406775, 48.8757801 ], [ 2.15409565, 48.875841900000012 ], [ 2.15410091, 48.87585381 ], [ 2.15413822, 48.87591559 ], [ 2.15417616, 48.875972340000011 ], [ 2.15422663, 48.8760549 ], [ 2.1542862, 48.87614804 ], [ 2.15436806, 48.87627075 ], [ 2.15444439, 48.87638191 ], [ 2.15452423, 48.87649472 ], [ 2.1545846, 48.8765804 ], [ 2.15463281, 48.87666807 ], [ 2.1546777, 48.87674996 ], [ 2.15474415, 48.876872919999983 ], [ 2.15479075, 48.87695932 ], [ 2.15484024, 48.87705158 ], [ 2.15488457, 48.87713482 ], [ 2.15494654, 48.877248569999985 ], [ 2.15497145, 48.87729291 ], [ 2.15498709, 48.87732081 ], [ 2.15502303, 48.87737466 ], [ 2.15506991, 48.87744334 ], [ 2.15512409, 48.877507400000013 ], [ 2.1552144, 48.8776138 ], [ 2.15531475, 48.87773179000002 ], [ 2.15539732, 48.87782824 ], [ 2.15554761, 48.87800324 ], [ 2.15561811, 48.87808638 ], [ 2.15564606, 48.87812049 ], [ 2.1557386, 48.8782412 ], [ 2.15584586, 48.87837848 ], [ 2.15588022, 48.8784209 ], [ 2.15597845, 48.878535179999986 ], [ 2.15607945, 48.87865506 ], [ 2.15617136, 48.87876426 ], [ 2.15627331, 48.87890168 ], [ 2.15639496, 48.87906829 ], [ 2.15645957, 48.87915427 ], [ 2.15655496, 48.87928418 ], [ 2.15664743, 48.87940877 ], [ 2.15675643, 48.8795573 ], [ 2.15683176, 48.87966296 ], [ 2.15688283, 48.87973455 ], [ 2.15697397, 48.8798656 ], [ 2.1570723, 48.88000821 ], [ 2.15720713, 48.88021187 ], [ 2.15729946, 48.88034599 ], [ 2.15737044, 48.8804509 ], [ 2.15739907, 48.88049355 ], [ 2.15747397, 48.88057511 ], [ 2.15754188, 48.880650859999982 ], [ 2.157652, 48.880704880000017 ], [ 2.15769248, 48.88069761 ] ] ], [ [ [ 2.15454671, 48.87893132 ], [ 2.15497065, 48.87961153 ], [ 2.15533555, 48.88023286 ], [ 2.15584293, 48.8810535 ], [ 2.15587639, 48.88104645 ], [ 2.15590566, 48.881040720000016 ], [ 2.1559731, 48.88102761 ], [ 2.15599786, 48.88102275 ], [ 2.1560207, 48.881018330000018 ], [ 2.15645707, 48.88093318 ], [ 2.15680063, 48.88087021 ], [ 2.15721606, 48.88078914 ], [ 2.15730826, 48.88077117000001 ], [ 2.15737474, 48.88075815 ], [ 2.15726455, 48.880598819999982 ], [ 2.15717581, 48.88046203 ], [ 2.1570857, 48.88032586 ], [ 2.15701584, 48.88021916 ], [ 2.15693042, 48.880088330000014 ], [ 2.15686555, 48.87999299 ], [ 2.15678621, 48.879873810000014 ], [ 2.15669676, 48.87973918 ], [ 2.15658474, 48.87957532999998 ], [ 2.15650554, 48.87946424 ], [ 2.15642454, 48.87934694 ], [ 2.15632849, 48.87921558 ], [ 2.15620875, 48.87905672 ], [ 2.15605112, 48.87884705 ], [ 2.15599063, 48.87876775 ], [ 2.15591372, 48.8786672 ], [ 2.15581188, 48.878531849999987 ], [ 2.15575847, 48.87846177 ], [ 2.15569883, 48.878389500000011 ], [ 2.15553447, 48.878182650000014 ], [ 2.15544076, 48.87806724 ], [ 2.15535787, 48.8779652 ], [ 2.15528723, 48.87788196 ], [ 2.15520847, 48.877786530000016 ], [ 2.15513143, 48.87769416 ], [ 2.15507835, 48.87762912 ], [ 2.15498005, 48.87751106 ], [ 2.15489843, 48.87741488 ], [ 2.15481977, 48.87732178 ], [ 2.15471552, 48.87720053 ], [ 2.15463335, 48.87710507 ], [ 2.15459402, 48.87705839 ], [ 2.15453321, 48.87699114 ], [ 2.1544394, 48.876898739999973 ], [ 2.15439001, 48.87685036 ], [ 2.15430315, 48.87676701 ], [ 2.15424125, 48.87670766 ], [ 2.15421346, 48.87668094 ], [ 2.15417751, 48.87663644 ], [ 2.15404863, 48.87647058 ], [ 2.1539746, 48.87636933000001 ], [ 2.15392467, 48.87630369 ], [ 2.15389257, 48.876273869999984 ], [ 2.15376463, 48.876159199999989 ], [ 2.15357454, 48.87599264 ], [ 2.15345424, 48.87588603 ], [ 2.15330774, 48.87575566 ], [ 2.15315342, 48.87561175 ], [ 2.15301737, 48.87548443 ], [ 2.15294645, 48.87541899 ], [ 2.15282533, 48.87531246 ], [ 2.15275772, 48.875252809999985 ], [ 2.15268886, 48.875194759999985 ], [ 2.15257769, 48.87509702 ], [ 2.15247294, 48.8750068 ], [ 2.15239791, 48.87494259 ], [ 2.15227176, 48.874835839999982 ], [ 2.15215513, 48.874747059999983 ], [ 2.15206228, 48.87467994 ], [ 2.15186794, 48.87454042 ], [ 2.15169369, 48.87441498 ], [ 2.15156925, 48.87432057 ], [ 2.15140629, 48.874197189999983 ], [ 2.15126063, 48.874090749999986 ], [ 2.15114541, 48.87400783 ], [ 2.15102602, 48.87392154 ], [ 2.15081576, 48.87377255 ], [ 2.1506595, 48.873664150000018 ], [ 2.15046869, 48.873534910000011 ], [ 2.15031007, 48.87342991 ], [ 2.15016453, 48.87333354 ], [ 2.15009938, 48.87329027 ], [ 2.15001435, 48.87323714 ], [ 2.14982067, 48.8731166 ], [ 2.14965478, 48.87301452 ], [ 2.14942357, 48.872871310000015 ], [ 2.14930669, 48.872798620000012 ], [ 2.14924121, 48.87275904 ], [ 2.14919086, 48.872727740000023 ], [ 2.1490972, 48.87266952 ], [ 2.14900693, 48.87261149 ], [ 2.14885866, 48.8725161 ], [ 2.14863708, 48.87237584 ], [ 2.14849997, 48.872289520000017 ], [ 2.14839117, 48.87222354 ], [ 2.14507307, 48.87054038 ], [ 2.14507256, 48.87053985 ], [ 2.14507198, 48.87054037 ], [ 2.14502907, 48.87057964 ], [ 2.14497053, 48.87063309 ], [ 2.14464725, 48.87092586 ], [ 2.14463399, 48.8709362 ], [ 2.14413983, 48.8708001 ], [ 2.14370234, 48.87068366 ], [ 2.14332554, 48.87059102 ], [ 2.14293148, 48.87050375 ], [ 2.14262533, 48.87044247 ], [ 2.14215072, 48.870353539999989 ], [ 2.14196992, 48.870329940000012 ], [ 2.14154664, 48.87027843 ], [ 2.14127873, 48.87026284 ], [ 2.1406499, 48.87024169 ], [ 2.14012332, 48.87022945 ], [ 2.1396936, 48.87022115 ], [ 2.13931393, 48.87021995 ], [ 2.13898582, 48.870217680000017 ], [ 2.13855198, 48.87021959 ], [ 2.13806729, 48.87022096 ], [ 2.13772282, 48.87021875 ], [ 2.13741746, 48.87021718 ], [ 2.13728885, 48.870219939999984 ], [ 2.13718725, 48.870222170000012 ], [ 2.13711526, 48.87022246 ], [ 2.13674181, 48.87021653 ], [ 2.13649608, 48.870211880000014 ], [ 2.13611114, 48.87020776 ], [ 2.13578091, 48.87020195 ], [ 2.13571526, 48.87020652 ], [ 2.13560986, 48.8702152 ], [ 2.13505046, 48.870266379999983 ], [ 2.13484866, 48.8702848 ], [ 2.13460274, 48.87030775 ], [ 2.13419858, 48.87034458 ], [ 2.13361022, 48.87039923 ], [ 2.1334812, 48.87041008 ], [ 2.13337469, 48.87042037 ], [ 2.13328414, 48.87043851 ], [ 2.13284256, 48.870527950000017 ], [ 2.13223426, 48.87064981 ], [ 2.13190198, 48.87071728 ], [ 2.13137245, 48.870824060000018 ], [ 2.13103563, 48.87089437 ], [ 2.1309091, 48.87091918 ], [ 2.13068678, 48.87101514 ], [ 2.13029362, 48.871184870000022 ], [ 2.13000291, 48.87130948 ], [ 2.12972288, 48.87143165 ], [ 2.12929695, 48.87161247 ], [ 2.12885322, 48.87180566 ], [ 2.1285284, 48.87194792 ], [ 2.12821439, 48.87208782 ], [ 2.12810235, 48.87215104 ], [ 2.12803104, 48.87219252 ], [ 2.12789045, 48.87227514 ], [ 2.12745906, 48.87252858 ], [ 2.12698642, 48.87281059 ], [ 2.12664266, 48.873016920000012 ], [ 2.12641728, 48.87314766 ], [ 2.12597893, 48.873408150000017 ], [ 2.1254643, 48.87371377 ], [ 2.12496807, 48.8740108 ], [ 2.12464208, 48.874205380000014 ], [ 2.12445497, 48.87432156 ], [ 2.12437305, 48.874393359999978 ], [ 2.12394831, 48.874775800000016 ], [ 2.12361851, 48.8750664 ], [ 2.12339707, 48.8752621 ], [ 2.12323155, 48.87541531 ], [ 2.12302175, 48.87560785 ], [ 2.12279081, 48.87582417 ], [ 2.12261627, 48.87597929 ], [ 2.12237638, 48.876201020000011 ], [ 2.12221147, 48.87635054 ], [ 2.12207509, 48.87646565 ], [ 2.12184927, 48.87665268 ], [ 2.12160251, 48.87685305 ], [ 2.12143193, 48.87699084 ], [ 2.12120579, 48.87716491 ], [ 2.12106248, 48.87727043 ], [ 2.12089284, 48.87739276 ], [ 2.12070853, 48.87752748 ], [ 2.12055484, 48.87762591 ], [ 2.12044216, 48.877693340000015 ], [ 2.12019577, 48.87783876 ], [ 2.11996379, 48.87797843 ], [ 2.11968576, 48.87821328 ], [ 2.11861915, 48.87907034 ], [ 2.11842585, 48.87923647 ], [ 2.11789891, 48.87969837 ], [ 2.11667269, 48.88077305 ], [ 2.11630655, 48.88111148 ], [ 2.11613808, 48.8812919 ], [ 2.11598547, 48.88146219 ], [ 2.11580694, 48.881664670000021 ], [ 2.11557674, 48.88196272 ], [ 2.11545897, 48.882120410000013 ], [ 2.11516763, 48.88258206 ], [ 2.114933, 48.88292387 ], [ 2.11457726, 48.88347498000001 ], [ 2.11434532, 48.88381061 ], [ 2.11427175, 48.883910879999988 ], [ 2.11407294, 48.88414226 ], [ 2.11392712, 48.88431277 ], [ 2.11346316, 48.88477916 ], [ 2.11324595, 48.88499394 ], [ 2.11310372, 48.8851375 ], [ 2.11291654, 48.885326510000013 ], [ 2.11268811, 48.88555046 ], [ 2.1123145, 48.885939810000011 ], [ 2.11204349, 48.886221460000016 ], [ 2.1117799, 48.88649992 ], [ 2.11167618, 48.88660851 ], [ 2.11152274, 48.88676917 ], [ 2.11138268, 48.88690546 ], [ 2.11137781, 48.88691082 ], [ 2.11134501, 48.88694682 ], [ 2.11125664, 48.88701074 ], [ 2.11112163, 48.88709041 ], [ 2.11103039, 48.88713866 ], [ 2.1109492, 48.88717304 ], [ 2.11081012, 48.887227500000016 ], [ 2.11045868, 48.88735529 ], [ 2.11028381, 48.88742918 ], [ 2.11026775, 48.88744291 ], [ 2.11085555, 48.88768992 ], [ 2.11135277, 48.88789884 ], [ 2.11135994, 48.88790186 ], [ 2.11140233, 48.88791954 ], [ 2.11143018, 48.88793128 ], [ 2.1114745, 48.8878791 ], [ 2.11155689, 48.88779431 ], [ 2.11189823, 48.88739826 ], [ 2.11218396, 48.88709789 ], [ 2.11254117, 48.88671976 ], [ 2.11264587, 48.88659242 ], [ 2.11289849, 48.88633451 ], [ 2.11320707, 48.88595957 ], [ 2.11394286, 48.88521413 ], [ 2.11423918, 48.88492451 ], [ 2.11477803, 48.884334190000011 ], [ 2.11499851, 48.8840618 ], [ 2.11521352, 48.88379293 ], [ 2.11550727, 48.88333603 ], [ 2.11565699, 48.8830987 ], [ 2.11590721, 48.88266283 ], [ 2.11599025, 48.88253889 ], [ 2.11612822, 48.88235841 ], [ 2.11630976, 48.88215334 ], [ 2.11650336, 48.88187364 ], [ 2.11661368, 48.8817321 ], [ 2.11672963, 48.88157637 ], [ 2.11692118, 48.88141764 ], [ 2.11725947, 48.88119594 ], [ 2.11738561, 48.881075870000018 ], [ 2.11753872, 48.88095601 ], [ 2.11772966, 48.88083286 ], [ 2.11787762, 48.88069872 ], [ 2.11799902, 48.880539470000016 ], [ 2.11813103, 48.88039098 ], [ 2.11829451, 48.88029609 ], [ 2.11841428, 48.88023292 ], [ 2.11851865, 48.88012337 ], [ 2.11867758, 48.87997863 ], [ 2.11884795, 48.87979483 ], [ 2.11893146, 48.87964242000001 ], [ 2.1190468, 48.87952227 ], [ 2.1192704, 48.87938157 ], [ 2.11941919, 48.87919761 ], [ 2.11975285, 48.8789296 ], [ 2.12006966, 48.87870061000001 ], [ 2.12035356, 48.87850341 ], [ 2.12053998, 48.87832684 ], [ 2.12070374, 48.878214609999986 ], [ 2.12083479, 48.87809175 ], [ 2.12084775, 48.87807377 ], [ 2.121012, 48.87793262 ], [ 2.12115916, 48.87784474 ], [ 2.12139899, 48.87770059 ], [ 2.12175918, 48.87745768 ], [ 2.12215401, 48.87707979000001 ], [ 2.12261945, 48.87667395 ], [ 2.12304569, 48.87635323 ], [ 2.12339247, 48.87606484 ], [ 2.12378461, 48.87579439 ], [ 2.12381062, 48.87577399 ], [ 2.12390619, 48.87569905 ], [ 2.12425284, 48.87543628 ], [ 2.1243842, 48.875327519999985 ], [ 2.12463639, 48.87516837 ], [ 2.12469891, 48.87513385 ], [ 2.12475577, 48.87509082 ], [ 2.12480851, 48.87505146 ], [ 2.12486028, 48.87502135 ], [ 2.12500657, 48.87493284 ], [ 2.12509113, 48.87488273 ], [ 2.12511206, 48.87487021 ], [ 2.12512377, 48.87486328 ], [ 2.12513971, 48.87485548 ], [ 2.12523623, 48.87480789 ], [ 2.12539721, 48.874729109999976 ], [ 2.12540923, 48.874723349999989 ], [ 2.12543769, 48.87470776 ], [ 2.12555325, 48.87464445 ], [ 2.12580949, 48.87448714 ], [ 2.12594169, 48.87440896 ], [ 2.1260338, 48.87435184 ], [ 2.1260836, 48.874320959999984 ], [ 2.12618016, 48.874264750000016 ], [ 2.12636586, 48.87415664 ], [ 2.12667415, 48.87398441 ], [ 2.12682851, 48.87388571 ], [ 2.12683743, 48.8738998 ], [ 2.1268662, 48.87388256 ], [ 2.12688617, 48.87387066 ], [ 2.12687539, 48.8738531 ], [ 2.12700509, 48.87376288 ], [ 2.127575, 48.873356029999989 ], [ 2.12836681, 48.87280509 ], [ 2.12872209, 48.87259453 ], [ 2.12911818, 48.87238876 ], [ 2.12951017, 48.87218386 ], [ 2.13041118, 48.871786590000013 ], [ 2.13055815, 48.871727930000013 ], [ 2.13091352, 48.871586089999987 ], [ 2.13106434, 48.87153502000001 ], [ 2.13135756, 48.87144721 ], [ 2.13182511, 48.87134215 ], [ 2.13277221, 48.87115079 ], [ 2.13310989, 48.871094769999985 ], [ 2.13363333, 48.871017619999982 ], [ 2.13445715, 48.87091386 ], [ 2.13531352, 48.87082022 ], [ 2.1357025, 48.87079425 ], [ 2.13603402, 48.87078045 ], [ 2.13653572, 48.87078138 ], [ 2.13686847, 48.87077568 ], [ 2.13734453, 48.87078447 ], [ 2.13771957, 48.870791400000016 ], [ 2.1378266, 48.87079338 ], [ 2.13817825, 48.87079861 ], [ 2.13847156, 48.87078723 ], [ 2.138889, 48.87077135 ], [ 2.13899268, 48.8707676 ], [ 2.13927846, 48.87075892 ], [ 2.13983552, 48.87074937 ], [ 2.14045569, 48.87075833 ], [ 2.14110659, 48.87080527 ], [ 2.14160753, 48.870852030000016 ], [ 2.14225504, 48.87093948 ], [ 2.14245758, 48.870975939999987 ], [ 2.1429834, 48.87108493 ], [ 2.14319927, 48.871139540000023 ], [ 2.14342453, 48.871204110000022 ], [ 2.14390449, 48.87136583 ], [ 2.14407965, 48.871409349999986 ], [ 2.1442479, 48.87145822 ], [ 2.14446898, 48.87152815 ], [ 2.14476974, 48.871644519999982 ], [ 2.14515152, 48.87180823 ], [ 2.14553192, 48.87197284 ], [ 2.14569261, 48.87206752 ], [ 2.14575894, 48.8721005 ], [ 2.14630928, 48.8723741 ], [ 2.14651337, 48.87248258000001 ], [ 2.146836, 48.872679140000024 ], [ 2.14806028, 48.87343163 ], [ 2.14859759, 48.87375743 ], [ 2.14910493, 48.874082109999989 ], [ 2.14958666, 48.87439434 ], [ 2.1497026, 48.87446948 ], [ 2.14990362, 48.87460041 ], [ 2.15012411, 48.874790849999989 ], [ 2.15020895, 48.8748562 ], [ 2.1505382, 48.87514993 ], [ 2.15096588, 48.87551181 ], [ 2.15206363, 48.876422539999986 ], [ 2.15263324, 48.876861870000013 ], [ 2.15294061, 48.87707719 ], [ 2.15306336, 48.877159 ], [ 2.15315358, 48.87722889 ], [ 2.15334605, 48.87738314 ], [ 2.15346097, 48.87752695 ], [ 2.1535239, 48.87759844 ], [ 2.15369648, 48.8777986 ], [ 2.15372598, 48.87783281 ], [ 2.15380968, 48.87794061 ], [ 2.15390361, 48.8780616 ], [ 2.15403412, 48.87825318 ], [ 2.15454671, 48.87893132 ] ] ] ] } },
{ "type": "Feature", "properties": { "libelle": "UBe", "libelong": "Secteur UBe : constructions sur grands parcellaires", "typezone": "U", "surface_ha": 21.4, "mailles": 13, "part_mailles_prioritaires": 0.0, "score_sante_moyen": 3.8, "score_climat_moyen": 5.1 }, "geometry": { "type": "MultiPolygon", "coordinates": [ [ [ [ 2.13202827, 48.87164751 ], [ 2.13231051, 48.87157248 ], [ 2.13238966, 48.87155165 ], [ 2.13244472, 48.87154236 ], [ 2.13253926, 48.87170344 ], [ 2.13257872, 48.87169251 ], [ 2.13278618, 48.87163798000001 ], [ 2.13292996, 48.87160062 ], [ 2.13301034, 48.871579260000011 ], [ 2.13304635, 48.87157008 ], [ 2.13327913, 48.87150926 ], [ 2.13333983, 48.87149271 ], [ 2.13310989, 48.871094769999985 ], [ 2.13277221, 48.87115079 ], [ 2.13182511, 48.87134215 ], [ 2.13184772, 48.87137972 ], [ 2.13189524, 48.87146532 ], [ 2.13198391, 48.87162587000001 ], [ 2.13199993, 48.871654679999985 ], [ 2.13202827, 48.87164751 ] ] ], [ [ [ 2.13593131, 48.87112902 ], [ 2.13583194, 48.87114459 ], [ 2.13566804, 48.871170740000011 ], [ 2.13548159, 48.87119979 ], [ 2.13552434, 48.87129418 ], [ 2.13550559, 48.87129854 ], [ 2.13545987, 48.87130927 ], [ 2.13524608, 48.87135962 ], [ 2.13516862, 48.871377500000023 ], [ 2.13498468, 48.871419880000012 ], [ 2.13483141, 48.871454560000011 ], [ 2.13478077, 48.87146616 ], [ 2.13475387, 48.87147232 ], [ 2.13474423, 48.871474529999986 ], [ 2.13485198, 48.87167703 ], [ 2.13489245, 48.871752329999985 ], [ 2.13493543, 48.87183224000001 ], [ 2.13496572, 48.871888490000018 ], [ 2.13496704, 48.87189083 ], [ 2.13505834, 48.87205806 ], [ 2.13515069, 48.87222708 ], [ 2.13517237, 48.872259980000024 ], [ 2.13574066, 48.872110289999981 ], [ 2.13589813, 48.87206916 ], [ 2.13599436, 48.87115654 ], [ 2.13593131, 48.87112902 ] ] ], [ [ [ 2.14066871, 48.8715727 ], [ 2.14074679, 48.871657529999986 ], [ 2.14082557, 48.87174201 ], [ 2.14086962, 48.87179044 ], [ 2.14090743, 48.87182938 ], [ 2.14114637, 48.87208903 ], [ 2.14115735, 48.87210134 ], [ 2.14122511, 48.8721754 ], [ 2.14132674, 48.87228738000001 ], [ 2.1413527, 48.872334150000015 ], [ 2.14144398, 48.87232986 ], [ 2.14184892, 48.8723449 ], [ 2.14203982, 48.87235194 ], [ 2.14205957, 48.872352709999987 ], [ 2.14206535, 48.87234987 ], [ 2.14213016, 48.87234665 ], [ 2.14237844, 48.87232981 ], [ 2.14261043, 48.87231628 ], [ 2.14269012, 48.872310510000013 ], [ 2.1427225, 48.87230817 ], [ 2.14290553, 48.87229572 ], [ 2.14299603, 48.87228954 ], [ 2.1431912, 48.87227654 ], [ 2.14323775, 48.87227328 ], [ 2.14325968, 48.87227191 ], [ 2.14327012, 48.872262100000015 ], [ 2.14353617, 48.87197985 ], [ 2.14351451, 48.87197478 ], [ 2.14306273, 48.87187343 ], [ 2.14276618, 48.87180781 ], [ 2.14279202, 48.871555009999987 ], [ 2.1424811, 48.87154298 ], [ 2.14213091, 48.87153102 ], [ 2.14184695, 48.871521519999988 ], [ 2.14186375, 48.87156886 ], [ 2.14175187, 48.87158254 ], [ 2.1415262, 48.87160961 ], [ 2.14151167, 48.871573170000012 ], [ 2.1414666, 48.871453680000016 ], [ 2.14143236, 48.87136359 ], [ 2.14134019, 48.871372730000012 ], [ 2.14126865, 48.87137887 ], [ 2.14112351, 48.87139186000001 ], [ 2.14110631, 48.87139273 ], [ 2.14096677, 48.8714054 ], [ 2.14074543, 48.8714262 ], [ 2.14065587, 48.87143383 ], [ 2.14061043, 48.87143803 ], [ 2.14060166, 48.87143884 ], [ 2.14061059, 48.871467689999989 ], [ 2.14061933, 48.87149167 ], [ 2.14063835, 48.871528949999984 ], [ 2.14066871, 48.8715727 ] ] ], [ [ [ 2.14761702, 48.87755897 ], [ 2.1476605, 48.87754101 ], [ 2.14800564, 48.87739714 ], [ 2.14810369, 48.87749659 ], [ 2.14814767, 48.87754169 ], [ 2.14824253, 48.87763599 ], [ 2.14839603, 48.87757134000001 ], [ 2.14856272, 48.87750039 ], [ 2.14849124, 48.877427220000015 ], [ 2.14832641, 48.877259300000013 ], [ 2.14830603, 48.877238380000016 ], [ 2.14820601, 48.87713443 ], [ 2.14809065, 48.87718514 ], [ 2.14794497, 48.87724715 ], [ 2.14782083, 48.87730085 ], [ 2.14754359, 48.8770199 ], [ 2.14751386, 48.87698943 ], [ 2.1477542, 48.87688929 ], [ 2.14780226, 48.87686894 ], [ 2.14808653, 48.87674506 ], [ 2.14825135, 48.876671580000014 ], [ 2.14876679, 48.87644755 ], [ 2.1489517, 48.87636718 ], [ 2.14937884, 48.87618536 ], [ 2.14948993, 48.87613808 ], [ 2.14924577, 48.875932529999986 ], [ 2.14922441, 48.875914550000012 ], [ 2.14866681, 48.875445119999981 ], [ 2.1486238, 48.87540704 ], [ 2.14855524, 48.87534719 ], [ 2.14845307, 48.875258330000023 ], [ 2.1482525, 48.87508491 ], [ 2.14831152, 48.87505182000001 ], [ 2.14838124, 48.87501526 ], [ 2.14839813, 48.875008 ], [ 2.14840335, 48.87500588000001 ], [ 2.14840845, 48.8750025 ], [ 2.14850457, 48.874952549999989 ], [ 2.14862201, 48.87489133 ], [ 2.14862433, 48.87489013 ], [ 2.14953634, 48.87441488 ], [ 2.14958666, 48.87439434 ], [ 2.14910493, 48.874082109999989 ], [ 2.14859759, 48.87375743 ], [ 2.14806028, 48.87343163 ], [ 2.146836, 48.872679140000024 ], [ 2.14651337, 48.87248258000001 ], [ 2.14630928, 48.8723741 ], [ 2.14575894, 48.8721005 ], [ 2.14565158, 48.87210841 ], [ 2.14556431, 48.87211456 ], [ 2.14529315, 48.87213364 ], [ 2.14503015, 48.872150199999979 ], [ 2.14489978, 48.87216087 ], [ 2.14489442, 48.87216326 ], [ 2.14470444, 48.872175489999989 ], [ 2.14439421, 48.87219593 ], [ 2.14436609, 48.87219771 ], [ 2.14434685, 48.87219901000001 ], [ 2.14429573, 48.87222806 ], [ 2.14428464, 48.87223436 ], [ 2.14415702, 48.872309630000011 ], [ 2.14428026, 48.87242634 ], [ 2.14440527, 48.87254326 ], [ 2.14445387, 48.872589380000015 ], [ 2.14457486, 48.87270213 ], [ 2.144698, 48.87281677 ], [ 2.14468741, 48.87282192 ], [ 2.1444988, 48.8729168 ], [ 2.1443022, 48.87301603 ], [ 2.14425752, 48.87303892 ], [ 2.14427014, 48.87305043 ], [ 2.14446844, 48.873238010000016 ], [ 2.1444957, 48.87326348 ], [ 2.14470967, 48.87346746 ], [ 2.14472014, 48.87347742 ], [ 2.14475464, 48.8735105 ], [ 2.14484765, 48.87360002 ], [ 2.1449549, 48.87370295 ], [ 2.14514205, 48.873630899999988 ], [ 2.14519131, 48.87367838 ], [ 2.14530274, 48.87363421 ], [ 2.1453892, 48.873599839999976 ], [ 2.14540223, 48.87361162 ], [ 2.14540989, 48.87361851 ], [ 2.1454146, 48.87362277 ], [ 2.14528863, 48.87367152 ], [ 2.14519506, 48.873707270000011 ], [ 2.14527582, 48.87378744 ], [ 2.14537106, 48.87388274 ], [ 2.14544538, 48.87395675 ], [ 2.14551018, 48.87402133 ], [ 2.14555941, 48.87407025000001 ], [ 2.14556396, 48.87407541 ], [ 2.14556651, 48.87407803 ], [ 2.14561426, 48.874125949999979 ], [ 2.14566673, 48.87417714 ], [ 2.14575701, 48.87426727 ], [ 2.14579294, 48.87430431 ], [ 2.14582249, 48.87433195 ], [ 2.14584355, 48.874352969999983 ], [ 2.14584529, 48.87435478 ], [ 2.14586662, 48.87437616 ], [ 2.14598986, 48.87450169000001 ], [ 2.14605722, 48.874567549999988 ], [ 2.14606903, 48.87457915 ], [ 2.14608002, 48.87459074 ], [ 2.14579079, 48.874718180000016 ], [ 2.14577589, 48.87472469 ], [ 2.14580533, 48.874754269999983 ], [ 2.14602397, 48.87497391 ], [ 2.14654629, 48.87548652 ], [ 2.14657414, 48.875513850000019 ], [ 2.14611446, 48.875720890000011 ], [ 2.1458361, 48.8758411 ], [ 2.14512542, 48.87613936 ], [ 2.14568466, 48.87671307 ], [ 2.14589504, 48.87691762 ], [ 2.14595515, 48.87697598 ], [ 2.14612985, 48.877147729999983 ], [ 2.14643742, 48.8774501 ], [ 2.14653325, 48.87740868 ], [ 2.14722153, 48.87711123 ], [ 2.14759151, 48.8775301 ], [ 2.14761702, 48.87755897 ] ] ], [ [ [ 2.14875533, 48.878020689999985 ], [ 2.14859391, 48.87808628 ], [ 2.14854261, 48.878030150000022 ], [ 2.14821262, 48.878155959999987 ], [ 2.14816101, 48.87817482 ], [ 2.14851742, 48.87857831 ], [ 2.14784183, 48.878851460000014 ], [ 2.14758403, 48.87895569 ], [ 2.14687237, 48.87819966 ], [ 2.14613003, 48.878403180000014 ], [ 2.14569581, 48.878522229999987 ], [ 2.14634572, 48.879134829999984 ], [ 2.14638136, 48.8791234 ], [ 2.1464292, 48.87911654 ], [ 2.14647431, 48.87910967 ], [ 2.14651915, 48.87911898 ], [ 2.14656243, 48.87914088 ], [ 2.14672755, 48.87929944 ], [ 2.14679455, 48.879370969999989 ], [ 2.14686561, 48.87944522 ], [ 2.14687743, 48.87947229 ], [ 2.14687963, 48.87950468 ], [ 2.14687086, 48.87954059 ], [ 2.14684171, 48.87957186 ], [ 2.1467977, 48.87959493000001 ], [ 2.14686253, 48.87966211 ], [ 2.14743995, 48.88026053 ], [ 2.14744368, 48.88026453 ], [ 2.14777788, 48.88019189 ], [ 2.14825142, 48.88008554 ], [ 2.14859776, 48.88000256 ], [ 2.14854414, 48.87994642 ], [ 2.14838322, 48.87978069 ], [ 2.14826271, 48.87965547 ], [ 2.14830631, 48.87963913 ], [ 2.14857551, 48.87954562 ], [ 2.14872608, 48.87949327 ], [ 2.14896536, 48.879411330000018 ], [ 2.14915626, 48.87934461 ], [ 2.14920678, 48.87932725 ], [ 2.14900674, 48.87910992 ], [ 2.14905573, 48.87908793 ], [ 2.14954691, 48.87891938 ], [ 2.14961971, 48.87889543 ], [ 2.14984569, 48.87881763 ], [ 2.14967901, 48.87862038 ], [ 2.14951467, 48.878438709999983 ], [ 2.14941419, 48.87832945 ], [ 2.14941276, 48.87832521 ], [ 2.14938383, 48.878293440000014 ], [ 2.14933969, 48.87824751 ], [ 2.14926628, 48.87827705 ], [ 2.14922972, 48.87822822 ], [ 2.14920309, 48.87819745 ], [ 2.14917064, 48.87816403 ], [ 2.14909419, 48.8780776 ], [ 2.14908093, 48.87806348 ], [ 2.14896316, 48.87793583 ], [ 2.14880214, 48.878001600000012 ], [ 2.14875533, 48.878020689999985 ] ] ], [ [ [ 2.14930138, 48.88047756000001 ], [ 2.14937123, 48.88045027 ], [ 2.14939854, 48.88043985 ], [ 2.14945467, 48.880418129999988 ], [ 2.14946098, 48.88041565000001 ], [ 2.14951917, 48.88039268 ], [ 2.14959011, 48.88036585 ], [ 2.14974984, 48.88030358000001 ], [ 2.14978799, 48.88028901 ], [ 2.14995265, 48.88022614 ], [ 2.15000399, 48.88020628 ], [ 2.14985696, 48.88004838 ], [ 2.14961844, 48.87979127 ], [ 2.14859776, 48.88000256 ], [ 2.14873869, 48.88014026 ], [ 2.1489514, 48.8803909 ], [ 2.14907684, 48.8805689 ], [ 2.14911255, 48.88055114 ], [ 2.1491437, 48.88053886 ], [ 2.14916594, 48.8805302 ], [ 2.14928039, 48.880485689999986 ], [ 2.14930138, 48.88047756000001 ] ] ], [ [ [ 2.151768, 48.88057673 ], [ 2.15170129, 48.88051996 ], [ 2.15163444, 48.88046318 ], [ 2.15159663, 48.88048234 ], [ 2.15149462, 48.88053342 ], [ 2.15143624, 48.88055972 ], [ 2.15131079, 48.88061 ], [ 2.1512641, 48.88062181 ], [ 2.15121776, 48.880645230000013 ], [ 2.15118391, 48.880672329999975 ], [ 2.15115636, 48.88069821 ], [ 2.15112867, 48.88071546 ], [ 2.15109439, 48.88073555 ], [ 2.15106423, 48.88075341 ], [ 2.15097079, 48.88079735 ], [ 2.15092888, 48.8808172 ], [ 2.15087157, 48.88084459 ], [ 2.15080065, 48.88087907 ], [ 2.15075584, 48.88090078 ], [ 2.15070388, 48.880926230000021 ], [ 2.15066158, 48.88094899 ], [ 2.15079183, 48.88109825 ], [ 2.1508346, 48.88114577 ], [ 2.15085311, 48.881166350000015 ], [ 2.15118211, 48.880984120000015 ], [ 2.15147765, 48.88083872 ], [ 2.15184799, 48.88064378 ], [ 2.15179302, 48.880598039999988 ], [ 2.151768, 48.88057673 ] ] ], [ [ [ 2.15244321, 48.88173565 ], [ 2.15252296, 48.88171917 ], [ 2.15251412, 48.881693339999984 ], [ 2.15248197, 48.88162449 ], [ 2.15244442, 48.88154401 ], [ 2.15244164, 48.88153832 ], [ 2.15240897, 48.88146803 ], [ 2.1523436, 48.88132907 ], [ 2.15221617, 48.881375020000014 ], [ 2.15215484, 48.88132251 ], [ 2.15204984, 48.88123102 ], [ 2.15202441, 48.881209620000014 ], [ 2.15191424, 48.88125947 ], [ 2.15190737, 48.88126248 ], [ 2.15188118, 48.88123792 ], [ 2.15186923, 48.88122678000002 ], [ 2.15186587, 48.88122361 ], [ 2.15184506, 48.88120376 ], [ 2.15178, 48.88122129 ], [ 2.15176905, 48.881224 ], [ 2.15164128, 48.88125754 ], [ 2.15158725, 48.88127604 ], [ 2.15148726, 48.88131158 ], [ 2.15138735, 48.88135098 ], [ 2.15123386, 48.88141447 ], [ 2.15116768, 48.881442690000014 ], [ 2.15112302, 48.88146628 ], [ 2.1515233, 48.881911069999987 ], [ 2.15152767, 48.88191591 ], [ 2.15173511, 48.88187624 ], [ 2.15209695, 48.88180434 ], [ 2.15244321, 48.88173565 ] ] ], [ [ [ 2.14249902, 48.88137238 ], [ 2.14253777, 48.88143389 ], [ 2.1426185, 48.881541760000012 ], [ 2.14279737, 48.88178416 ], [ 2.14283655, 48.88183921 ], [ 2.14294498, 48.88198703 ], [ 2.14333778, 48.88185008 ], [ 2.14356638, 48.88176814 ], [ 2.143703, 48.881715449999987 ], [ 2.14329316, 48.88118064 ], [ 2.14292505, 48.88126241 ], [ 2.14285383, 48.88127823 ], [ 2.14249902, 48.88137238 ] ] ], [ [ [ 2.14308625, 48.88374441 ], [ 2.14307532, 48.88372875 ], [ 2.14275668, 48.88328669 ], [ 2.14256475, 48.88301731 ], [ 2.14254607, 48.882991350000019 ], [ 2.14259271, 48.88297533 ], [ 2.1430987, 48.88282201 ], [ 2.14296871, 48.88264157 ], [ 2.14294307, 48.88260856 ], [ 2.14243964, 48.88276423 ], [ 2.14239112, 48.88277606 ], [ 2.14184191, 48.882012949999989 ], [ 2.14189021, 48.88200367 ], [ 2.14220798, 48.8819018 ], [ 2.14197805, 48.88158034 ], [ 2.14193024, 48.88151713 ], [ 2.14155824, 48.881618789999983 ], [ 2.14143506, 48.88165185 ], [ 2.14099631, 48.88176976 ], [ 2.14103471, 48.88183619 ], [ 2.14104446, 48.881848130000016 ], [ 2.14109594, 48.88191874 ], [ 2.14109754, 48.88192046 ], [ 2.14115082, 48.88199711 ], [ 2.14117935, 48.88203688 ], [ 2.14119947, 48.88206554 ], [ 2.14120952, 48.882076220000016 ], [ 2.14121245, 48.88208047 ], [ 2.14126976, 48.88216074 ], [ 2.14130668, 48.88221236 ], [ 2.1413171, 48.88222584 ], [ 2.14133828, 48.8822563 ], [ 2.14134164, 48.88225884 ], [ 2.14135414, 48.88227862 ], [ 2.14137068, 48.882300600000022 ], [ 2.14138265, 48.88231921 ], [ 2.14142761, 48.88237961 ], [ 2.14151095, 48.882494060000013 ], [ 2.14156363, 48.88256558 ], [ 2.141595, 48.882607 ], [ 2.14162881, 48.882656969999985 ], [ 2.14167511, 48.88271855 ], [ 2.14174295, 48.88281401 ], [ 2.14177577, 48.88285777 ], [ 2.14183014, 48.8829347 ], [ 2.14188709, 48.88301227 ], [ 2.14194215, 48.88308902 ], [ 2.14195945, 48.88311495 ], [ 2.14202581, 48.88320896 ], [ 2.14208142, 48.88328527 ], [ 2.14210886, 48.883324670000015 ], [ 2.14216853, 48.88341081 ], [ 2.14221882, 48.8834788 ], [ 2.14223798, 48.88350799 ], [ 2.14230664, 48.883603 ], [ 2.14233704, 48.88364522 ], [ 2.14239062, 48.8837207 ], [ 2.142421, 48.883764 ], [ 2.14245649, 48.88381102 ], [ 2.1424927, 48.88386461 ], [ 2.14262815, 48.883837700000015 ], [ 2.14285496, 48.88379307 ], [ 2.14303872, 48.88375691 ], [ 2.14308625, 48.88374441 ] ] ] ] } },
{ "type": "Feature", "properties": { "libelle": "UVb", "libelong": "Secteur UVb : secteur des grands sites de parcs et jardins à usage privatif", "typezone": "U", "surface_ha": 20.9, "mailles": 13, "part_mailles_prioritaires": 0.0, "score_sante_moyen": 4.2, "score_climat_moyen": 4.8 }, "geometry": { "type": "MultiPolygon", "coordinates": [ [ [ [ 2.14446898, 48.87152815 ], [ 2.1442479, 48.87145822 ], [ 2.14407965, 48.871409349999986 ], [ 2.14390449, 48.87136583 ], [ 2.14342453, 48.871204110000022 ], [ 2.14319927, 48.871139540000023 ], [ 2.1429834, 48.87108493 ], [ 2.14245758, 48.870975939999987 ], [ 2.14225504, 48.87093948 ], [ 2.14160753, 48.870852030000016 ], [ 2.14110659, 48.87080527 ], [ 2.14045569, 48.87075833 ], [ 2.13983552, 48.87074937 ], [ 2.13927846, 48.87075892 ], [ 2.13928259, 48.8707722 ], [ 2.13942059, 48.87125687 ], [ 2.1394206, 48.87125687 ], [ 2.13994436, 48.87119282 ], [ 2.14009845, 48.87117414 ], [ 2.14012492, 48.871264 ], [ 2.14021949, 48.87125038 ], [ 2.14054458, 48.87121323 ], [ 2.14058565, 48.87137622 ], [ 2.14060166, 48.87143884 ], [ 2.14061043, 48.87143803 ], [ 2.14065587, 48.87143383 ], [ 2.14074543, 48.8714262 ], [ 2.14096677, 48.8714054 ], [ 2.14110631, 48.87139273 ], [ 2.14112351, 48.87139186000001 ], [ 2.14126865, 48.87137887 ], [ 2.14134019, 48.871372730000012 ], [ 2.14143236, 48.87136359 ], [ 2.1414666, 48.871453680000016 ], [ 2.14151167, 48.871573170000012 ], [ 2.1415262, 48.87160961 ], [ 2.14175187, 48.87158254 ], [ 2.14186375, 48.87156886 ], [ 2.14184695, 48.871521519999988 ], [ 2.14213091, 48.87153102 ], [ 2.1424811, 48.87154298 ], [ 2.14279202, 48.871555009999987 ], [ 2.14276618, 48.87180781 ], [ 2.14306273, 48.87187343 ], [ 2.14351451, 48.87197478 ], [ 2.14353617, 48.87197985 ], [ 2.14327012, 48.872262100000015 ], [ 2.14325968, 48.87227191 ], [ 2.14328947, 48.87227005 ], [ 2.14330289, 48.87226917 ], [ 2.14336591, 48.87226502 ], [ 2.14343387, 48.87226083 ], [ 2.14379297, 48.8722366 ], [ 2.14389152, 48.87222993 ], [ 2.1441069, 48.87221519 ], [ 2.14411222, 48.87221478 ], [ 2.14434685, 48.87219901000001 ], [ 2.14436609, 48.87219771 ], [ 2.14439421, 48.87219593 ], [ 2.14470444, 48.872175489999989 ], [ 2.14489442, 48.87216326 ], [ 2.14489978, 48.87216087 ], [ 2.14503015, 48.872150199999979 ], [ 2.14529315, 48.87213364 ], [ 2.14556431, 48.87211456 ], [ 2.14565158, 48.87210841 ], [ 2.14575894, 48.8721005 ], [ 2.14569261, 48.87206752 ], [ 2.14553192, 48.87197284 ], [ 2.14515152, 48.87180823 ], [ 2.14476974, 48.871644519999982 ], [ 2.14446898, 48.87152815 ] ] ], [ [ [ 2.13630569, 48.87118614 ], [ 2.13638962, 48.87118962000001 ], [ 2.1364678, 48.87119369 ], [ 2.13660784, 48.87120064 ], [ 2.13668807, 48.871205350000011 ], [ 2.13674229, 48.87120772 ], [ 2.13679043, 48.87121302 ], [ 2.13678058, 48.87131954 ], [ 2.13682826, 48.87132607 ], [ 2.13713098, 48.87133941 ], [ 2.13734683, 48.87133202 ], [ 2.13732013, 48.87116297 ], [ 2.13730868, 48.87094883 ], [ 2.13734842, 48.87085469 ], [ 2.13734668, 48.870823300000019 ], [ 2.13734453, 48.87078447 ], [ 2.13686847, 48.87077568 ], [ 2.13653572, 48.87078138 ], [ 2.13603402, 48.87078045 ], [ 2.1357025, 48.87079425 ], [ 2.13531352, 48.87082022 ], [ 2.13445715, 48.87091386 ], [ 2.13363333, 48.871017619999982 ], [ 2.13310989, 48.871094769999985 ], [ 2.13333983, 48.87149271 ], [ 2.13343564, 48.871658530000012 ], [ 2.1334692, 48.871647779999989 ], [ 2.13349769, 48.87164008 ], [ 2.13370584, 48.87158429 ], [ 2.13384103, 48.871546870000017 ], [ 2.13386362, 48.87154092 ], [ 2.13392949, 48.87166281 ], [ 2.1339587, 48.87171806 ], [ 2.13397739, 48.87175021 ], [ 2.13405116, 48.87188889 ], [ 2.13409772, 48.87197538 ], [ 2.13410564, 48.87199082 ], [ 2.13415208, 48.872075700000011 ], [ 2.13416598, 48.87210107 ], [ 2.13419745, 48.872159850000017 ], [ 2.13424495, 48.872246890000014 ], [ 2.13426717, 48.87228797 ], [ 2.13434905, 48.87243929000001 ], [ 2.13437103, 48.87247394 ], [ 2.13517237, 48.872259980000024 ], [ 2.13515069, 48.87222708 ], [ 2.13505834, 48.87205806 ], [ 2.13496704, 48.87189083 ], [ 2.13496572, 48.871888490000018 ], [ 2.13493543, 48.87183224000001 ], [ 2.13489245, 48.871752329999985 ], [ 2.13485198, 48.87167703 ], [ 2.13474423, 48.871474529999986 ], [ 2.13475387, 48.87147232 ], [ 2.13478077, 48.87146616 ], [ 2.13483141, 48.871454560000011 ], [ 2.13498468, 48.871419880000012 ], [ 2.13516862, 48.871377500000023 ], [ 2.13524608, 48.87135962 ], [ 2.13545987, 48.87130927 ], [ 2.13550559, 48.87129854 ], [ 2.13552434, 48.87129418 ], [ 2.13548159, 48.87119979 ], [ 2.13566804, 48.871170740000011 ], [ 2.13583194, 48.87114459 ], [ 2.13593131, 48.87112902 ], [ 2.13599436, 48.87115654 ], [ 2.13602308, 48.87116908 ], [ 2.13602262, 48.87117186 ], [ 2.1361741, 48.8711797 ], [ 2.13622641, 48.871181970000016 ], [ 2.13629425, 48.87118543 ], [ 2.13630569, 48.87118614 ] ] ], [ [ [ 2.12911818, 48.87238876 ], [ 2.12872209, 48.87259453 ], [ 2.12836681, 48.87280509 ], [ 2.12863569, 48.87332242 ], [ 2.12868187, 48.87331139 ], [ 2.12938896, 48.873139 ], [ 2.1293289, 48.87302848 ], [ 2.12966422, 48.87295186 ], [ 2.13003787, 48.87286554 ], [ 2.13000047, 48.872721099999978 ], [ 2.13030041, 48.87266429 ], [ 2.13046807, 48.87256037 ], [ 2.13049475, 48.872603370000014 ], [ 2.13081663, 48.87251451 ], [ 2.13099223, 48.87246561 ], [ 2.13084652, 48.87221857 ], [ 2.13058495, 48.87176564 ], [ 2.13055815, 48.871727930000013 ], [ 2.13041118, 48.871786590000013 ], [ 2.12951017, 48.87218386 ], [ 2.12911818, 48.87238876 ] ] ], [ [ [ 2.14670202, 48.877578610000015 ], [ 2.14672564, 48.87760135 ], [ 2.14673901, 48.87761755 ], [ 2.14677228, 48.87765124 ], [ 2.14691955, 48.87780014 ], [ 2.1469374, 48.877817720000024 ], [ 2.14714593, 48.87773161 ], [ 2.14721654, 48.87780748 ], [ 2.14728433, 48.87778107 ], [ 2.14743829, 48.87772146 ], [ 2.147412, 48.8776951 ], [ 2.14734887, 48.877628280000017 ], [ 2.14754062, 48.877550950000014 ], [ 2.14759151, 48.8775301 ], [ 2.14722153, 48.87711123 ], [ 2.14653325, 48.87740868 ], [ 2.14656832, 48.877441760000011 ], [ 2.14659486, 48.87746983 ], [ 2.14665682, 48.8775326 ], [ 2.14670202, 48.877578610000015 ] ] ], [ [ [ 2.14515879, 48.88141684 ], [ 2.14517715, 48.88141157 ], [ 2.14543184, 48.88133002 ], [ 2.14546546, 48.88136741000001 ], [ 2.14570691, 48.88128684 ], [ 2.14572798, 48.88127961 ], [ 2.1456667, 48.8812111 ], [ 2.14545785, 48.88097487000001 ], [ 2.14523394, 48.88074304 ], [ 2.14395663, 48.88103189000001 ], [ 2.14362429, 48.881107050000011 ], [ 2.14367072, 48.88117381 ], [ 2.14370115, 48.881213690000024 ], [ 2.14374087, 48.8812692 ], [ 2.14378983, 48.88133547 ], [ 2.14390715, 48.88149846 ], [ 2.14403172, 48.88166825 ], [ 2.14412465, 48.88163915 ], [ 2.14422334, 48.88160828 ], [ 2.14423467, 48.88162410000001 ], [ 2.14449786, 48.8815401 ], [ 2.14457627, 48.88151521 ], [ 2.14483331, 48.88143241 ], [ 2.1448209, 48.881416050000013 ], [ 2.14500471, 48.881358 ], [ 2.145092, 48.88133173 ], [ 2.14515879, 48.88141684 ] ] ], [ [ [ 2.1434999, 48.8836637 ], [ 2.14359065, 48.88364583 ], [ 2.1438357, 48.88359659 ], [ 2.14379915, 48.88354704000001 ], [ 2.14373091, 48.88345905 ], [ 2.14370466, 48.88342208 ], [ 2.14366469, 48.88337305 ], [ 2.14369089, 48.883363429999989 ], [ 2.14377568, 48.88333238 ], [ 2.14390296, 48.8832876 ], [ 2.14387189, 48.8832452 ], [ 2.14384331, 48.88320839 ], [ 2.14383639, 48.883198 ], [ 2.14380425, 48.88315352 ], [ 2.14378653, 48.88312857 ], [ 2.14375455, 48.883083289999988 ], [ 2.14370985, 48.883023159999986 ], [ 2.14369156, 48.88299938 ], [ 2.14367166, 48.88297414 ], [ 2.14363817, 48.88292894 ], [ 2.14357482, 48.88284278 ], [ 2.14355774, 48.88281981 ], [ 2.14353067, 48.88278229 ], [ 2.14350104, 48.88274341 ], [ 2.14347411, 48.88270607 ], [ 2.14343812, 48.8826559 ], [ 2.14340676, 48.88261395 ], [ 2.14336794, 48.88256178 ], [ 2.14333834, 48.882520820000011 ], [ 2.14331995, 48.88252744 ], [ 2.14331201, 48.88252954 ], [ 2.1432466, 48.88255146 ], [ 2.14324126, 48.88255287 ], [ 2.14322727, 48.88253325 ], [ 2.14305826, 48.882304499999989 ], [ 2.1430289, 48.882265709999984 ], [ 2.14299353, 48.882218869999988 ], [ 2.14307323, 48.88219048 ], [ 2.14309051, 48.88218449 ], [ 2.14303513, 48.88211089 ], [ 2.14294498, 48.88198703 ], [ 2.14283655, 48.88183921 ], [ 2.14281902, 48.88184376 ], [ 2.14274008, 48.88186802 ], [ 2.1427354, 48.88186205 ], [ 2.14269333, 48.88180851 ], [ 2.142698, 48.88180638 ], [ 2.14265743, 48.88175108 ], [ 2.14262055, 48.88176518 ], [ 2.14252634, 48.88179724 ], [ 2.14245173, 48.881823229999988 ], [ 2.14239028, 48.88184465 ], [ 2.142477, 48.88196102 ], [ 2.14257617, 48.88210023 ], [ 2.14257857, 48.88210357 ], [ 2.14265326, 48.88220501 ], [ 2.14275485, 48.88234595 ], [ 2.14280231, 48.88241167000001 ], [ 2.14281445, 48.8824284 ], [ 2.14286791, 48.88250235 ], [ 2.14294307, 48.88260856 ], [ 2.14296871, 48.88264157 ], [ 2.1430987, 48.88282201 ], [ 2.14259271, 48.88297533 ], [ 2.14254607, 48.882991350000019 ], [ 2.14256475, 48.88301731 ], [ 2.14275668, 48.88328669 ], [ 2.14307532, 48.88372875 ], [ 2.14308625, 48.88374441 ], [ 2.14308666, 48.883744300000011 ], [ 2.14314109, 48.88373471 ], [ 2.14328993, 48.88370582 ], [ 2.14336588, 48.88369009 ], [ 2.1434999, 48.8836637 ] ] ], [ [ [ 2.15048114, 48.876817470000013 ], [ 2.15043381, 48.876768480000017 ], [ 2.15033311, 48.87666434 ], [ 2.15031347, 48.87664398 ], [ 2.15037734, 48.87662778 ], [ 2.15008955, 48.87633273 ], [ 2.15006427, 48.876287689999984 ], [ 2.15004967, 48.87626167 ], [ 2.15000267, 48.87621726 ], [ 2.14978243, 48.87601065 ], [ 2.15005677, 48.87591007000001 ], [ 2.15024892, 48.87583229 ], [ 2.15042082, 48.875742670000015 ], [ 2.15061589, 48.875653220000018 ], [ 2.15096588, 48.87551181 ], [ 2.1505382, 48.87514993 ], [ 2.15020895, 48.8748562 ], [ 2.15012411, 48.874790849999989 ], [ 2.14990362, 48.87460041 ], [ 2.1497026, 48.87446948 ], [ 2.14958666, 48.87439434 ], [ 2.14953634, 48.87441488 ], [ 2.14862433, 48.87489013 ], [ 2.14858392, 48.874911179999984 ], [ 2.14955986, 48.8757472 ], [ 2.14928891, 48.87588041 ], [ 2.14922441, 48.875914550000012 ], [ 2.14924577, 48.875932529999986 ], [ 2.14948993, 48.87613808 ], [ 2.14937884, 48.87618536 ], [ 2.1494083, 48.87621898 ], [ 2.14952548, 48.8763575 ], [ 2.14957695, 48.876419919999982 ], [ 2.14966436, 48.876519740000013 ], [ 2.14968521, 48.876545160000013 ], [ 2.14976345, 48.87663907000001 ], [ 2.14979432, 48.87667688 ], [ 2.14961714, 48.87674757 ], [ 2.14959188, 48.876758639999984 ], [ 2.14950774, 48.87679221 ], [ 2.14954927, 48.87683802 ], [ 2.14956348, 48.8768526 ], [ 2.14968921, 48.87698543 ], [ 2.14973879, 48.877038570000011 ], [ 2.14989437, 48.87720552 ], [ 2.14993095, 48.87724499 ], [ 2.15004161, 48.87736494 ], [ 2.1501464, 48.87747747 ], [ 2.15026671, 48.87760855 ], [ 2.15030635, 48.87765227 ], [ 2.15033033, 48.87767888 ], [ 2.15035255, 48.87770413 ], [ 2.15036127, 48.87771274 ], [ 2.15040402, 48.87775846 ], [ 2.15045037, 48.87780282 ], [ 2.15046023, 48.87779887 ], [ 2.15052179, 48.877774220000013 ], [ 2.15110789, 48.87753955 ], [ 2.15106844, 48.87749247 ], [ 2.15097866, 48.8773876 ], [ 2.15095069, 48.877354840000024 ], [ 2.1508945, 48.87728906 ], [ 2.15080374, 48.87718526 ], [ 2.15079128, 48.87718895 ], [ 2.15072187, 48.87710554 ], [ 2.15069752, 48.87707703 ], [ 2.15066359, 48.87703389 ], [ 2.15055309, 48.87690369 ], [ 2.15048114, 48.876817470000013 ] ] ], [ [ [ 2.15206363, 48.876422539999986 ], [ 2.15179314, 48.87653827 ], [ 2.15180483, 48.87655723 ], [ 2.15200202, 48.87676467 ], [ 2.1521075, 48.87687694 ], [ 2.15200813, 48.876917069999983 ], [ 2.15200806, 48.87692129 ], [ 2.15192887, 48.87695338 ], [ 2.15185019, 48.87698691 ], [ 2.1517869, 48.87701335 ], [ 2.15172899, 48.87703658 ], [ 2.15174008, 48.8770477 ], [ 2.15191023, 48.87721829 ], [ 2.1521596, 48.87747907 ], [ 2.15227228, 48.877593179999977 ], [ 2.1523326, 48.87765657 ], [ 2.1523996, 48.87772911 ], [ 2.15245562, 48.87770537 ], [ 2.15329165, 48.87740812 ], [ 2.15334605, 48.87738314 ], [ 2.15315358, 48.87722889 ], [ 2.15306336, 48.877159 ], [ 2.15294061, 48.87707719 ], [ 2.15263324, 48.876861870000013 ], [ 2.15206363, 48.876422539999986 ] ] ], [ [ [ 2.14779975, 48.878264090000016 ], [ 2.14773054, 48.87829373000001 ], [ 2.14766146, 48.87832391000002 ], [ 2.14759911, 48.87835125 ], [ 2.14742813, 48.87842594 ], [ 2.14746379, 48.87846307 ], [ 2.14753607, 48.878537149999985 ], [ 2.14764437, 48.87865142 ], [ 2.14765312, 48.8786585 ], [ 2.14779562, 48.878808090000014 ], [ 2.14784183, 48.878851460000014 ], [ 2.14851742, 48.87857831 ], [ 2.14816101, 48.87817482 ], [ 2.14811314, 48.878120630000012 ], [ 2.1480744, 48.87814491000001 ], [ 2.14792431, 48.87820994 ], [ 2.14779975, 48.878264090000016 ] ] ], [ [ [ 2.14857551, 48.87954562 ], [ 2.14830631, 48.87963913 ], [ 2.14826271, 48.87965547 ], [ 2.14838322, 48.87978069 ], [ 2.14854414, 48.87994642 ], [ 2.14859776, 48.88000256 ], [ 2.14961844, 48.87979127 ], [ 2.14954234, 48.8796918 ], [ 2.14920678, 48.87932725 ], [ 2.14915626, 48.87934461 ], [ 2.14896536, 48.879411330000018 ], [ 2.14872608, 48.87949327 ], [ 2.14857551, 48.87954562 ] ] ], [ [ [ 2.15080636, 48.88208406 ], [ 2.15097902, 48.88204068 ], [ 2.15129386, 48.881967 ], [ 2.15148889, 48.88192333 ], [ 2.15151985, 48.88191741 ], [ 2.15152101, 48.88191719000001 ], [ 2.15152114, 48.88191716 ], [ 2.15152134, 48.88191712 ], [ 2.15152313, 48.881916780000012 ], [ 2.15152767, 48.88191591 ], [ 2.1515233, 48.881911069999987 ], [ 2.15112302, 48.88146628 ], [ 2.15116768, 48.881442690000014 ], [ 2.15123386, 48.88141447 ], [ 2.15138735, 48.88135098 ], [ 2.15148726, 48.88131158 ], [ 2.15158725, 48.88127604 ], [ 2.15164128, 48.88125754 ], [ 2.15176905, 48.881224 ], [ 2.15178, 48.88122129 ], [ 2.15184506, 48.88120376 ], [ 2.15186587, 48.88122361 ], [ 2.15186923, 48.88122678000002 ], [ 2.15188118, 48.88123792 ], [ 2.15190737, 48.88126248 ], [ 2.15191424, 48.88125947 ], [ 2.15202441, 48.881209620000014 ], [ 2.15204984, 48.88123102 ], [ 2.15215484, 48.88132251 ], [ 2.15221617, 48.881375020000014 ], [ 2.1523436, 48.88132907 ], [ 2.15250078, 48.88127298 ], [ 2.1525632, 48.88125013 ], [ 2.15265248, 48.88121838 ], [ 2.15280199, 48.88116467 ], [ 2.1528249, 48.881156380000021 ], [ 2.1528419, 48.88115038 ], [ 2.15289292, 48.881132310000012 ], [ 2.1528604, 48.88110303 ], [ 2.15289844, 48.88108684 ], [ 2.15302243, 48.88103403 ], [ 2.15322288, 48.88094983 ], [ 2.15327385, 48.88099363 ], [ 2.15344035, 48.880935 ], [ 2.15353389, 48.88090157 ], [ 2.15357215, 48.880887900000012 ], [ 2.153637, 48.88102596 ], [ 2.15369603, 48.88115283 ], [ 2.15371963, 48.88120264 ], [ 2.15393975, 48.88115833 ], [ 2.15389311, 48.88105826000001 ], [ 2.15404034, 48.88101829 ], [ 2.15418718, 48.88097751 ], [ 2.15441633, 48.88091482 ], [ 2.15454084, 48.88088063 ], [ 2.15462543, 48.88105381 ], [ 2.15468359, 48.88104154 ], [ 2.15479332, 48.88101857 ], [ 2.15485914, 48.88100429 ], [ 2.15489923, 48.88099558 ], [ 2.15500378, 48.88097302 ], [ 2.15520055, 48.88093079 ], [ 2.15534123, 48.88089324 ], [ 2.15529211, 48.88080904 ], [ 2.15494687, 48.88023641 ], [ 2.15470747, 48.87986419 ], [ 2.15437904, 48.87934834 ], [ 2.15431774, 48.879260670000015 ], [ 2.15413278, 48.879063299999984 ], [ 2.15400386, 48.87894098000001 ], [ 2.15388548, 48.87884211 ], [ 2.15327077, 48.87845371 ], [ 2.15306352, 48.87832277 ], [ 2.153037, 48.87835217 ], [ 2.1530267, 48.87836513 ], [ 2.15297096, 48.87842194 ], [ 2.15290145, 48.8784871 ], [ 2.15292114, 48.87850046 ], [ 2.15299221, 48.8785489 ], [ 2.15296505, 48.878567769999982 ], [ 2.15296062, 48.87857152 ], [ 2.15294022, 48.87855977000001 ], [ 2.15284829, 48.87862882 ], [ 2.1528211, 48.87864913 ], [ 2.15279384, 48.87866522 ], [ 2.15276109, 48.87868325 ], [ 2.15264441, 48.87874816 ], [ 2.15244616, 48.87885657 ], [ 2.15227721, 48.878948730000012 ], [ 2.15216082, 48.87901248 ], [ 2.152074, 48.87906007 ], [ 2.15190919, 48.87914946 ], [ 2.1518997, 48.87915461 ], [ 2.1519032, 48.879157700000015 ], [ 2.15180742, 48.87921116 ], [ 2.15157932, 48.87933554 ], [ 2.15143897, 48.879412880000011 ], [ 2.15129038, 48.87949475 ], [ 2.15148526, 48.879643 ], [ 2.15149658, 48.87965162 ], [ 2.15160043, 48.87973033 ], [ 2.15108661, 48.879991369999978 ], [ 2.15024886, 48.88041558 ], [ 2.15021147, 48.88043331 ], [ 2.15066158, 48.88094899 ], [ 2.15070388, 48.880926230000021 ], [ 2.15075584, 48.88090078 ], [ 2.15080065, 48.88087907 ], [ 2.15087157, 48.88084459 ], [ 2.15092888, 48.8808172 ], [ 2.15097079, 48.88079735 ], [ 2.15106423, 48.88075341 ], [ 2.15109439, 48.88073555 ], [ 2.15112867, 48.88071546 ], [ 2.15115636, 48.88069821 ], [ 2.15118391, 48.880672329999975 ], [ 2.15121776, 48.880645230000013 ], [ 2.1512641, 48.88062181 ], [ 2.15131079, 48.88061 ], [ 2.15143624, 48.88055972 ], [ 2.15149462, 48.88053342 ], [ 2.15159663, 48.88048234 ], [ 2.15163444, 48.88046318 ], [ 2.15170129, 48.88051996 ], [ 2.151768, 48.88057673 ], [ 2.15179302, 48.880598039999988 ], [ 2.15184799, 48.88064378 ], [ 2.15147765, 48.88083872 ], [ 2.15118211, 48.880984120000015 ], [ 2.15085311, 48.881166350000015 ], [ 2.1508346, 48.88114577 ], [ 2.15079183, 48.88109825 ], [ 2.15075735, 48.88112563 ], [ 2.15064413, 48.88116998000001 ], [ 2.15042827, 48.88125397 ], [ 2.15030805, 48.88130088 ], [ 2.15026318, 48.881318189999988 ], [ 2.15020924, 48.881339659999988 ], [ 2.15013404, 48.88136853 ], [ 2.15019032, 48.8814291 ], [ 2.15024777, 48.88149336 ], [ 2.15031193, 48.88156432 ], [ 2.15037394, 48.88163338 ], [ 2.15020321, 48.881700699999989 ], [ 2.15014639, 48.88172278 ], [ 2.15012636, 48.88173047 ], [ 2.15004114, 48.88176359 ], [ 2.14998308, 48.88178656 ], [ 2.14992957, 48.88180966 ], [ 2.15001579, 48.88193006 ], [ 2.15021168, 48.882232140000013 ], [ 2.15032508, 48.88220458 ], [ 2.15061335, 48.88212937 ], [ 2.15065978, 48.882116840000016 ], [ 2.15080636, 48.88208406 ] ] ] ] } },
{ "type": "Feature", "properties": { "libelle": "UBc", "libelong": "Secteur UBc : habitat collectif de type « résidences »", "typezone": "U", "surface_ha": 15.2, "mailles": 7, "part_mailles_prioritaires": 0.0, "score_sante_moyen": 3.3, "score_climat_moyen": 4.3 }, "geometry": { "type": "MultiPolygon", "coordinates": [ [ [ [ 2.13959284, 48.87185591 ], [ 2.1395476, 48.871697390000016 ], [ 2.13951602, 48.87158735 ], [ 2.13949786, 48.87152328 ], [ 2.13949344, 48.87150993 ], [ 2.13940517, 48.87151353 ], [ 2.13921486, 48.87152106 ], [ 2.13896276, 48.87153031 ], [ 2.13868977, 48.87154139 ], [ 2.13831965, 48.871555900000011 ], [ 2.13805512, 48.87156605 ], [ 2.13802401, 48.87168346 ], [ 2.13798251, 48.87183497 ], [ 2.13804354, 48.872126090000016 ], [ 2.13805957, 48.87217604 ], [ 2.13809295, 48.872177550000011 ], [ 2.13970779, 48.87225264 ], [ 2.1396936, 48.87221045 ], [ 2.13967202, 48.87213007 ], [ 2.13964031, 48.87201976 ], [ 2.13959284, 48.87185591 ] ] ], [ [ [ 2.13112735, 48.87377282 ], [ 2.1310748, 48.87367818000002 ], [ 2.13102795, 48.87359366 ], [ 2.13093094, 48.873418119999982 ], [ 2.13090693, 48.87337747 ], [ 2.13071234, 48.87342922 ], [ 2.13031803, 48.87352798 ], [ 2.13033744, 48.87357372 ], [ 2.1304274, 48.87374696 ], [ 2.13051893, 48.87392381 ], [ 2.13061761, 48.87390132 ], [ 2.13078048, 48.87386392 ], [ 2.13094102, 48.873827229999989 ], [ 2.13113359, 48.87378312 ], [ 2.13112735, 48.87377282 ] ] ], [ [ [ 2.13827308, 48.87369016 ], [ 2.13823675, 48.87377322 ], [ 2.13795415, 48.87442983 ], [ 2.13797547, 48.87446807 ], [ 2.13863142, 48.87523473000001 ], [ 2.13860163, 48.87524684 ], [ 2.13863495, 48.87528458 ], [ 2.1386696, 48.87532485 ], [ 2.1388985, 48.87524412 ], [ 2.13906568, 48.87518524 ], [ 2.13921009, 48.87513448 ], [ 2.1392412, 48.87512472 ], [ 2.13925616, 48.87511862 ], [ 2.13930113, 48.875103389999985 ], [ 2.13920976, 48.87499723 ], [ 2.13914128, 48.87491688 ], [ 2.13903535, 48.87479308 ], [ 2.13897127, 48.874718249999987 ], [ 2.13891523, 48.87465237 ], [ 2.13900369, 48.87462144 ], [ 2.13912722, 48.87457979 ], [ 2.13906252, 48.87450216 ], [ 2.13905342, 48.87449121 ], [ 2.1389966, 48.87442326 ], [ 2.13886579, 48.874269970000014 ], [ 2.13867178, 48.87403914 ], [ 2.1386497, 48.87398907 ], [ 2.13862371, 48.87392845 ], [ 2.13878627, 48.87386774 ], [ 2.13894155, 48.87381084999997 ], [ 2.1389801, 48.87379665 ], [ 2.13902442, 48.87377988 ], [ 2.13908548, 48.87375547 ], [ 2.13893928, 48.87358581 ], [ 2.13888263, 48.873519880000011 ], [ 2.1388179, 48.87353826 ], [ 2.13833944, 48.8736726 ], [ 2.13827308, 48.87369016 ] ] ], [ [ [ 2.12926324, 48.875741110000014 ], [ 2.12922447, 48.87567058 ], [ 2.1291864, 48.87559899 ], [ 2.12910658, 48.87544722 ], [ 2.12907676, 48.87538792 ], [ 2.12905838, 48.875354059999985 ], [ 2.12902094, 48.87528526 ], [ 2.1290031, 48.87525140000001 ], [ 2.12896398, 48.87517719 ], [ 2.12894161, 48.87513691 ], [ 2.12892972, 48.87511443 ], [ 2.12892707, 48.87510974 ], [ 2.12891306, 48.87508319 ], [ 2.12884302, 48.87495048000001 ], [ 2.12877956, 48.874831839999985 ], [ 2.12871286, 48.87484943 ], [ 2.1286789, 48.87485836 ], [ 2.12854442, 48.8748938 ], [ 2.12846278, 48.87491605000001 ], [ 2.12824976, 48.87497611 ], [ 2.12807279, 48.87502455 ], [ 2.12788225, 48.87507749000001 ], [ 2.1277998, 48.87509964 ], [ 2.12778159, 48.87510445 ], [ 2.12775977, 48.87511239 ], [ 2.12770678, 48.87512285 ], [ 2.12760633, 48.87496926 ], [ 2.12749972, 48.874805790000011 ], [ 2.12743065, 48.87469628 ], [ 2.12729195, 48.87448698 ], [ 2.12719293, 48.87433472 ], [ 2.12709345, 48.874184970000016 ], [ 2.1269956, 48.87403631 ], [ 2.12688617, 48.87387066 ], [ 2.1268662, 48.87388256 ], [ 2.12683743, 48.8738998 ], [ 2.12682851, 48.87388571 ], [ 2.12667415, 48.87398441 ], [ 2.12636586, 48.87415664 ], [ 2.12618016, 48.874264750000016 ], [ 2.12619251, 48.87428173 ], [ 2.12619398, 48.87428381 ], [ 2.1262562, 48.87437006 ], [ 2.12642501, 48.87460531 ], [ 2.12662256, 48.87487404 ], [ 2.12680171, 48.87511862 ], [ 2.12692599, 48.87529338 ], [ 2.12716466, 48.87562276 ], [ 2.12726984, 48.87576598 ], [ 2.12727184, 48.87576869 ], [ 2.12730146, 48.87580936 ], [ 2.12733315, 48.87585287000001 ], [ 2.12740977, 48.87595901000001 ], [ 2.12751294, 48.87610025 ], [ 2.12765727, 48.87629934000001 ], [ 2.12781587, 48.8765176 ], [ 2.12788691, 48.876615069999986 ], [ 2.12792271, 48.87666702 ], [ 2.12797964, 48.876630850000012 ], [ 2.12821438, 48.87645449 ], [ 2.12836611, 48.87635037 ], [ 2.12846535, 48.876286339999986 ], [ 2.12852859, 48.87625532 ], [ 2.12866322, 48.87619514 ], [ 2.12873582, 48.87617499000001 ], [ 2.12896684, 48.876139790000011 ], [ 2.12918895, 48.87614771 ], [ 2.12924465, 48.8761598 ], [ 2.12934746, 48.87618309 ], [ 2.12929576, 48.87607159 ], [ 2.12927138, 48.87602896 ], [ 2.12921826, 48.87593603 ], [ 2.1293487, 48.87590586 ], [ 2.12930114, 48.875814859999984 ], [ 2.12926324, 48.875741110000014 ] ] ], [ [ [ 2.13936686, 48.8758952 ], [ 2.139346, 48.87590223 ], [ 2.13912225, 48.87597763 ], [ 2.13917693, 48.87601067 ], [ 2.13927467, 48.87606947 ], [ 2.13940359, 48.87614765 ], [ 2.13954833, 48.87623395 ], [ 2.13965806, 48.87630147 ], [ 2.13979051, 48.87638085 ], [ 2.13996803, 48.8764886 ], [ 2.14022091, 48.87663989 ], [ 2.14039788, 48.876748280000015 ], [ 2.14051816, 48.87682145 ], [ 2.14065479, 48.87690319 ], [ 2.14073566, 48.87695216 ], [ 2.14093966, 48.877074770000014 ], [ 2.14099718, 48.87710936 ], [ 2.14106548, 48.877151220000016 ], [ 2.14119145, 48.87722686 ], [ 2.14130257, 48.87729313 ], [ 2.14137844, 48.877339359999986 ], [ 2.14140756, 48.87735763 ], [ 2.1415887, 48.87728951 ], [ 2.14166923, 48.877259920000029 ], [ 2.14163212, 48.87723613 ], [ 2.1416133, 48.877219540000027 ], [ 2.14157899, 48.87719159000001 ], [ 2.14154226, 48.87716192 ], [ 2.14145398, 48.877091230000012 ], [ 2.14144859, 48.87708696 ], [ 2.14140754, 48.87705438 ], [ 2.1413984, 48.8770464 ], [ 2.14137379, 48.8770259 ], [ 2.1413513, 48.87700901 ], [ 2.1412988, 48.87696762 ], [ 2.14117134, 48.87686679 ], [ 2.14113566, 48.87683955 ], [ 2.1411097, 48.87681805 ], [ 2.14106945, 48.87678674 ], [ 2.14099058, 48.87672411 ], [ 2.14098735, 48.876721210000021 ], [ 2.14089583, 48.87664897 ], [ 2.14084078, 48.876605669999989 ], [ 2.14078263, 48.87655948 ], [ 2.14072558, 48.876513559999985 ], [ 2.14065399, 48.87645603 ], [ 2.14061386, 48.87642579 ], [ 2.14057889, 48.876396309999983 ], [ 2.14054053, 48.876366540000014 ], [ 2.14060467, 48.87633003 ], [ 2.14064582, 48.876306590000013 ], [ 2.14076501, 48.87623927 ], [ 2.14074423, 48.876217900000022 ], [ 2.14072704, 48.87620185 ], [ 2.14071776, 48.87619414 ], [ 2.14066367, 48.87614213 ], [ 2.1406199, 48.87610108 ], [ 2.14059588, 48.87607788 ], [ 2.14059171, 48.876074070000016 ], [ 2.14055521, 48.87603865 ], [ 2.1405497, 48.87603348 ], [ 2.14047613, 48.87596415 ], [ 2.14057505, 48.875927 ], [ 2.14067941, 48.87589051 ], [ 2.14073676, 48.87586871 ], [ 2.14076503, 48.87585812 ], [ 2.14079355, 48.87584798 ], [ 2.14085105, 48.87582168 ], [ 2.14057145, 48.875498290000024 ], [ 2.14048332, 48.875528459999984 ], [ 2.14017149, 48.87562794 ], [ 2.14016332, 48.87562716 ], [ 2.1399611, 48.87569433 ], [ 2.13975447, 48.87576444 ], [ 2.13954881, 48.87583347 ], [ 2.13936686, 48.8758952 ] ] ], [ [ [ 2.14107548, 48.880240309999976 ], [ 2.14109083, 48.880293390000013 ], [ 2.1411019, 48.880333760000013 ], [ 2.14117632, 48.88060014 ], [ 2.14119458, 48.880666830000017 ], [ 2.14153498, 48.880631050000012 ], [ 2.14152799, 48.88060815 ], [ 2.14151944, 48.88058075 ], [ 2.14151634, 48.880570559999988 ], [ 2.14144271, 48.880338900000012 ], [ 2.14138998, 48.88017115 ], [ 2.14137576, 48.88012384 ], [ 2.141373, 48.88011734 ], [ 2.141356, 48.880064969999985 ], [ 2.14130755, 48.87991074 ], [ 2.14128356, 48.87981059 ], [ 2.14106091, 48.87999887 ], [ 2.14100175, 48.87991583 ], [ 2.14093782, 48.87983182 ], [ 2.14089017, 48.87976942 ], [ 2.14086974, 48.87974329 ], [ 2.1408269, 48.87968677 ], [ 2.14079125, 48.87964065 ], [ 2.14076001, 48.879600490000016 ], [ 2.14069313, 48.87951331 ], [ 2.1405726, 48.87935569 ], [ 2.14074972, 48.879298229999989 ], [ 2.14059852, 48.87909866 ], [ 2.14053631, 48.879018079999987 ], [ 2.14043662, 48.87905199 ], [ 2.14044102, 48.87905823 ], [ 2.14036259, 48.87908473 ], [ 2.14025289, 48.87912172 ], [ 2.14016331, 48.8790056 ], [ 2.14002567, 48.87882771 ], [ 2.13999454, 48.87878616 ], [ 2.13992357, 48.87879298 ], [ 2.13979519, 48.878805549999989 ], [ 2.13958109, 48.87882791 ], [ 2.13961647, 48.87886902 ], [ 2.13965374, 48.87891542 ], [ 2.1397086, 48.878986949999977 ], [ 2.13974091, 48.879028649999988 ], [ 2.13968238, 48.87904899 ], [ 2.13968808, 48.87905705 ], [ 2.13970705, 48.8790811 ], [ 2.13971506, 48.87909133 ], [ 2.13991814, 48.87935261 ], [ 2.13996355, 48.879410490000012 ], [ 2.14008664, 48.87956966 ], [ 2.14001275, 48.879593780000015 ], [ 2.13987641, 48.87941886 ], [ 2.13977278, 48.87928726 ], [ 2.13964195, 48.87933201 ], [ 2.13967418, 48.87937847 ], [ 2.13961911, 48.87940235 ], [ 2.1395821, 48.8793564 ], [ 2.13946411, 48.87921004 ], [ 2.13945904, 48.879203520000011 ], [ 2.13931766, 48.87925152 ], [ 2.1392454, 48.87927609 ], [ 2.13897384, 48.8789341 ], [ 2.13896287, 48.878912400000019 ], [ 2.13895242, 48.87889457 ], [ 2.13860272, 48.87893188000001 ], [ 2.13856302, 48.878934730000012 ], [ 2.13858474, 48.87897177 ], [ 2.13858835, 48.87897647 ], [ 2.13862747, 48.87902649 ], [ 2.13864337, 48.87904639 ], [ 2.13871016, 48.87913033 ], [ 2.13884048, 48.87929729 ], [ 2.1389373, 48.87942065 ], [ 2.13904027, 48.87955108 ], [ 2.13916301, 48.87970701 ], [ 2.13922684, 48.8797885 ], [ 2.1393325, 48.879921740000015 ], [ 2.13941531, 48.880026569999984 ], [ 2.13953389, 48.88017779 ], [ 2.1395495, 48.88019868 ], [ 2.13933199, 48.88027428 ], [ 2.13915151, 48.88033657 ], [ 2.13898144, 48.88039596 ], [ 2.13880371, 48.88045737 ], [ 2.13887443, 48.88055087 ], [ 2.1388807, 48.880559099999985 ], [ 2.13891676, 48.880604870000013 ], [ 2.13895305, 48.88065324 ], [ 2.13903275, 48.88075697 ], [ 2.13915386, 48.88071387 ], [ 2.13918717, 48.880753230000018 ], [ 2.13922529, 48.88079811 ], [ 2.13930194, 48.880887970000011 ], [ 2.13948391, 48.880818040000015 ], [ 2.13952975, 48.880800119999989 ], [ 2.13956062, 48.88083793 ], [ 2.13966944, 48.880969569999984 ], [ 2.13970059, 48.88100721 ], [ 2.13975789, 48.88109537 ], [ 2.13991688, 48.88108026 ], [ 2.14038049, 48.88102342 ], [ 2.14068655, 48.88098623 ], [ 2.14082756, 48.88096916 ], [ 2.14109442, 48.880936 ], [ 2.14124827, 48.88091687 ], [ 2.14122241, 48.88082297 ], [ 2.14122074, 48.8808173 ], [ 2.14120516, 48.88076133 ], [ 2.14118058, 48.88067257 ], [ 2.14116072, 48.880603179999987 ], [ 2.14107258, 48.88061496 ], [ 2.14102077, 48.88062232 ], [ 2.14087262, 48.88064302 ], [ 2.14082215, 48.880495169999989 ], [ 2.14082643, 48.88049214 ], [ 2.14081288, 48.880453549999984 ], [ 2.14080842, 48.880451360000016 ], [ 2.14077687, 48.88035535 ], [ 2.14073899, 48.88027052 ], [ 2.14084976, 48.88017744 ], [ 2.14101913, 48.88003421 ], [ 2.14104415, 48.88013117 ], [ 2.14107484, 48.88023778 ], [ 2.14107548, 48.880240309999976 ] ], [ [ 2.13991671, 48.880182520000012 ], [ 2.13994236, 48.88017317 ], [ 2.13991392, 48.88013664 ], [ 2.1399486, 48.880125910000011 ], [ 2.14002766, 48.880102379999983 ], [ 2.14013365, 48.8800717 ], [ 2.14014892, 48.88006728000002 ], [ 2.14015817, 48.88007902 ], [ 2.14030118, 48.88026047 ], [ 2.14033536, 48.88030425 ], [ 2.14038413, 48.88036494 ], [ 2.1404087, 48.8803966 ], [ 2.14041551, 48.880405279999977 ], [ 2.14048471, 48.880484200000012 ], [ 2.13985299, 48.88101514 ], [ 2.13978866, 48.880926 ], [ 2.13969275, 48.88080498 ], [ 2.13966136, 48.88076545 ], [ 2.13954368, 48.88061729 ], [ 2.13956822, 48.88060883 ], [ 2.13958249, 48.880603810000011 ], [ 2.13969618, 48.88056442 ], [ 2.13969311, 48.88056062 ], [ 2.13980625, 48.88052142 ], [ 2.13972784, 48.88042255 ], [ 2.13968992, 48.88037417 ], [ 2.13963447, 48.880304699999989 ], [ 2.13961911, 48.88028534 ], [ 2.13976709, 48.880233790000013 ], [ 2.13991671, 48.880182520000012 ] ] ], [ [ [ 2.14221454, 48.88036953 ], [ 2.14225734, 48.880535850000022 ], [ 2.14230796, 48.88073273 ], [ 2.1423581, 48.880926 ], [ 2.14240847, 48.88112134 ], [ 2.14245141, 48.88128749 ], [ 2.14249902, 48.88137238 ], [ 2.14285383, 48.88127823 ], [ 2.14292505, 48.88126241 ], [ 2.14289898, 48.88118619 ], [ 2.14289489, 48.88116943 ], [ 2.1428633, 48.88104284 ], [ 2.14284661, 48.88097132 ], [ 2.14282547, 48.88088024 ], [ 2.14281366, 48.880835729999987 ], [ 2.14281163, 48.880826630000016 ], [ 2.14281742, 48.88082262 ], [ 2.14277908, 48.88066649 ], [ 2.14276754, 48.88062216 ], [ 2.14276147, 48.88061807 ], [ 2.14272065, 48.88044717 ], [ 2.14267394, 48.88025302 ], [ 2.142941, 48.880224 ], [ 2.14308065, 48.880213730000023 ], [ 2.14306856, 48.88016187 ], [ 2.14300009, 48.87988627 ], [ 2.14286253, 48.8798967 ], [ 2.1427949, 48.87990449 ], [ 2.14258426, 48.879927530000018 ], [ 2.14250844, 48.8799359 ], [ 2.14243085, 48.879944510000016 ], [ 2.14238674, 48.87976603 ], [ 2.14233174, 48.87954539 ], [ 2.14215316, 48.879576129999982 ], [ 2.14201819, 48.87959935 ], [ 2.14202075, 48.879609619999989 ], [ 2.14210179, 48.879929830000016 ], [ 2.14212982, 48.88004066 ], [ 2.14217151, 48.88020014 ], [ 2.14221454, 48.88036953 ] ] ], [ [ [ 2.14036876, 48.88428745 ], [ 2.14035009, 48.88426115 ], [ 2.14023921, 48.88410512 ], [ 2.14014215, 48.88397087 ], [ 2.14008365, 48.88388789 ], [ 2.14005219, 48.883844409999988 ], [ 2.13996011, 48.88371415 ], [ 2.13986801, 48.88358542000001 ], [ 2.13981759, 48.88351697 ], [ 2.13978241, 48.88346726 ], [ 2.1397731, 48.88345298 ], [ 2.13969098, 48.88333889 ], [ 2.13967339, 48.88331439 ], [ 2.13959248, 48.88320148 ], [ 2.13958077, 48.88318404000001 ], [ 2.13950491, 48.883078899999987 ], [ 2.13948761, 48.88305315 ], [ 2.13944281, 48.882991310000016 ], [ 2.13939298, 48.88300672 ], [ 2.13939146, 48.883004610000015 ], [ 2.13895153, 48.88239347 ], [ 2.1389065, 48.88233092 ], [ 2.13878682, 48.8823627 ], [ 2.13882923, 48.88242642 ], [ 2.13892542, 48.882563910000023 ], [ 2.13903758, 48.882724250000017 ], [ 2.1387988, 48.88279907 ], [ 2.13902325, 48.883121310000021 ], [ 2.13870827, 48.88321842 ], [ 2.13874554, 48.88327346 ], [ 2.13878774, 48.88331954 ], [ 2.13880118, 48.88333142 ], [ 2.13884566, 48.88339595 ], [ 2.13864532, 48.88346295 ], [ 2.13866765, 48.88349791 ], [ 2.13869699, 48.883537429999983 ], [ 2.13879368, 48.8836777 ], [ 2.1389092, 48.88384177 ], [ 2.13893771, 48.883881990000013 ], [ 2.13900753, 48.88398124 ], [ 2.13907681, 48.884080040000022 ], [ 2.13915632, 48.88419519 ], [ 2.1391683, 48.8842129 ], [ 2.13920896, 48.88426923 ], [ 2.13926305, 48.884346060000013 ], [ 2.13933444, 48.8844491 ], [ 2.13936027, 48.88448733 ], [ 2.13946753, 48.88446606 ], [ 2.13958137, 48.8844435 ], [ 2.1397127, 48.884418 ], [ 2.13986048, 48.88438795 ], [ 2.13997307, 48.88436609 ], [ 2.1402292, 48.88431469 ], [ 2.14034352, 48.88429237 ], [ 2.14036876, 48.88428745 ] ] ], [ [ [ 2.13760967, 48.88429945 ], [ 2.13744493, 48.88434889 ], [ 2.13715252, 48.88392292 ], [ 2.13712786, 48.88387591 ], [ 2.13689832, 48.88422765 ], [ 2.13692665, 48.884279770000013 ], [ 2.13718764, 48.88466757 ], [ 2.13740647, 48.88460457 ], [ 2.13744869, 48.88466549 ], [ 2.13752555, 48.88464356 ], [ 2.13778527, 48.8845653 ], [ 2.13760967, 48.88429945 ] ] ], [ [ [ 2.14862201, 48.87489133 ], [ 2.148599462114805, 48.874903083950308 ], [ 2.14862433, 48.87489013 ], [ 2.14862201, 48.87489133 ] ] ], [ [ [ 2.148583924258797, 48.87491118364828 ], [ 2.148599462114805, 48.874903083950308 ], [ 2.14858392, 48.874911179999984 ], [ 2.148583924258797, 48.87491118364828 ] ] ], [ [ [ 2.14831152, 48.87505182000001 ], [ 2.1482525, 48.87508491 ], [ 2.14845307, 48.875258330000023 ], [ 2.14855524, 48.87534719 ], [ 2.1486238, 48.87540704 ], [ 2.14866681, 48.875445119999981 ], [ 2.14922441, 48.875914550000012 ], [ 2.14928891, 48.87588041 ], [ 2.14955986, 48.8757472 ], [ 2.148583924258797, 48.87491118364828 ], [ 2.14850457, 48.874952549999989 ], [ 2.14840845, 48.8750025 ], [ 2.14840335, 48.87500588000001 ], [ 2.14839813, 48.875008 ], [ 2.14838124, 48.87501526 ], [ 2.14831152, 48.87505182000001 ] ] ], [ [ [ 2.14309943, 48.876867539999985 ], [ 2.14309136, 48.876870389999986 ], [ 2.14247043, 48.8770937 ], [ 2.1425018, 48.877142629999987 ], [ 2.14264437, 48.87731947 ], [ 2.1427515, 48.8774546 ], [ 2.14289126, 48.87762082 ], [ 2.14297145, 48.877718789999989 ], [ 2.14326865, 48.877614250000015 ], [ 2.14361148, 48.87749574 ], [ 2.14354839, 48.87741840000001 ], [ 2.14345377, 48.87730188 ], [ 2.14314252, 48.87691842 ], [ 2.14309943, 48.876867539999985 ] ] ], [ [ [ 2.15017511, 48.878851800000014 ], [ 2.15015375, 48.87886458 ], [ 2.15018278, 48.87888315 ], [ 2.1502662, 48.878926640000017 ], [ 2.15043082, 48.879015949999989 ], [ 2.15047517, 48.87903902 ], [ 2.15051651, 48.87906252 ], [ 2.15056342, 48.879079310000023 ], [ 2.15058782, 48.87908793 ], [ 2.15061002, 48.879098159999984 ], [ 2.15064777, 48.8791246 ], [ 2.15068844, 48.879147109999984 ], [ 2.15071257, 48.87915609 ], [ 2.15081807, 48.879175009999983 ], [ 2.15087182, 48.87918195 ], [ 2.15089697, 48.87918654 ], [ 2.15094398, 48.87920531000001 ], [ 2.15098876, 48.87922685 ], [ 2.15103276, 48.87924623 ], [ 2.15107326, 48.87927143000001 ], [ 2.15109184, 48.87928568 ], [ 2.1511219, 48.87931521 ], [ 2.15114392, 48.87932787 ], [ 2.15116626, 48.87933783 ], [ 2.15121559, 48.879347709999983 ], [ 2.15124171, 48.87935986 ], [ 2.15126041, 48.87937573 ], [ 2.15126746, 48.87939061 ], [ 2.15126845, 48.879392699999975 ], [ 2.1512687, 48.87941068 ], [ 2.15125449, 48.87944629 ], [ 2.15125853, 48.87944937 ], [ 2.15127977, 48.8794846 ], [ 2.15129038, 48.87949475 ], [ 2.15143897, 48.879412880000011 ], [ 2.15157932, 48.87933554 ], [ 2.15180742, 48.87921116 ], [ 2.1519032, 48.879157700000015 ], [ 2.1518997, 48.87915461 ], [ 2.15190919, 48.87914946 ], [ 2.152074, 48.87906007 ], [ 2.15216082, 48.87901248 ], [ 2.15227721, 48.878948730000012 ], [ 2.15244616, 48.87885657 ], [ 2.15264441, 48.87874816 ], [ 2.15276109, 48.87868325 ], [ 2.15279384, 48.87866522 ], [ 2.1528211, 48.87864913 ], [ 2.15284829, 48.87862882 ], [ 2.15294022, 48.87855977000001 ], [ 2.15296062, 48.87857152 ], [ 2.15296505, 48.878567769999982 ], [ 2.15299221, 48.8785489 ], [ 2.15292114, 48.87850046 ], [ 2.15290145, 48.8784871 ], [ 2.15297096, 48.87842194 ], [ 2.1530267, 48.87836513 ], [ 2.153037, 48.87835217 ], [ 2.15306352, 48.87832277 ], [ 2.15302282, 48.878296750000011 ], [ 2.15301089, 48.878289120000012 ], [ 2.15297717, 48.8782664 ], [ 2.15284089, 48.878178189999986 ], [ 2.15271018, 48.87808284 ], [ 2.15264993, 48.878014960000016 ], [ 2.15259284, 48.87803379 ], [ 2.15219342, 48.87816552000001 ], [ 2.15145999, 48.87840764 ], [ 2.15026023, 48.87881643 ], [ 2.15017511, 48.878851800000014 ] ] ], [ [ [ 2.14615557, 48.880453549999977 ], [ 2.14610273, 48.88039121 ], [ 2.14603716, 48.88031483 ], [ 2.14598844, 48.88025936 ], [ 2.14596127, 48.88022823 ], [ 2.14593345, 48.88019493 ], [ 2.14590843, 48.88016588 ], [ 2.14579094, 48.88002951 ], [ 2.14567754, 48.879893439999989 ], [ 2.14557465, 48.879773720000017 ], [ 2.14551402, 48.87970413 ], [ 2.14546998, 48.879654350000017 ], [ 2.14543184, 48.8796101 ], [ 2.14537256, 48.8795415 ], [ 2.14539407, 48.87948563 ], [ 2.14531795, 48.87951224 ], [ 2.1453063, 48.8795163 ], [ 2.14506234, 48.87960009 ], [ 2.14510413, 48.87964625 ], [ 2.14515199, 48.879704150000016 ], [ 2.14525798, 48.879826499999979 ], [ 2.14536785, 48.879953010000015 ], [ 2.14546339, 48.880064320000017 ], [ 2.14567876, 48.88031821 ], [ 2.14573, 48.880378030000017 ], [ 2.14577187, 48.88042743 ], [ 2.14585296, 48.88052136 ], [ 2.1459208, 48.88060045 ], [ 2.14613013, 48.88055787 ], [ 2.14621168, 48.88053936 ], [ 2.14615557, 48.880453549999977 ] ] ], [ [ [ 2.14486792, 48.88174114000001 ], [ 2.1447633, 48.88177609 ], [ 2.14454272, 48.88184782 ], [ 2.14454962, 48.8818592 ], [ 2.14457028, 48.881888390000015 ], [ 2.1445119, 48.88190569 ], [ 2.14403303, 48.8820611 ], [ 2.14397358, 48.88207865 ], [ 2.14402836, 48.88215068 ], [ 2.14409159, 48.882132289999987 ], [ 2.14421635, 48.88209182 ], [ 2.14447641, 48.8820077 ], [ 2.1446062, 48.881966580000011 ], [ 2.14460862, 48.8819664 ], [ 2.14465215, 48.88202631 ], [ 2.1447311, 48.88200133 ], [ 2.14503569, 48.881904489999989 ], [ 2.14549326, 48.881759 ], [ 2.14546434, 48.881726420000014 ], [ 2.14554429, 48.881698660000019 ], [ 2.14594934, 48.88156224 ], [ 2.14597359, 48.881552799999987 ], [ 2.1459573, 48.88153424 ], [ 2.14573633, 48.88128894 ], [ 2.14572798, 48.88127961 ], [ 2.14570691, 48.88128684 ], [ 2.14546546, 48.88136741000001 ], [ 2.14543184, 48.88133002 ], [ 2.14517715, 48.88141157 ], [ 2.14531138, 48.88155787 ], [ 2.14497605, 48.881666809999984 ], [ 2.14493136, 48.88168097 ], [ 2.14484432, 48.88170868000001 ], [ 2.14486792, 48.88174114000001 ] ] ], [ [ [ 2.14976914, 48.88158565 ], [ 2.14963335, 48.88138323 ], [ 2.14958152, 48.88138439 ], [ 2.14958165, 48.88138466 ], [ 2.14869369, 48.88165832 ], [ 2.14904245, 48.88213719 ], [ 2.14911442, 48.88211441 ], [ 2.14933021, 48.88241066 ], [ 2.14934956, 48.88243753 ], [ 2.14945955, 48.882415259999981 ], [ 2.14968967, 48.88236060000002 ], [ 2.1499019, 48.88230743 ], [ 2.15021168, 48.882232140000013 ], [ 2.15001579, 48.88193006 ], [ 2.14992957, 48.88180966 ], [ 2.14976914, 48.88158565 ] ] ], [ [ [ 2.1450726, 48.88257207 ], [ 2.14522938, 48.88252445 ], [ 2.1455824, 48.88241788 ], [ 2.14604544, 48.882279710000013 ], [ 2.14646695, 48.8821542 ], [ 2.14649275, 48.88214334 ], [ 2.14647937, 48.88212884 ], [ 2.14630612, 48.88193152 ], [ 2.1462816, 48.88193991 ], [ 2.14622925, 48.88195591 ], [ 2.14603507, 48.88201379 ], [ 2.14572413, 48.88210762 ], [ 2.1454839, 48.88217992 ], [ 2.1454351, 48.8821954 ], [ 2.14536893, 48.88221409 ], [ 2.14527599, 48.88224337 ], [ 2.14514184, 48.88228307 ], [ 2.14490599, 48.882354499999984 ], [ 2.14476511, 48.88239675 ], [ 2.14469397, 48.88241909 ], [ 2.14469068, 48.88241987 ], [ 2.14456227, 48.88245916000001 ], [ 2.14454035, 48.88246485 ], [ 2.14439263, 48.88250912 ], [ 2.14433597, 48.882529370000022 ], [ 2.14450717, 48.88274256 ], [ 2.14456569, 48.88272395 ], [ 2.14490762, 48.882620539999984 ], [ 2.14494845, 48.88260851 ], [ 2.1450726, 48.88257207 ] ] ] ] } },
{ "type": "Feature", "properties": { "libelle": "UE", "libelong": "Secteur UE : zone de confortation des équipements publics et collectifs", "typezone": "U", "surface_ha": 15.0, "mailles": 12, "part_mailles_prioritaires": 16.7, "score_sante_moyen": 4.2, "score_climat_moyen": 4.7 }, "geometry": { "type": "MultiPolygon", "coordinates": [ [ [ [ 2.12719293, 48.87433472 ], [ 2.12729195, 48.87448698 ], [ 2.12743065, 48.87469628 ], [ 2.12749972, 48.874805790000011 ], [ 2.12760633, 48.87496926 ], [ 2.12770678, 48.87512285 ], [ 2.12775977, 48.87511239 ], [ 2.12778159, 48.87510445 ], [ 2.1277998, 48.87509964 ], [ 2.12788225, 48.87507749000001 ], [ 2.12807279, 48.87502455 ], [ 2.12824976, 48.87497611 ], [ 2.12846278, 48.87491605000001 ], [ 2.12854442, 48.8748938 ], [ 2.1286789, 48.87485836 ], [ 2.12871286, 48.87484943 ], [ 2.12864351, 48.87473264 ], [ 2.12875729, 48.87470415 ], [ 2.12875028, 48.87469124 ], [ 2.12869318, 48.8745918 ], [ 2.12866562, 48.874543930000016 ], [ 2.12864521, 48.874508529999986 ], [ 2.12862944, 48.87448126 ], [ 2.12862587, 48.87447475 ], [ 2.1286133, 48.87445227 ], [ 2.12858682, 48.87440495 ], [ 2.1285671, 48.874369459999983 ], [ 2.12847999, 48.87421387 ], [ 2.12844504, 48.87415138 ], [ 2.12848021, 48.874143360000012 ], [ 2.12850444, 48.87413787 ], [ 2.12868991, 48.87409434 ], [ 2.12887209, 48.87405178 ], [ 2.12896024, 48.87403155 ], [ 2.12900788, 48.87401978 ], [ 2.1289403, 48.8738948 ], [ 2.1288418, 48.873712169999983 ], [ 2.12884172, 48.87371214 ], [ 2.12874671, 48.87353602 ], [ 2.1287014, 48.87344885 ], [ 2.12863569, 48.87332242 ], [ 2.12836681, 48.87280509 ], [ 2.127575, 48.873356029999989 ], [ 2.12700509, 48.87376288 ], [ 2.12687539, 48.8738531 ], [ 2.12688617, 48.87387066 ], [ 2.1269956, 48.87403631 ], [ 2.12709345, 48.874184970000016 ], [ 2.12719293, 48.87433472 ] ] ], [ [ [ 2.12546566, 48.87474481000001 ], [ 2.12549352, 48.87478315 ], [ 2.12558092, 48.87490439 ], [ 2.12569022, 48.87505394 ], [ 2.12577844, 48.87517537 ], [ 2.12587824, 48.87531334 ], [ 2.12599954, 48.8754789 ], [ 2.12610747, 48.87562835 ], [ 2.12614706, 48.87568251 ], [ 2.12615146, 48.87568866 ], [ 2.12619957, 48.87575467 ], [ 2.126301, 48.875893640000022 ], [ 2.12630806, 48.87590349 ], [ 2.12640209, 48.87603629 ], [ 2.12641541, 48.8760551 ], [ 2.1264254, 48.87606911 ], [ 2.12642791, 48.87607933 ], [ 2.12663606, 48.87601219 ], [ 2.12693501, 48.87591005 ], [ 2.12712558, 48.87584758 ], [ 2.12719252, 48.87583997 ], [ 2.12730146, 48.87580936 ], [ 2.12727184, 48.87576869 ], [ 2.12726984, 48.87576598 ], [ 2.12716466, 48.87562276 ], [ 2.12692599, 48.87529338 ], [ 2.12680171, 48.87511862 ], [ 2.12662256, 48.87487404 ], [ 2.12642501, 48.87460531 ], [ 2.1262562, 48.87437006 ], [ 2.12619398, 48.87428381 ], [ 2.12619251, 48.87428173 ], [ 2.12618016, 48.874264750000016 ], [ 2.1260836, 48.874320959999984 ], [ 2.1260338, 48.87435184 ], [ 2.12594169, 48.87440896 ], [ 2.12580949, 48.87448714 ], [ 2.12555325, 48.87464445 ], [ 2.12543769, 48.87470776 ], [ 2.12545687, 48.8747326 ], [ 2.12546566, 48.87474481000001 ] ] ], [ [ [ 2.12411834, 48.876761580000014 ], [ 2.12427208, 48.87669228 ], [ 2.12427318, 48.87669175 ], [ 2.12449631, 48.876590950000015 ], [ 2.12456777, 48.8765578 ], [ 2.1244029, 48.87640509 ], [ 2.123966, 48.87595311 ], [ 2.1238135, 48.87581967 ], [ 2.12378461, 48.87579439 ], [ 2.12339247, 48.87606484 ], [ 2.12344359, 48.876111080000015 ], [ 2.12344426, 48.87611171 ], [ 2.12345796, 48.876124969999985 ], [ 2.12349175, 48.87615766 ], [ 2.12411834, 48.876761580000014 ] ] ], [ [ [ 2.13462726, 48.87692282 ], [ 2.13459646, 48.876930420000015 ], [ 2.13452262, 48.876951020000014 ], [ 2.1343751, 48.87699159 ], [ 2.1343781, 48.87699962 ], [ 2.13438147, 48.87701026 ], [ 2.13444813, 48.87716678 ], [ 2.13449978, 48.87731662 ], [ 2.13452263, 48.87738514 ], [ 2.13485151, 48.87734417 ], [ 2.13512368, 48.87731079000001 ], [ 2.1351658, 48.87745086 ], [ 2.13523966, 48.87771616 ], [ 2.13525541, 48.87776979 ], [ 2.13538256, 48.87774894 ], [ 2.13542842, 48.87782023 ], [ 2.13545854, 48.877845719999975 ], [ 2.13546044, 48.877854100000015 ], [ 2.13549044, 48.87787905 ], [ 2.13554589, 48.87787369 ], [ 2.13556318, 48.877957099999989 ], [ 2.13557297, 48.87799785 ], [ 2.13571396, 48.87798346 ], [ 2.13585491, 48.87796885 ], [ 2.13593946, 48.87796008 ], [ 2.13609648, 48.877944610000014 ], [ 2.13608757, 48.87790072 ], [ 2.13606852, 48.87780812 ], [ 2.13603626, 48.877657069999977 ], [ 2.13601044, 48.87752809 ], [ 2.13598273, 48.87739047 ], [ 2.13595877, 48.8772732 ], [ 2.13593827, 48.87717235 ], [ 2.13592914, 48.87712747 ], [ 2.13591048, 48.87703632 ], [ 2.13589065, 48.87694085 ], [ 2.13587348, 48.87685834 ], [ 2.13586351, 48.87685917 ], [ 2.13586168, 48.87685271 ], [ 2.13586055, 48.87684872 ], [ 2.13582295, 48.87675635 ], [ 2.13580672, 48.87671531 ], [ 2.13567584, 48.876730739999985 ], [ 2.13563823, 48.87666418 ], [ 2.1355202, 48.876694 ], [ 2.13525643, 48.876616190000014 ], [ 2.13522881, 48.87659788 ], [ 2.13519823, 48.87661487 ], [ 2.13514474, 48.876633370000015 ], [ 2.13505598, 48.87664172 ], [ 2.13500705, 48.8766457 ], [ 2.13498498, 48.8766475 ], [ 2.13491822, 48.87664432 ], [ 2.134687, 48.876610270000015 ], [ 2.13466885, 48.876607659999983 ], [ 2.13463583, 48.87660292 ], [ 2.1346306, 48.876640170000016 ], [ 2.13463058, 48.87664953 ], [ 2.13462872, 48.87681059 ], [ 2.13462726, 48.87692282 ] ] ], [ [ [ 2.12626585, 48.878388129999983 ], [ 2.12628384, 48.87831575 ], [ 2.12629259, 48.87828057 ], [ 2.12628158, 48.87823722 ], [ 2.12625456, 48.87819035 ], [ 2.12622379, 48.878155050000011 ], [ 2.12609637, 48.87802911 ], [ 2.12565468, 48.87761758 ], [ 2.12534459, 48.877326620000012 ], [ 2.12510954, 48.87708575 ], [ 2.12505477, 48.87712903 ], [ 2.12435205, 48.877755140000033 ], [ 2.12494911, 48.87802464 ], [ 2.12514616, 48.877857040000016 ], [ 2.12626585, 48.878388129999983 ] ] ], [ [ [ 2.11979483, 48.885055300000019 ], [ 2.11914894, 48.88479091 ], [ 2.11870283, 48.884608209999989 ], [ 2.11848926, 48.884520660000021 ], [ 2.11802419, 48.88432424 ], [ 2.11737888, 48.88501337 ], [ 2.11942252, 48.88588057 ], [ 2.11963492, 48.88597603 ], [ 2.11966588, 48.88598606 ], [ 2.11966591, 48.88598598 ], [ 2.11994925, 48.88513263 ], [ 2.11985761, 48.88508463 ], [ 2.11979483, 48.885055300000019 ] ] ], [ [ [ 2.1166575, 48.88589711 ], [ 2.11647934, 48.88608547 ], [ 2.11642103, 48.88614637 ], [ 2.11634329, 48.88622737 ], [ 2.11625824, 48.88619212 ], [ 2.1161029, 48.88612864 ], [ 2.11592251, 48.88605419000001 ], [ 2.11577688, 48.88620601 ], [ 2.11568828, 48.88629943 ], [ 2.11604393, 48.88644496 ], [ 2.11626292, 48.886535340000016 ], [ 2.11647637, 48.88662227 ], [ 2.1170945, 48.88687532 ], [ 2.11733974, 48.88697785 ], [ 2.11743848, 48.8870177 ], [ 2.11785196, 48.88718758 ], [ 2.11804995, 48.88726971 ], [ 2.11805456, 48.88727163 ], [ 2.11821098, 48.88733583 ], [ 2.11821658, 48.88733587 ], [ 2.11830952, 48.8872352 ], [ 2.11843008, 48.88710613 ], [ 2.11843954, 48.88709505 ], [ 2.11844317, 48.88708986 ], [ 2.11846195, 48.88706787 ], [ 2.11862069, 48.88713281 ], [ 2.11863233, 48.887121650000012 ], [ 2.1188332, 48.88720317 ], [ 2.11897094, 48.88725976 ], [ 2.1191775, 48.88734339 ], [ 2.1192096, 48.887356400000016 ], [ 2.11924818, 48.887369390000018 ], [ 2.11927205, 48.88729283 ], [ 2.11928358, 48.88725604 ], [ 2.11937388, 48.88695883 ], [ 2.11937601, 48.88695184 ], [ 2.11938322, 48.88692851 ], [ 2.11948286, 48.886600979999983 ], [ 2.11948735, 48.88658616 ], [ 2.11944249, 48.886568750000016 ], [ 2.11943167, 48.88656364 ], [ 2.11699176, 48.885543249999976 ], [ 2.11670111, 48.88585111 ], [ 2.11669709, 48.88585486 ], [ 2.11669069, 48.88586237 ], [ 2.1166575, 48.88589711 ] ] ], [ [ [ 2.14450802, 48.87553207 ], [ 2.14456294, 48.8755111 ], [ 2.14457146, 48.875507469999988 ], [ 2.14487815, 48.87538807 ], [ 2.14499589, 48.87550853 ], [ 2.14512724, 48.87564671 ], [ 2.14516452, 48.87568430000001 ], [ 2.14534645, 48.87560726000001 ], [ 2.14540089, 48.875663230000015 ], [ 2.14557822, 48.87558355 ], [ 2.14579588, 48.87580455 ], [ 2.1458361, 48.8758411 ], [ 2.14611446, 48.875720890000011 ], [ 2.14607597, 48.87568631 ], [ 2.1460234, 48.87563233 ], [ 2.14599953, 48.87560833 ], [ 2.14588163, 48.875489579999986 ], [ 2.14584128, 48.875447110000017 ], [ 2.14577823, 48.87538407 ], [ 2.14563219, 48.875235889999985 ], [ 2.14584146, 48.87514556 ], [ 2.14600815, 48.8750739 ], [ 2.14605334, 48.8750539 ], [ 2.14592836, 48.874926189999982 ], [ 2.14584425, 48.87484195 ], [ 2.14574259, 48.87473924 ], [ 2.14560872, 48.87460491 ], [ 2.14553363, 48.874528200000015 ], [ 2.14545167, 48.87444613 ], [ 2.14524082, 48.87453294 ], [ 2.14511752, 48.87441137 ], [ 2.14505168, 48.87434417 ], [ 2.14501076, 48.87430313 ], [ 2.14495027, 48.87424235 ], [ 2.14485984, 48.87415294 ], [ 2.14483732, 48.87412967 ], [ 2.1448043, 48.87409831 ], [ 2.14463301, 48.87392666 ], [ 2.14461436, 48.87390256 ], [ 2.14460416, 48.87390649000001 ], [ 2.14457845, 48.873916450000024 ], [ 2.1444705, 48.87395827 ], [ 2.14444664, 48.87396751 ], [ 2.14434853, 48.874005659999987 ], [ 2.14413475, 48.87408813 ], [ 2.14390449, 48.874177949999982 ], [ 2.14373064, 48.874245150000029 ], [ 2.14350134, 48.87433452 ], [ 2.14341751, 48.87436666 ], [ 2.14338865, 48.87438043 ], [ 2.14354408, 48.87454609 ], [ 2.14385768, 48.8748775 ], [ 2.14447196, 48.875497050000014 ], [ 2.14450802, 48.87553207 ] ] ], [ [ [ 2.14450168, 48.87694172 ], [ 2.14449431, 48.876933660000013 ], [ 2.14475835, 48.87683006 ], [ 2.14477334, 48.87684675 ], [ 2.1448336, 48.87691387 ], [ 2.14488462, 48.87697072 ], [ 2.14489372, 48.87698113 ], [ 2.14498343, 48.87708123 ], [ 2.14501355, 48.87711518 ], [ 2.14504823, 48.877153919999984 ], [ 2.14507327, 48.87718162 ], [ 2.14511305, 48.87722543 ], [ 2.14518937, 48.87731078 ], [ 2.1451974, 48.87731983 ], [ 2.14525712, 48.87738654 ], [ 2.14530473, 48.87743866 ], [ 2.14531418, 48.87744901 ], [ 2.14541052, 48.87741129 ], [ 2.14542231, 48.87742361 ], [ 2.14550876, 48.877515149999986 ], [ 2.14563587, 48.87764592 ], [ 2.14570114, 48.87771234 ], [ 2.14578722, 48.877687380000012 ], [ 2.14587761, 48.87765724 ], [ 2.14582515, 48.87759448 ], [ 2.14543488, 48.87717305 ], [ 2.1456371, 48.87708896 ], [ 2.14565158, 48.87710408 ], [ 2.1459057, 48.87699842 ], [ 2.14595515, 48.87697598 ], [ 2.14589504, 48.87691762 ], [ 2.14584873, 48.87693866 ], [ 2.14554645, 48.87706277 ], [ 2.14534612, 48.87685674 ], [ 2.1456457, 48.87673072 ], [ 2.14568466, 48.87671307 ], [ 2.14512542, 48.87613936 ], [ 2.14409787, 48.876519380000012 ], [ 2.14414407, 48.87656629 ], [ 2.14431484, 48.87675341 ], [ 2.14448892, 48.876946579999988 ], [ 2.14450168, 48.87694172 ] ] ], [ [ [ 2.14659266, 48.87962584 ], [ 2.1466321, 48.87963242 ], [ 2.14670173, 48.87962662000001 ], [ 2.1467977, 48.87959493000001 ], [ 2.14684171, 48.87957186 ], [ 2.14687086, 48.87954059 ], [ 2.14687963, 48.87950468 ], [ 2.14687743, 48.87947229 ], [ 2.14686561, 48.87944522 ], [ 2.14679455, 48.879370969999989 ], [ 2.14672755, 48.87929944 ], [ 2.14656243, 48.87914088 ], [ 2.14651915, 48.87911898 ], [ 2.14647431, 48.87910967 ], [ 2.1464292, 48.87911654 ], [ 2.14638136, 48.8791234 ], [ 2.14634572, 48.879134829999984 ], [ 2.14629208, 48.87916323 ], [ 2.14624515, 48.879197970000014 ], [ 2.14622409, 48.87923469 ], [ 2.14623007, 48.879286 ], [ 2.14624854, 48.87932391 ], [ 2.14632104, 48.87939277 ], [ 2.14649289, 48.879556779999987 ], [ 2.14655336, 48.87961117 ], [ 2.14659266, 48.87962584 ] ] ], [ [ [ 2.14961844, 48.87979127 ], [ 2.14985696, 48.88004838 ], [ 2.15000399, 48.88020628 ], [ 2.15014106, 48.88035348 ], [ 2.15021147, 48.88043331 ], [ 2.15024886, 48.88041558 ], [ 2.15108661, 48.879991369999978 ], [ 2.15160043, 48.87973033 ], [ 2.15149658, 48.87965162 ], [ 2.15148526, 48.879643 ], [ 2.15129038, 48.87949475 ], [ 2.15127977, 48.8794846 ], [ 2.15125853, 48.87944937 ], [ 2.15125449, 48.87944629 ], [ 2.1512687, 48.87941068 ], [ 2.15126845, 48.879392699999975 ], [ 2.15126746, 48.87939061 ], [ 2.15126041, 48.87937573 ], [ 2.15124171, 48.87935986 ], [ 2.15121559, 48.879347709999983 ], [ 2.15116626, 48.87933783 ], [ 2.15114392, 48.87932787 ], [ 2.1511219, 48.87931521 ], [ 2.15109184, 48.87928568 ], [ 2.15107326, 48.87927143000001 ], [ 2.15103276, 48.87924623 ], [ 2.15098876, 48.87922685 ], [ 2.15094398, 48.87920531000001 ], [ 2.15089697, 48.87918654 ], [ 2.15087182, 48.87918195 ], [ 2.15081807, 48.879175009999983 ], [ 2.15071257, 48.87915609 ], [ 2.15068844, 48.879147109999984 ], [ 2.15064777, 48.8791246 ], [ 2.15061002, 48.879098159999984 ], [ 2.15058782, 48.87908793 ], [ 2.15056342, 48.879079310000023 ], [ 2.15051651, 48.87906252 ], [ 2.15047517, 48.87903902 ], [ 2.15043082, 48.879015949999989 ], [ 2.1502662, 48.878926640000017 ], [ 2.15018278, 48.87888315 ], [ 2.15015375, 48.87886458 ], [ 2.15009937, 48.878897129999984 ], [ 2.15008657, 48.87890858 ], [ 2.15005648, 48.8789355 ], [ 2.15000772, 48.87899901 ], [ 2.14979265, 48.87931046 ], [ 2.14974369, 48.87938565000001 ], [ 2.14954234, 48.8796918 ], [ 2.14961844, 48.87979127 ] ] ], [ [ [ 2.14731436, 48.880768760000016 ], [ 2.14747193, 48.88071475 ], [ 2.14748973, 48.88073511 ], [ 2.14750347, 48.88072874 ], [ 2.14760185, 48.88068312 ], [ 2.14781081, 48.88058757000001 ], [ 2.14793584, 48.880530180000015 ], [ 2.14796634, 48.88051628 ], [ 2.14804123, 48.880481459999984 ], [ 2.14793706, 48.88035544 ], [ 2.14787048, 48.88027457 ], [ 2.1478429, 48.88026852 ], [ 2.14781543, 48.88025583000001 ], [ 2.14777788, 48.88019189 ], [ 2.14744368, 48.88026453 ], [ 2.14694449, 48.88037302 ], [ 2.14698884, 48.88043147 ], [ 2.14699388, 48.88043812 ], [ 2.14714468, 48.880638850000011 ], [ 2.14725659, 48.88078773 ], [ 2.14731436, 48.880768760000016 ] ] ] ] } },
{ "type": "Feature", "properties": { "libelle": "UVa", "libelong": "Secteur UVa : secteur des équipements et espaces vert publics et collectifs", "typezone": "U", "surface_ha": 13.4, "mailles": 10, "part_mailles_prioritaires": 0.0, "score_sante_moyen": 4.7, "score_climat_moyen": 4.9 }, "geometry": { "type": "MultiPolygon", "coordinates": [ [ [ [ 2.14373064, 48.874245150000029 ], [ 2.14390449, 48.874177949999982 ], [ 2.14413475, 48.87408813 ], [ 2.14434853, 48.874005659999987 ], [ 2.14444664, 48.87396751 ], [ 2.14440297, 48.87392025 ], [ 2.14430791, 48.87382217 ], [ 2.14362204, 48.87408374 ], [ 2.14327163, 48.87421668 ], [ 2.1433754, 48.87432391 ], [ 2.14341751, 48.87436666 ], [ 2.14350134, 48.87433452 ], [ 2.14373064, 48.874245150000029 ] ] ], [ [ [ 2.13542448, 48.8739508 ], [ 2.13540157, 48.87395108 ], [ 2.1353789, 48.87395317 ], [ 2.1353371, 48.87387911 ], [ 2.13528293, 48.87389492 ], [ 2.13508628, 48.87394303 ], [ 2.13512169, 48.874014890000012 ], [ 2.13512546, 48.87402616 ], [ 2.13509232, 48.87403465 ], [ 2.13505094, 48.87405539 ], [ 2.13503351, 48.874070110000012 ], [ 2.1350135, 48.8740929 ], [ 2.13500395, 48.87410992 ], [ 2.1349975, 48.87412858 ], [ 2.13499428, 48.87415023 ], [ 2.13499714, 48.87415879 ], [ 2.1349414, 48.87418182 ], [ 2.13487272, 48.87421239 ], [ 2.13481734, 48.87423852000002 ], [ 2.13460119, 48.87433149 ], [ 2.13457249, 48.87434387 ], [ 2.13449231, 48.87437728 ], [ 2.13438372, 48.87442174000001 ], [ 2.13435574, 48.874431970000032 ], [ 2.13416454, 48.87450838 ], [ 2.1340006, 48.87456907 ], [ 2.13380409, 48.8746369 ], [ 2.13361086, 48.874696569999983 ], [ 2.13345509, 48.8747414 ], [ 2.13330059, 48.87478336 ], [ 2.13323282, 48.87480031 ], [ 2.13311798, 48.87482745 ], [ 2.1329433, 48.87486963 ], [ 2.13295782, 48.87489842 ], [ 2.13324988, 48.87483192 ], [ 2.13327957, 48.874825920000013 ], [ 2.13349224, 48.87477027 ], [ 2.13363816, 48.874727610000022 ], [ 2.13370408, 48.87470722 ], [ 2.1337844, 48.87468136 ], [ 2.13391289, 48.87463706 ], [ 2.13403043, 48.87459573 ], [ 2.13410326, 48.87470939 ], [ 2.13404888, 48.87479003 ], [ 2.13401086, 48.87484615000001 ], [ 2.13405293, 48.87485701 ], [ 2.13409726, 48.87479092 ], [ 2.13414563, 48.87471898 ], [ 2.13415304, 48.874707950000015 ], [ 2.13419097, 48.87469852000001 ], [ 2.13425295, 48.87460318 ], [ 2.13431779, 48.874508589999984 ], [ 2.13433135, 48.87448675000001 ], [ 2.13435429, 48.87447819 ], [ 2.13438241, 48.87446528 ], [ 2.13440263, 48.8744574 ], [ 2.13447304, 48.874429309999982 ], [ 2.13462161, 48.874366350000017 ], [ 2.13470249, 48.874331859999984 ], [ 2.13479823, 48.874288840000013 ], [ 2.13484632, 48.87429144 ], [ 2.13485471, 48.87430373 ], [ 2.13486651, 48.87425804 ], [ 2.13493677, 48.87422705 ], [ 2.13499859, 48.87420242 ], [ 2.13506305, 48.87417150000001 ], [ 2.13510978, 48.87414926 ], [ 2.13519776, 48.87410556 ], [ 2.1354063, 48.87400283 ], [ 2.13548796, 48.87396223 ], [ 2.13546736, 48.873954889999986 ], [ 2.13545025, 48.8739509 ], [ 2.13544395, 48.873950870000016 ], [ 2.13542448, 48.8739508 ] ] ], [ [ [ 2.13528569, 48.87511672 ], [ 2.13524474, 48.875117940000017 ], [ 2.13524786, 48.87512867 ], [ 2.13525297, 48.875141209999988 ], [ 2.13528361, 48.8752499 ], [ 2.13528794, 48.875252 ], [ 2.13520622, 48.87537831 ], [ 2.1351693, 48.87543434 ], [ 2.13520319, 48.87544547000001 ], [ 2.13532492, 48.87525847 ], [ 2.13530173, 48.87517709 ], [ 2.13528569, 48.87511672 ] ] ], [ [ [ 2.13513024, 48.87588104 ], [ 2.13504848, 48.87582882 ], [ 2.13495079, 48.875767410000023 ], [ 2.13493567, 48.87575786 ], [ 2.13478537, 48.87566207 ], [ 2.13478098, 48.87565601 ], [ 2.13476881, 48.87561662 ], [ 2.13465253, 48.87558269 ], [ 2.13445401, 48.8755254 ], [ 2.13440433, 48.87554483 ], [ 2.13437948, 48.87555463 ], [ 2.13430477, 48.875538260000013 ], [ 2.13423445, 48.875527950000013 ], [ 2.1342033, 48.87551793 ], [ 2.13413455, 48.87561658 ], [ 2.13416136, 48.87562671 ], [ 2.13418767, 48.87562681 ], [ 2.13423089, 48.87562721 ], [ 2.13424602, 48.87562741 ], [ 2.1343323, 48.87562876 ], [ 2.13432349, 48.875642 ], [ 2.13442799, 48.87565481 ], [ 2.13447408, 48.87567934 ], [ 2.13452057, 48.87570423 ], [ 2.13461003, 48.87575281 ], [ 2.13469934, 48.87580175 ], [ 2.13476858, 48.87581142 ], [ 2.13480178, 48.875815260000017 ], [ 2.13483143, 48.87581997 ], [ 2.13496463, 48.87583712 ], [ 2.13507966, 48.87588076 ], [ 2.13489947, 48.87614774 ], [ 2.13488258, 48.87617287 ], [ 2.13491393, 48.87618167 ], [ 2.13493097, 48.87615624 ], [ 2.1350617, 48.8759605 ], [ 2.1351921, 48.87603159 ], [ 2.13537464, 48.87600871 ], [ 2.13549873, 48.87604855 ], [ 2.13554045, 48.876089949999987 ], [ 2.13559666, 48.87610421 ], [ 2.13563002, 48.87605904 ], [ 2.13568309, 48.875987189999989 ], [ 2.13562744, 48.87596692 ], [ 2.13555781, 48.87595608 ], [ 2.13534682, 48.875918220000017 ], [ 2.13526716, 48.87590424 ], [ 2.13513024, 48.87588104 ] ] ], [ [ [ 2.15049464, 48.87651637 ], [ 2.15056762, 48.87648101 ], [ 2.15058655, 48.87647368 ], [ 2.15050874, 48.87639596 ], [ 2.15065659, 48.876326140000018 ], [ 2.15065686, 48.87632596000001 ], [ 2.15070373, 48.876303450000016 ], [ 2.15075102, 48.87627941 ], [ 2.15080158, 48.87625035 ], [ 2.15058706, 48.87608291 ], [ 2.15024892, 48.87583229 ], [ 2.15005677, 48.87591007000001 ], [ 2.14978243, 48.87601065 ], [ 2.15000267, 48.87621726 ], [ 2.15004967, 48.87626167 ], [ 2.15006427, 48.876287689999984 ], [ 2.15008955, 48.87633273 ], [ 2.15037734, 48.87662778 ], [ 2.1505116, 48.87658035 ], [ 2.150536, 48.876571890000029 ], [ 2.15049464, 48.87651637 ] ] ], [ [ [ 2.12628158, 48.87823722 ], [ 2.12630782, 48.87824119 ], [ 2.12632545, 48.878235530000019 ], [ 2.12634006, 48.87821436 ], [ 2.12636227, 48.878191140000013 ], [ 2.12636367, 48.87818847 ], [ 2.12643411, 48.87805406 ], [ 2.12660269, 48.87770306 ], [ 2.12650334, 48.87758447 ], [ 2.12646433, 48.87761 ], [ 2.12636028, 48.877683800000021 ], [ 2.12631723, 48.87771415 ], [ 2.12630205, 48.87772483 ], [ 2.12628858, 48.87770711000001 ], [ 2.12619524, 48.877605609999989 ], [ 2.12610768, 48.87750954 ], [ 2.12607673, 48.87747712 ], [ 2.12606694, 48.87746689 ], [ 2.12604099, 48.8774379 ], [ 2.12601474, 48.87744933 ], [ 2.12596941, 48.87746968 ], [ 2.1259241, 48.87748824 ], [ 2.12588015, 48.87750681 ], [ 2.12583622, 48.87752447 ], [ 2.12579643, 48.87753947 ], [ 2.1257676, 48.87755095 ], [ 2.12568222, 48.87760133 ], [ 2.12565468, 48.87761758 ], [ 2.12609637, 48.87802911 ], [ 2.12622379, 48.878155050000011 ], [ 2.12625456, 48.87819035 ], [ 2.12628158, 48.87823722 ] ] ], [ [ [ 2.14951467, 48.878438709999983 ], [ 2.14967901, 48.87862038 ], [ 2.14984569, 48.87881763 ], [ 2.1499012, 48.87888376 ], [ 2.14990703, 48.878885869999984 ], [ 2.15002492, 48.87888914 ], [ 2.15008657, 48.87890858 ], [ 2.15009937, 48.878897129999984 ], [ 2.15015375, 48.87886458 ], [ 2.15017511, 48.878851800000014 ], [ 2.15026023, 48.87881643 ], [ 2.15145999, 48.87840764 ], [ 2.15219342, 48.87816552000001 ], [ 2.15259284, 48.87803379 ], [ 2.15264993, 48.878014960000016 ], [ 2.15264132, 48.87800448 ], [ 2.15254296, 48.87788469 ], [ 2.15243042, 48.87776248 ], [ 2.1523996, 48.87772911 ], [ 2.1523326, 48.87765657 ], [ 2.15227228, 48.877593179999977 ], [ 2.1521596, 48.87747907 ], [ 2.15191023, 48.87721829 ], [ 2.15110789, 48.87753955 ], [ 2.15052179, 48.877774220000013 ], [ 2.15046023, 48.87779887 ], [ 2.15045037, 48.87780282 ], [ 2.14933969, 48.87824751 ], [ 2.14938383, 48.878293440000014 ], [ 2.14941276, 48.87832521 ], [ 2.14941419, 48.87832945 ], [ 2.14951467, 48.878438709999983 ] ] ], [ [ [ 2.15380968, 48.87794061 ], [ 2.15375063, 48.87796042 ], [ 2.15362536, 48.87801664 ], [ 2.15362574, 48.87801844 ], [ 2.15362598, 48.87802087 ], [ 2.15363323, 48.878062660000012 ], [ 2.15372434, 48.8781017 ], [ 2.15384837, 48.878188920000014 ], [ 2.15397196, 48.87827883 ], [ 2.15400766, 48.87827761 ], [ 2.15403412, 48.87825318 ], [ 2.15390361, 48.8780616 ], [ 2.15380968, 48.87794061 ] ] ], [ [ [ 2.12656714, 48.878902229999987 ], [ 2.12656215, 48.87890137 ], [ 2.1265182, 48.87889378 ], [ 2.12650596, 48.87889189 ], [ 2.12642717, 48.87887423 ], [ 2.12637299, 48.87885225 ], [ 2.12630553, 48.87880948 ], [ 2.12627058, 48.87877955 ], [ 2.1262454, 48.878736200000013 ], [ 2.12622574, 48.87868929 ], [ 2.12621843, 48.87863707 ], [ 2.12621772, 48.878598390000015 ], [ 2.12622045, 48.87857049 ], [ 2.12622265, 48.87854807 ], [ 2.12623165, 48.87849957 ], [ 2.12624762, 48.878441219999978 ], [ 2.12626335, 48.87839817 ], [ 2.12626585, 48.878388129999983 ], [ 2.12514616, 48.877857040000016 ], [ 2.12494911, 48.87802464 ], [ 2.12435205, 48.877755140000033 ], [ 2.12505477, 48.87712903 ], [ 2.12510954, 48.87708575 ], [ 2.12505908, 48.87703404 ], [ 2.12467007, 48.87665257 ], [ 2.12456777, 48.8765578 ], [ 2.12449631, 48.876590950000015 ], [ 2.12427318, 48.87669175 ], [ 2.12427208, 48.87669228 ], [ 2.12411834, 48.876761580000014 ], [ 2.12349175, 48.87615766 ], [ 2.12345796, 48.876124969999985 ], [ 2.12344426, 48.87611171 ], [ 2.12344359, 48.876111080000015 ], [ 2.12339247, 48.87606484 ], [ 2.12304569, 48.87635323 ], [ 2.12261945, 48.87667395 ], [ 2.12215401, 48.87707979000001 ], [ 2.12175918, 48.87745768 ], [ 2.12139899, 48.87770059 ], [ 2.12115916, 48.87784474 ], [ 2.121012, 48.87793262 ], [ 2.12084775, 48.87807377 ], [ 2.12083479, 48.87809175 ], [ 2.12091529, 48.87813049 ], [ 2.1211142, 48.8782128 ], [ 2.12116877, 48.8782356 ], [ 2.1213165, 48.87829658 ], [ 2.12146531, 48.87835838 ], [ 2.12153936, 48.87839004 ], [ 2.1217731, 48.878485740000016 ], [ 2.12200859, 48.87858244 ], [ 2.12224096, 48.8786783 ], [ 2.1223069, 48.87870532 ], [ 2.12244069, 48.8787608 ], [ 2.12262702, 48.8788378 ], [ 2.12297068, 48.87898053 ], [ 2.12314428, 48.879052309999985 ], [ 2.12325681, 48.879099 ], [ 2.12328484, 48.87911063 ], [ 2.12355391, 48.87922133 ], [ 2.12381513, 48.87932901 ], [ 2.1241301, 48.87945938 ], [ 2.12418251, 48.87948099 ], [ 2.12440094, 48.87957099 ], [ 2.12445254, 48.87959206 ], [ 2.12458051, 48.87964462 ], [ 2.12480788, 48.87973846 ], [ 2.12500275, 48.87981885 ], [ 2.1250473, 48.87983716 ], [ 2.12522091, 48.879908760000014 ], [ 2.12539479, 48.879980179999976 ], [ 2.12541831, 48.87998981 ], [ 2.1254384, 48.87999804 ], [ 2.12548133, 48.88001468 ], [ 2.12582644, 48.879699320000014 ], [ 2.12626701, 48.87930124 ], [ 2.12638449, 48.87918311 ], [ 2.12667702, 48.87892617 ], [ 2.12665689, 48.87891727 ], [ 2.12662971, 48.87891168 ], [ 2.12662625, 48.87891116 ], [ 2.12656714, 48.878902229999987 ] ] ], [ [ [ 2.14904245, 48.88213719 ], [ 2.14869369, 48.88165832 ], [ 2.14958165, 48.88138466 ], [ 2.14958152, 48.88138439 ], [ 2.14953235, 48.88131407 ], [ 2.14942561, 48.88116196 ], [ 2.14934806, 48.881051050000018 ], [ 2.14930077, 48.88098228 ], [ 2.14926931, 48.880938170000015 ], [ 2.14920889, 48.880955899999982 ], [ 2.14912995, 48.8809798 ], [ 2.14905157, 48.88100353 ], [ 2.14900142, 48.88101846 ], [ 2.14897154, 48.88102742 ], [ 2.14894805, 48.8809965 ], [ 2.14889826, 48.88093076 ], [ 2.14879893, 48.880801 ], [ 2.14869922, 48.880669519999984 ], [ 2.14865383, 48.8806102 ], [ 2.14855319, 48.88047701 ], [ 2.14849045, 48.88039445 ], [ 2.14839209, 48.88026371 ], [ 2.14830803, 48.880151230000017 ], [ 2.14825142, 48.88008554 ], [ 2.14777788, 48.88019189 ], [ 2.14781543, 48.88025583000001 ], [ 2.1478429, 48.88026852 ], [ 2.14787048, 48.88027457 ], [ 2.14793706, 48.88035544 ], [ 2.14804123, 48.880481459999984 ], [ 2.14796634, 48.88051628 ], [ 2.14793584, 48.880530180000015 ], [ 2.14781081, 48.88058757000001 ], [ 2.14760185, 48.88068312 ], [ 2.14750347, 48.88072874 ], [ 2.14748973, 48.88073511 ], [ 2.14749423, 48.88074333 ], [ 2.14757595, 48.88084086 ], [ 2.14767301, 48.88095946 ], [ 2.14775016, 48.88105264 ], [ 2.14780111, 48.88111416 ], [ 2.14776786, 48.88112948 ], [ 2.14781786, 48.88118182 ], [ 2.14792051, 48.88129227 ], [ 2.14802384, 48.88140255 ], [ 2.14822403, 48.8816182 ], [ 2.1483556, 48.881761589999989 ], [ 2.14835855, 48.88176476000001 ], [ 2.14841939, 48.88183004 ], [ 2.14852137, 48.88193958 ], [ 2.14861668, 48.88204009 ], [ 2.14866171, 48.882088349999989 ], [ 2.14876409, 48.88219807 ], [ 2.14880672, 48.882243440000011 ], [ 2.14887306, 48.88231415 ], [ 2.14891407, 48.88235815 ], [ 2.14891662, 48.88236086 ], [ 2.14901844, 48.88247167 ], [ 2.14904263, 48.8824984 ], [ 2.14934956, 48.88243753 ], [ 2.14933021, 48.88241066 ], [ 2.14911442, 48.88211441 ], [ 2.14904245, 48.88213719 ] ] ] ] } },
{ "type": "Feature", "properties": { "libelle": "UAa", "libelong": "Secteur UAa : centre-ville", "typezone": "U", "surface_ha": 10.0, "mailles": 5, "part_mailles_prioritaires": 20.0, "score_sante_moyen": 3.2, "score_climat_moyen": 4.2 }, "geometry": { "type": "MultiPolygon", "coordinates": [ [ [ [ 2.13967892, 48.87445272 ], [ 2.13965422, 48.874423540000016 ], [ 2.13926836, 48.87396771 ], [ 2.13908548, 48.87375547 ], [ 2.13902442, 48.87377988 ], [ 2.1389801, 48.87379665 ], [ 2.13894155, 48.87381084999997 ], [ 2.13878627, 48.87386774 ], [ 2.13862371, 48.87392845 ], [ 2.1386497, 48.87398907 ], [ 2.13867178, 48.87403914 ], [ 2.13886579, 48.874269970000014 ], [ 2.1389966, 48.87442326 ], [ 2.13905342, 48.87449121 ], [ 2.13906252, 48.87450216 ], [ 2.13912722, 48.87457979 ], [ 2.13900369, 48.87462144 ], [ 2.13891523, 48.87465237 ], [ 2.13897127, 48.874718249999987 ], [ 2.13903535, 48.87479308 ], [ 2.13914128, 48.87491688 ], [ 2.13920976, 48.87499723 ], [ 2.13930113, 48.875103389999985 ], [ 2.1393351, 48.875143380000011 ], [ 2.13940091, 48.87522066 ], [ 2.13948372, 48.87531695 ], [ 2.13964455, 48.87526225 ], [ 2.1398357, 48.8751968 ], [ 2.13991372, 48.8751702 ], [ 2.14006194, 48.87511983 ], [ 2.14006743, 48.87511789 ], [ 2.14014723, 48.87509085 ], [ 2.14020433, 48.87507136 ], [ 2.14015601, 48.87501516 ], [ 2.14014701, 48.87500469 ], [ 2.13967892, 48.87445272 ] ] ], [ [ [ 2.14589504, 48.87691762 ], [ 2.14568466, 48.87671307 ], [ 2.1456457, 48.87673072 ], [ 2.14534612, 48.87685674 ], [ 2.14554645, 48.87706277 ], [ 2.14584873, 48.87693866 ], [ 2.14589504, 48.87691762 ] ] ], [ [ [ 2.14610553, 48.87923025 ], [ 2.14614242, 48.87922602 ], [ 2.14622409, 48.87923469 ], [ 2.14624515, 48.879197970000014 ], [ 2.14629208, 48.87916323 ], [ 2.14634572, 48.879134829999984 ], [ 2.14569581, 48.878522229999987 ], [ 2.14613003, 48.878403180000014 ], [ 2.14607514, 48.87835631 ], [ 2.1460518, 48.87833303 ], [ 2.1458699, 48.878150420000011 ], [ 2.14584736, 48.87812778 ], [ 2.14592302, 48.87809531 ], [ 2.14600157, 48.87806179 ], [ 2.14602233, 48.87805141 ], [ 2.14618823, 48.87797894 ], [ 2.14629159, 48.87808679 ], [ 2.14640143, 48.878040360000021 ], [ 2.1465136, 48.8779934 ], [ 2.1465968, 48.877958560000017 ], [ 2.14664078, 48.8779372 ], [ 2.14647645, 48.877729610000017 ], [ 2.14652548, 48.87770956 ], [ 2.14673901, 48.87761755 ], [ 2.14672564, 48.87760135 ], [ 2.14670202, 48.877578610000015 ], [ 2.14665682, 48.8775326 ], [ 2.14659486, 48.87746983 ], [ 2.14656832, 48.877441760000011 ], [ 2.14653325, 48.87740868 ], [ 2.14643742, 48.8774501 ], [ 2.14612985, 48.877147729999983 ], [ 2.14607734, 48.87717421 ], [ 2.14581251, 48.87728465 ], [ 2.14605282, 48.87753027 ], [ 2.14610972, 48.877578240000012 ], [ 2.14588994, 48.87765313 ], [ 2.14587761, 48.87765724 ], [ 2.14578722, 48.877687380000012 ], [ 2.14570114, 48.87771234 ], [ 2.14563587, 48.87764592 ], [ 2.14550876, 48.877515149999986 ], [ 2.14542231, 48.87742361 ], [ 2.14541052, 48.87741129 ], [ 2.14531418, 48.87744901 ], [ 2.14530473, 48.87743866 ], [ 2.14525712, 48.87738654 ], [ 2.1451974, 48.87731983 ], [ 2.14518937, 48.87731078 ], [ 2.14511305, 48.87722543 ], [ 2.14507327, 48.87718162 ], [ 2.14504823, 48.877153919999984 ], [ 2.14501355, 48.87711518 ], [ 2.14498343, 48.87708123 ], [ 2.14489372, 48.87698113 ], [ 2.14488462, 48.87697072 ], [ 2.1448336, 48.87691387 ], [ 2.14477334, 48.87684675 ], [ 2.14475835, 48.87683006 ], [ 2.14449431, 48.876933660000013 ], [ 2.14450168, 48.87694172 ], [ 2.14448892, 48.876946579999988 ], [ 2.14431484, 48.87675341 ], [ 2.14414407, 48.87656629 ], [ 2.14409787, 48.876519380000012 ], [ 2.14397858, 48.876563760000018 ], [ 2.14394703, 48.87657523 ], [ 2.14362421, 48.87669457 ], [ 2.14354371, 48.87672433 ], [ 2.14334096, 48.876782239999976 ], [ 2.1432817, 48.87680317 ], [ 2.14325979, 48.87677662 ], [ 2.14317715, 48.876686450000015 ], [ 2.1431579, 48.87666523 ], [ 2.14311628, 48.87661933 ], [ 2.14310122, 48.87660272 ], [ 2.14336133, 48.87648883 ], [ 2.14352959, 48.87641395 ], [ 2.14366158, 48.87635563 ], [ 2.14368666, 48.87635668 ], [ 2.14370028, 48.876357249999984 ], [ 2.14375963, 48.87633037 ], [ 2.143728, 48.87629666 ], [ 2.14353236, 48.8760884 ], [ 2.1433314, 48.8758909 ], [ 2.14326899, 48.87591897 ], [ 2.14307123, 48.8760056 ], [ 2.14292249, 48.87607064 ], [ 2.14274272, 48.87614921 ], [ 2.14258505, 48.876218410000021 ], [ 2.14245521, 48.87627073 ], [ 2.14233893, 48.87631846 ], [ 2.14222458, 48.8763654 ], [ 2.14229218, 48.87644197 ], [ 2.14232927, 48.87648315 ], [ 2.14237825, 48.876539440000016 ], [ 2.14239299, 48.87655457000001 ], [ 2.14217084, 48.87663994 ], [ 2.14204996, 48.87668575 ], [ 2.14198339, 48.87671262 ], [ 2.1419736, 48.87670292 ], [ 2.14188124, 48.87659821 ], [ 2.14181149, 48.87651982 ], [ 2.14159243, 48.876599460000016 ], [ 2.14154223, 48.8766211 ], [ 2.14085105, 48.87582168 ], [ 2.14079355, 48.87584798 ], [ 2.14076503, 48.87585812 ], [ 2.14073676, 48.87586871 ], [ 2.14067941, 48.87589051 ], [ 2.14057505, 48.875927 ], [ 2.14047613, 48.87596415 ], [ 2.1405497, 48.87603348 ], [ 2.14055521, 48.87603865 ], [ 2.14059171, 48.876074070000016 ], [ 2.14059588, 48.87607788 ], [ 2.1406199, 48.87610108 ], [ 2.14066367, 48.87614213 ], [ 2.14071776, 48.87619414 ], [ 2.14072704, 48.87620185 ], [ 2.14074423, 48.876217900000022 ], [ 2.14076501, 48.87623927 ], [ 2.14064582, 48.876306590000013 ], [ 2.14060467, 48.87633003 ], [ 2.14054053, 48.876366540000014 ], [ 2.14057889, 48.876396309999983 ], [ 2.14061386, 48.87642579 ], [ 2.14065399, 48.87645603 ], [ 2.14072558, 48.876513559999985 ], [ 2.14078263, 48.87655948 ], [ 2.14084078, 48.876605669999989 ], [ 2.14089583, 48.87664897 ], [ 2.14098735, 48.876721210000021 ], [ 2.14099058, 48.87672411 ], [ 2.14106945, 48.87678674 ], [ 2.1411097, 48.87681805 ], [ 2.14113566, 48.87683955 ], [ 2.14117134, 48.87686679 ], [ 2.1412988, 48.87696762 ], [ 2.1413513, 48.87700901 ], [ 2.14137379, 48.8770259 ], [ 2.1413984, 48.8770464 ], [ 2.14140754, 48.87705438 ], [ 2.14144859, 48.87708696 ], [ 2.14145398, 48.877091230000012 ], [ 2.14154226, 48.87716192 ], [ 2.14157899, 48.87719159000001 ], [ 2.1416133, 48.877219540000027 ], [ 2.14163212, 48.87723613 ], [ 2.14166923, 48.877259920000029 ], [ 2.1415887, 48.87728951 ], [ 2.14140756, 48.87735763 ], [ 2.14124844, 48.87741748 ], [ 2.14106856, 48.877493540000017 ], [ 2.14098343, 48.877529800000012 ], [ 2.14070056, 48.87765008 ], [ 2.14059193, 48.87770506 ], [ 2.14053686, 48.877737039999985 ], [ 2.14066186, 48.87776402 ], [ 2.14090343, 48.877833210000013 ], [ 2.14116134, 48.87790341 ], [ 2.14136644, 48.87796005 ], [ 2.14140426, 48.87794859 ], [ 2.14161238, 48.87787103 ], [ 2.14170881, 48.877836460000012 ], [ 2.14191597, 48.87775926 ], [ 2.14200322, 48.87785935 ], [ 2.1420382, 48.87784656 ], [ 2.14206715, 48.877835889999986 ], [ 2.14210354, 48.87787815 ], [ 2.14212884, 48.87790702 ], [ 2.14217516, 48.87795879 ], [ 2.14191794, 48.87805372 ], [ 2.14186347, 48.87807419 ], [ 2.14173569, 48.87809162 ], [ 2.14173848, 48.87813742 ], [ 2.1417411, 48.8781771 ], [ 2.14174607, 48.87826456 ], [ 2.14175024, 48.87833384 ], [ 2.14175354, 48.878381979999979 ], [ 2.14181643, 48.87837982 ], [ 2.14195859, 48.87837508 ], [ 2.14196282, 48.87839993 ], [ 2.14198347, 48.87855324 ], [ 2.14196383, 48.87862829 ], [ 2.14199341, 48.87866196 ], [ 2.1420748, 48.87875373 ], [ 2.14211335, 48.87879763 ], [ 2.14213784, 48.8788255 ], [ 2.14217666, 48.878869490000014 ], [ 2.14220651, 48.878903070000014 ], [ 2.14225993, 48.87898487 ], [ 2.14231225, 48.87906499000001 ], [ 2.14231824, 48.87909849 ], [ 2.14233522, 48.87916849 ], [ 2.14239331, 48.87926793 ], [ 2.14241003, 48.87929566 ], [ 2.14245368, 48.879369540000013 ], [ 2.14230434, 48.87942954 ], [ 2.14233121, 48.87953639 ], [ 2.14233174, 48.87954539 ], [ 2.14238674, 48.87976603 ], [ 2.14243085, 48.879944510000016 ], [ 2.14250844, 48.8799359 ], [ 2.14258426, 48.879927530000018 ], [ 2.1427949, 48.87990449 ], [ 2.14286253, 48.8798967 ], [ 2.14300009, 48.87988627 ], [ 2.14285883, 48.87931767 ], [ 2.14493558, 48.87873355 ], [ 2.14525308, 48.87864529 ], [ 2.14529272, 48.87868987 ], [ 2.14532204, 48.878723 ], [ 2.14537561, 48.878782469999983 ], [ 2.14542689, 48.87883976 ], [ 2.14549921, 48.87891960000001 ], [ 2.14551555, 48.87893789000001 ], [ 2.14558661, 48.87901979 ], [ 2.14559879, 48.87903372 ], [ 2.14560454, 48.87904069 ], [ 2.14560789, 48.87904413 ], [ 2.14568644, 48.879135259999984 ], [ 2.14565556, 48.87914736 ], [ 2.1457949, 48.87931428 ], [ 2.14593892, 48.87926297 ], [ 2.14599062, 48.87923645 ], [ 2.14601457, 48.87926010000001 ], [ 2.1460644, 48.87924435 ], [ 2.14610553, 48.87923025 ] ], [ [ 2.1437975, 48.877202719999985 ], [ 2.14386066, 48.87718482 ], [ 2.14390221, 48.87717234 ], [ 2.14400675, 48.87730405 ], [ 2.14403886, 48.87729312 ], [ 2.14411237, 48.87726711 ], [ 2.14416545, 48.87724816 ], [ 2.14425624, 48.877216159999982 ], [ 2.14427078, 48.87721096 ], [ 2.14442576, 48.87715549 ], [ 2.14446365, 48.87719821000001 ], [ 2.14447182, 48.87720736 ], [ 2.14454935, 48.8771857 ], [ 2.1446685, 48.87731929 ], [ 2.14479487, 48.87746229 ], [ 2.14472101, 48.87749279 ], [ 2.14461107, 48.8775368 ], [ 2.14455846, 48.87747787 ], [ 2.14448988, 48.87750194 ], [ 2.14442667, 48.87752352 ], [ 2.14439061, 48.87753576 ], [ 2.14431805, 48.87756186 ], [ 2.14431951, 48.87756466 ], [ 2.14427082, 48.87758176 ], [ 2.14423917, 48.87759278 ], [ 2.14423078, 48.877580649999985 ], [ 2.14418856, 48.87759277 ], [ 2.14398835, 48.87766185000001 ], [ 2.14390551, 48.877690849999986 ], [ 2.14379923, 48.87772795 ], [ 2.14371679, 48.8776252 ], [ 2.14363219, 48.87752125 ], [ 2.14361148, 48.87749574 ], [ 2.14326865, 48.877614250000015 ], [ 2.14297145, 48.877718789999989 ], [ 2.14289126, 48.87762082 ], [ 2.1427515, 48.8774546 ], [ 2.14264437, 48.87731947 ], [ 2.1425018, 48.877142629999987 ], [ 2.14247043, 48.8770937 ], [ 2.14309136, 48.876870389999986 ], [ 2.14309943, 48.876867539999985 ], [ 2.14314252, 48.87691842 ], [ 2.14345377, 48.87730188 ], [ 2.14346514, 48.87729837 ], [ 2.14360598, 48.87725792 ], [ 2.1437975, 48.877202719999985 ] ] ], [ [ [ 2.14622406, 48.87991874 ], [ 2.14633302, 48.880042640000013 ], [ 2.14631064, 48.88005202 ], [ 2.14657888, 48.88035854 ], [ 2.14665356, 48.880439059999986 ], [ 2.14694449, 48.88037302 ], [ 2.14744368, 48.88026453 ], [ 2.14743995, 48.88026053 ], [ 2.14686253, 48.87966211 ], [ 2.14673506, 48.87971446 ], [ 2.1465566, 48.87978765 ], [ 2.14655207, 48.879789510000016 ], [ 2.14622406, 48.87991874 ] ] ] ] } },
{ "type": "Feature", "properties": { "libelle": "N", "libelong": "Secteur N : zone naturelle à protéger", "typezone": "N", "surface_ha": 8.4, "mailles": 8, "part_mailles_prioritaires": 0.0, "score_sante_moyen": 4.6, "score_climat_moyen": 6.2 }, "geometry": { "type": "Polygon", "coordinates": [ [ [ 2.15737474, 48.88075815 ], [ 2.15746761, 48.88074064 ], [ 2.15748591, 48.88073719 ], [ 2.15751685, 48.88073136 ], [ 2.15752465, 48.88072989 ], [ 2.157652, 48.880704880000017 ], [ 2.15754188, 48.880650859999982 ], [ 2.15747397, 48.88057511 ], [ 2.15739907, 48.88049355 ], [ 2.15737044, 48.8804509 ], [ 2.15729946, 48.88034599 ], [ 2.15720713, 48.88021187 ], [ 2.1570723, 48.88000821 ], [ 2.15697397, 48.8798656 ], [ 2.15688283, 48.87973455 ], [ 2.15683176, 48.87966296 ], [ 2.15675643, 48.8795573 ], [ 2.15664743, 48.87940877 ], [ 2.15655496, 48.87928418 ], [ 2.15645957, 48.87915427 ], [ 2.15639496, 48.87906829 ], [ 2.15627331, 48.87890168 ], [ 2.15617136, 48.87876426 ], [ 2.15607945, 48.87865506 ], [ 2.15597845, 48.878535179999986 ], [ 2.15588022, 48.8784209 ], [ 2.15584586, 48.87837848 ], [ 2.1557386, 48.8782412 ], [ 2.15564606, 48.87812049 ], [ 2.15561811, 48.87808638 ], [ 2.15554761, 48.87800324 ], [ 2.15539732, 48.87782824 ], [ 2.15531475, 48.87773179000002 ], [ 2.1552144, 48.8776138 ], [ 2.15512409, 48.877507400000013 ], [ 2.15506991, 48.87744334 ], [ 2.15502303, 48.87737466 ], [ 2.15498709, 48.87732081 ], [ 2.15497145, 48.87729291 ], [ 2.15494654, 48.877248569999985 ], [ 2.15488457, 48.87713482 ], [ 2.15484024, 48.87705158 ], [ 2.15479075, 48.87695932 ], [ 2.15474415, 48.876872919999983 ], [ 2.1546777, 48.87674996 ], [ 2.15463281, 48.87666807 ], [ 2.1545846, 48.8765804 ], [ 2.15452423, 48.87649472 ], [ 2.15444439, 48.87638191 ], [ 2.15436806, 48.87627075 ], [ 2.1542862, 48.87614804 ], [ 2.15422663, 48.8760549 ], [ 2.15417616, 48.875972340000011 ], [ 2.15413822, 48.87591559 ], [ 2.15410091, 48.87585381 ], [ 2.15409565, 48.875841900000012 ], [ 2.15406775, 48.8757801 ], [ 2.15404334, 48.87573865 ], [ 2.15402426, 48.87571252 ], [ 2.15396796, 48.875652949999989 ], [ 2.15388329, 48.87556898 ], [ 2.1538541, 48.87553666 ], [ 2.15381747, 48.87548289 ], [ 2.15379104, 48.87543972 ], [ 2.15374812, 48.87537961 ], [ 2.15370493, 48.875327230000011 ], [ 2.15362384, 48.87523258 ], [ 2.15357274, 48.87517214 ], [ 2.15346299, 48.875029 ], [ 2.15338214, 48.87491961 ], [ 2.1533225, 48.87483977 ], [ 2.15327943, 48.87477147 ], [ 2.15322139, 48.87466845 ], [ 2.15317422, 48.8745842 ], [ 2.15315532, 48.87455583 ], [ 2.15312482, 48.87451137 ], [ 2.1530425, 48.87440025 ], [ 2.15292864, 48.874250329999988 ], [ 2.1528406, 48.87414727 ], [ 2.15279831, 48.87409868000001 ], [ 2.15273369, 48.87402294000001 ], [ 2.15270603, 48.87398821 ], [ 2.15266442, 48.873922630000024 ], [ 2.15260952, 48.8738359 ], [ 2.15258598, 48.87379967 ], [ 2.15253629, 48.87373663 ], [ 2.15247484, 48.87366677 ], [ 2.15240457, 48.8735864 ], [ 2.15235667, 48.87353057 ], [ 2.15232478, 48.8734879 ], [ 2.15226986, 48.87340243 ], [ 2.1521999, 48.87329464 ], [ 2.15217499, 48.87325849 ], [ 2.15213739, 48.87321524 ], [ 2.15207946, 48.87315574 ], [ 2.15197808, 48.87305132 ], [ 2.15190471, 48.87297724 ], [ 2.15186914, 48.87294281 ], [ 2.15183554, 48.872904710000014 ], [ 2.15181273, 48.87287397 ], [ 2.15174823, 48.87278231 ], [ 2.15172219, 48.87274912 ], [ 2.14986897, 48.87103439 ], [ 2.14986052, 48.8710366 ], [ 2.1498648, 48.87103948 ], [ 2.14977808, 48.87109022 ], [ 2.14972904, 48.87111893 ], [ 2.14968366, 48.87114549 ], [ 2.14941893, 48.87130181 ], [ 2.14912364, 48.87147616 ], [ 2.14886136, 48.87163294 ], [ 2.14880149, 48.87166786 ], [ 2.14878916, 48.87166319 ], [ 2.14878022, 48.87165971 ], [ 2.14874373, 48.87164794000001 ], [ 2.14856905, 48.87158329 ], [ 2.14832956, 48.871497050000016 ], [ 2.14820769, 48.871452049999988 ], [ 2.14815596, 48.87143295 ], [ 2.14812139, 48.87142128 ], [ 2.14800884, 48.87139224 ], [ 2.14781073, 48.87134325000001 ], [ 2.14763848, 48.87129697000001 ], [ 2.14756422, 48.87127755 ], [ 2.14755291, 48.87127478 ], [ 2.14751384, 48.87126523 ], [ 2.14728149, 48.87121744 ], [ 2.14700464, 48.87116136 ], [ 2.14695061, 48.87115042 ], [ 2.14682505, 48.8711256 ], [ 2.14672037, 48.87108231 ], [ 2.14647188, 48.87097936 ], [ 2.14623663, 48.87088397 ], [ 2.14618816, 48.87086348 ], [ 2.14609324, 48.87082422 ], [ 2.14574001, 48.87068194 ], [ 2.14565017, 48.87064632 ], [ 2.14535817, 48.87053055 ], [ 2.14516735, 48.87045319 ], [ 2.14513385, 48.87048371 ], [ 2.14512699, 48.87049 ], [ 2.14507256, 48.87053985 ], [ 2.14507307, 48.87054038 ], [ 2.14839117, 48.87222354 ], [ 2.14849997, 48.872289520000017 ], [ 2.14863708, 48.87237584 ], [ 2.14885866, 48.8725161 ], [ 2.14900693, 48.87261149 ], [ 2.1490972, 48.87266952 ], [ 2.14919086, 48.872727740000023 ], [ 2.14924121, 48.87275904 ], [ 2.14930669, 48.872798620000012 ], [ 2.14942357, 48.872871310000015 ], [ 2.14965478, 48.87301452 ], [ 2.14982067, 48.8731166 ], [ 2.15001435, 48.87323714 ], [ 2.15009938, 48.87329027 ], [ 2.15016453, 48.87333354 ], [ 2.15031007, 48.87342991 ], [ 2.15046869, 48.873534910000011 ], [ 2.1506595, 48.873664150000018 ], [ 2.15081576, 48.87377255 ], [ 2.15102602, 48.87392154 ], [ 2.15114541, 48.87400783 ], [ 2.15126063, 48.874090749999986 ], [ 2.15140629, 48.874197189999983 ], [ 2.15156925, 48.87432057 ], [ 2.15169369, 48.87441498 ], [ 2.15186794, 48.87454042 ], [ 2.15206228, 48.87467994 ], [ 2.15215513, 48.874747059999983 ], [ 2.15227176, 48.874835839999982 ], [ 2.15239791, 48.87494259 ], [ 2.15247294, 48.8750068 ], [ 2.15257769, 48.87509702 ], [ 2.15268886, 48.875194759999985 ], [ 2.15275772, 48.875252809999985 ], [ 2.15282533, 48.87531246 ], [ 2.15294645, 48.87541899 ], [ 2.15301737, 48.87548443 ], [ 2.15315342, 48.87561175 ], [ 2.15330774, 48.87575566 ], [ 2.15345424, 48.87588603 ], [ 2.15357454, 48.87599264 ], [ 2.15376463, 48.876159199999989 ], [ 2.15389257, 48.876273869999984 ], [ 2.15392467, 48.87630369 ], [ 2.1539746, 48.87636933000001 ], [ 2.15404863, 48.87647058 ], [ 2.15417751, 48.87663644 ], [ 2.15421346, 48.87668094 ], [ 2.15424125, 48.87670766 ], [ 2.15430315, 48.87676701 ], [ 2.15439001, 48.87685036 ], [ 2.1544394, 48.876898739999973 ], [ 2.15453321, 48.87699114 ], [ 2.15459402, 48.87705839 ], [ 2.15463335, 48.87710507 ], [ 2.15471552, 48.87720053 ], [ 2.15481977, 48.87732178 ], [ 2.15489843, 48.87741488 ], [ 2.15498005, 48.87751106 ], [ 2.15507835, 48.87762912 ], [ 2.15513143, 48.87769416 ], [ 2.15520847, 48.877786530000016 ], [ 2.15528723, 48.87788196 ], [ 2.15535787, 48.8779652 ], [ 2.15544076, 48.87806724 ], [ 2.15553447, 48.878182650000014 ], [ 2.15569883, 48.878389500000011 ], [ 2.15575847, 48.87846177 ], [ 2.15581188, 48.878531849999987 ], [ 2.15591372, 48.8786672 ], [ 2.15599063, 48.87876775 ], [ 2.15605112, 48.87884705 ], [ 2.15620875, 48.87905672 ], [ 2.15632849, 48.87921558 ], [ 2.15642454, 48.87934694 ], [ 2.15650554, 48.87946424 ], [ 2.15658474, 48.87957532999998 ], [ 2.15669676, 48.87973918 ], [ 2.15678621, 48.879873810000014 ], [ 2.15686555, 48.87999299 ], [ 2.15693042, 48.880088330000014 ], [ 2.15701584, 48.88021916 ], [ 2.1570857, 48.88032586 ], [ 2.15717581, 48.88046203 ], [ 2.15726455, 48.880598819999982 ], [ 2.15737474, 48.88075815 ] ] ] } },
{ "type": "Feature", "properties": { "libelle": "ULa", "libelong": "Secteur ULa : secteur des activités industrielles, tertiaires et de services", "typezone": "U", "surface_ha": 7.6, "mailles": 6, "part_mailles_prioritaires": 33.3, "score_sante_moyen": 4.5, "score_climat_moyen": 3.0 }, "geometry": { "type": "MultiPolygon", "coordinates": [ [ [ [ 2.11870283, 48.884608209999989 ], [ 2.11914894, 48.88479091 ], [ 2.11979483, 48.885055300000019 ], [ 2.11985761, 48.88508463 ], [ 2.11994925, 48.88513263 ], [ 2.11996233, 48.88509323 ], [ 2.12011038, 48.88491049000001 ], [ 2.12041503, 48.88462506 ], [ 2.12037379, 48.884607179999989 ], [ 2.12031868, 48.884584300000014 ], [ 2.11937239, 48.8841899 ], [ 2.11801938, 48.883637920000012 ], [ 2.11748824, 48.88425322 ], [ 2.11698238, 48.88484511 ], [ 2.117378880771778, 48.885013369175809 ], [ 2.11802419, 48.88432424 ], [ 2.11848926, 48.884520660000021 ], [ 2.11870283, 48.884608209999989 ] ] ], [ [ [ 2.117378880771778, 48.885013369175809 ], [ 2.11737888, 48.88501337 ], [ 2.11942252, 48.88588057 ], [ 2.117378880771778, 48.885013369175809 ] ] ], [ [ [ 2.11651993, 48.88533144 ], [ 2.11620575, 48.88563919 ], [ 2.11670111, 48.88585111 ], [ 2.11699176, 48.885543249999976 ], [ 2.11651993, 48.88533144 ] ] ], [ [ [ 2.11893394, 48.88836363 ], [ 2.11902437, 48.88806655 ], [ 2.11897454, 48.888046540000012 ], [ 2.11889771, 48.88801684000002 ], [ 2.1188125, 48.887983120000015 ], [ 2.11873786, 48.88795325 ], [ 2.1187139, 48.88794264 ], [ 2.11869182, 48.88793366 ], [ 2.11858822, 48.88789072 ], [ 2.11846256, 48.8878379 ], [ 2.11829178, 48.88776694 ], [ 2.11804708, 48.88766442 ], [ 2.11794374, 48.88762237 ], [ 2.11784499, 48.88772786 ], [ 2.11772622, 48.88785559 ], [ 2.11771485, 48.88786693 ], [ 2.11752534, 48.88778889 ], [ 2.11750258, 48.88777951 ], [ 2.11745535, 48.887760059999984 ], [ 2.11715901, 48.88763925 ], [ 2.11678877, 48.88748462 ], [ 2.11658132, 48.8873972 ], [ 2.11640732, 48.887323879999975 ], [ 2.11619014, 48.88723171 ], [ 2.11597416, 48.88714081000002 ], [ 2.1156944, 48.887023 ], [ 2.11566358, 48.88705515 ], [ 2.11548199, 48.88724411 ], [ 2.11563881, 48.88730921 ], [ 2.11599351, 48.8874551 ], [ 2.11651626, 48.88767103 ], [ 2.11694813, 48.8878504 ], [ 2.11738312, 48.88803078 ], [ 2.11792487, 48.88825322000001 ], [ 2.11826141, 48.88839267 ], [ 2.11837394, 48.88844008 ], [ 2.11843881, 48.888467359999986 ], [ 2.11879865, 48.88861625 ], [ 2.11884952, 48.88863493 ], [ 2.11887282, 48.88856085 ], [ 2.11890684, 48.888452639999983 ], [ 2.11892943, 48.88837844 ], [ 2.11893394, 48.88836363 ] ] ], [ [ [ 2.11837655, 48.888559720000011 ], [ 2.11801771, 48.8884085 ], [ 2.11785589, 48.8883404 ], [ 2.11769662, 48.88827438 ], [ 2.11771826, 48.88825287 ], [ 2.11728126, 48.88807032 ], [ 2.11709979, 48.88799496 ], [ 2.11699398, 48.88810615 ], [ 2.11686033, 48.88805003 ], [ 2.11657607, 48.887931919999986 ], [ 2.11639353, 48.8878553 ], [ 2.11615912, 48.88775761 ], [ 2.11606569, 48.88785423 ], [ 2.11593549, 48.88798853 ], [ 2.11580805, 48.88812051 ], [ 2.11571031, 48.88822232 ], [ 2.11558178, 48.88835429 ], [ 2.11538133, 48.88856155 ], [ 2.11517639, 48.888775699999989 ], [ 2.11533077, 48.88884006 ], [ 2.11555339, 48.888933710000018 ], [ 2.11579824, 48.889035799999988 ], [ 2.11611064, 48.88916716 ], [ 2.11629344, 48.889244780000013 ], [ 2.1164959, 48.88932901 ], [ 2.11686126, 48.88948226 ], [ 2.11668091, 48.889662330000014 ], [ 2.11671155, 48.88967498 ], [ 2.11636598, 48.890021130000015 ], [ 2.11640505, 48.89003766 ], [ 2.1165012, 48.890077940000019 ], [ 2.11666436, 48.890147310000025 ], [ 2.11702579, 48.89029999 ], [ 2.1179853, 48.890708080000017 ], [ 2.11812288, 48.89076665000001 ], [ 2.11817702, 48.89079079 ], [ 2.1181777, 48.89079107 ], [ 2.11830515, 48.89035196 ], [ 2.11846225, 48.88988626 ], [ 2.11862606, 48.88936944 ], [ 2.11874803, 48.8889722 ], [ 2.11878181, 48.88885179 ], [ 2.11878605, 48.888836669999989 ], [ 2.11881606, 48.88874131 ], [ 2.11876631, 48.88872204 ], [ 2.11837655, 48.888559720000011 ] ] ] ] } },
{ "type": "Feature", "properties": { "libelle": "UBb", "libelong": "Secteur UBb : tissu urbain issu des anciennes occupations maraichères", "typezone": "U", "surface_ha": 6.3, "mailles": 3, "part_mailles_prioritaires": 0.0, "score_sante_moyen": 3.0, "score_climat_moyen": 4.3 }, "geometry": { "type": "MultiPolygon", "coordinates": [ [ [ [ 2.13999454, 48.87878616 ], [ 2.14002567, 48.87882771 ], [ 2.14016331, 48.8790056 ], [ 2.14025289, 48.87912172 ], [ 2.14036259, 48.87908473 ], [ 2.14044102, 48.87905823 ], [ 2.14043662, 48.87905199 ], [ 2.14053631, 48.879018079999987 ], [ 2.14059852, 48.87909866 ], [ 2.14082542, 48.87902411 ], [ 2.1408545, 48.87906362 ], [ 2.14090428, 48.879131340000015 ], [ 2.14091651, 48.87914798 ], [ 2.14097781, 48.87912701 ], [ 2.14101154, 48.87911556 ], [ 2.14104129, 48.87910544 ], [ 2.14093761, 48.87896817 ], [ 2.14088837, 48.87890315 ], [ 2.14087235, 48.878882080000011 ], [ 2.14092487, 48.87886420000001 ], [ 2.14094682, 48.87885645 ], [ 2.1409737, 48.87884701 ], [ 2.14100442, 48.87883617 ], [ 2.1410203, 48.87885697 ], [ 2.14102484, 48.87886303 ], [ 2.14107076, 48.87892299 ], [ 2.1411761, 48.87905883 ], [ 2.14118931, 48.8790761 ], [ 2.14119599, 48.879084870000014 ], [ 2.14132699, 48.87904543 ], [ 2.14141843, 48.87901587 ], [ 2.14140256, 48.87899453 ], [ 2.14143709, 48.87898416 ], [ 2.14143764, 48.87898399 ], [ 2.14169133, 48.878904860000013 ], [ 2.14158741, 48.8787658 ], [ 2.14156633, 48.878737410000014 ], [ 2.14156672, 48.87873013 ], [ 2.14166763, 48.87871349 ], [ 2.14168526, 48.87871074 ], [ 2.14180146, 48.87869242 ], [ 2.14187912, 48.87868011 ], [ 2.14199341, 48.87866196 ], [ 2.14196383, 48.87862829 ], [ 2.14198347, 48.87855324 ], [ 2.14196282, 48.87839993 ], [ 2.14195859, 48.87837508 ], [ 2.14181643, 48.87837982 ], [ 2.14175354, 48.878381979999979 ], [ 2.14175024, 48.87833384 ], [ 2.14167879, 48.87833368 ], [ 2.1415419, 48.87833369 ], [ 2.14154199, 48.8783363 ], [ 2.14132133, 48.87833894 ], [ 2.14131908, 48.87829306 ], [ 2.14110109, 48.878274500000011 ], [ 2.14102048, 48.87826772 ], [ 2.14092925, 48.87825969 ], [ 2.14088201, 48.87825548 ], [ 2.14066701, 48.87823721 ], [ 2.14061499, 48.87823279 ], [ 2.14059353, 48.878385160000015 ], [ 2.14059292, 48.87838912 ], [ 2.14058312, 48.87845416 ], [ 2.14057493, 48.87851229 ], [ 2.14056937, 48.87855146 ], [ 2.14056466, 48.87858911 ], [ 2.14056093, 48.87861679 ], [ 2.14054742, 48.87870051 ], [ 2.14053606, 48.87873241 ], [ 2.14013252, 48.8787729 ], [ 2.13999454, 48.87878616 ] ] ], [ [ [ 2.13897384, 48.8789341 ], [ 2.1392454, 48.87927609 ], [ 2.13931766, 48.87925152 ], [ 2.13945904, 48.879203520000011 ], [ 2.13946411, 48.87921004 ], [ 2.1395821, 48.8793564 ], [ 2.13961911, 48.87940235 ], [ 2.13967418, 48.87937847 ], [ 2.13964195, 48.87933201 ], [ 2.13977278, 48.87928726 ], [ 2.13987641, 48.87941886 ], [ 2.14001275, 48.879593780000015 ], [ 2.14008664, 48.87956966 ], [ 2.13996355, 48.879410490000012 ], [ 2.13991814, 48.87935261 ], [ 2.13971506, 48.87909133 ], [ 2.13970705, 48.8790811 ], [ 2.13968808, 48.87905705 ], [ 2.13968238, 48.87904899 ], [ 2.13974091, 48.879028649999988 ], [ 2.1397086, 48.878986949999977 ], [ 2.13965374, 48.87891542 ], [ 2.13961647, 48.87886902 ], [ 2.13958109, 48.87882791 ], [ 2.13940044, 48.87884678 ], [ 2.13941096, 48.878569 ], [ 2.13935188, 48.87856736 ], [ 2.13906868, 48.878558850000019 ], [ 2.13887657, 48.87855755 ], [ 2.13887599, 48.87858129 ], [ 2.13868934, 48.87858364 ], [ 2.13837279, 48.87858766 ], [ 2.13838013, 48.87891912 ], [ 2.13838005, 48.87894782 ], [ 2.13856302, 48.878934730000012 ], [ 2.13860272, 48.87893188000001 ], [ 2.13895242, 48.87889457 ], [ 2.13896287, 48.878912400000019 ], [ 2.13897384, 48.8789341 ] ] ], [ [ [ 2.13339211, 48.88090353 ], [ 2.1333651, 48.880829489999989 ], [ 2.13339471, 48.88077124 ], [ 2.1333704, 48.8807264 ], [ 2.13319891, 48.88041009 ], [ 2.13321793, 48.88032388 ], [ 2.13310274, 48.88014183 ], [ 2.1330394, 48.87997418 ], [ 2.13316241, 48.87994009 ], [ 2.13324788, 48.87991723 ], [ 2.13328055, 48.879903979999987 ], [ 2.13360344, 48.87975693 ], [ 2.13366104, 48.87982216 ], [ 2.13376087, 48.87980028 ], [ 2.13382359, 48.8797856 ], [ 2.13386806, 48.8797762 ], [ 2.13388245, 48.87977226000001 ], [ 2.13397371, 48.87975323 ], [ 2.1340012, 48.87974821 ], [ 2.1341304, 48.87971955 ], [ 2.13413859, 48.8797108 ], [ 2.13419971, 48.87979083 ], [ 2.13434278, 48.87975608 ], [ 2.13443018, 48.87973197 ], [ 2.13454118, 48.87969896 ], [ 2.1345371, 48.8796903 ], [ 2.13446181, 48.87957617 ], [ 2.13446579, 48.8795752 ], [ 2.13457949, 48.87955453 ], [ 2.13458057, 48.87955454 ], [ 2.13458166, 48.87955313 ], [ 2.13471522, 48.87979001 ], [ 2.13483297, 48.87976131 ], [ 2.13484754, 48.8797832 ], [ 2.13486286, 48.8798048 ], [ 2.13493711, 48.87978429 ], [ 2.13492303, 48.87976153 ], [ 2.13487197, 48.8796831 ], [ 2.13482946, 48.87961543 ], [ 2.13483974, 48.87961226 ], [ 2.1348747, 48.879601269999981 ], [ 2.13495129, 48.87957898 ], [ 2.13497732, 48.87957135 ], [ 2.13502525, 48.87955083 ], [ 2.13504291, 48.87954655 ], [ 2.13512334, 48.87952339 ], [ 2.13512666, 48.87952881 ], [ 2.13512948, 48.87953126 ], [ 2.13514224, 48.87955122 ], [ 2.13519314, 48.879631270000012 ], [ 2.13548744, 48.87954661 ], [ 2.13553348, 48.87961494000001 ], [ 2.13583439, 48.87952618 ], [ 2.13585074, 48.87955157 ], [ 2.13586458, 48.87955599 ], [ 2.13589087, 48.879549350000012 ], [ 2.1360226, 48.87951567 ], [ 2.13617817, 48.87947587 ], [ 2.13624322, 48.87957401 ], [ 2.13638719, 48.879525679999986 ], [ 2.13649937, 48.87948736 ], [ 2.13656858, 48.87958131 ], [ 2.13670995, 48.87953412 ], [ 2.1368661, 48.87948308 ], [ 2.13683957, 48.87944692 ], [ 2.13693249, 48.87941827 ], [ 2.13695498, 48.879410430000014 ], [ 2.13700722, 48.879392910000014 ], [ 2.13708507, 48.879369360000013 ], [ 2.13716798, 48.87933398 ], [ 2.13713451, 48.87907599 ], [ 2.1373511, 48.87905244 ], [ 2.13738011, 48.879091160000016 ], [ 2.13744177, 48.87917183 ], [ 2.13746672, 48.87920528 ], [ 2.13752317, 48.87927935 ], [ 2.13754171, 48.87930394 ], [ 2.1375576, 48.87932474 ], [ 2.13762872, 48.87941879 ], [ 2.13770399, 48.87951745 ], [ 2.13785124, 48.87946905 ], [ 2.13800658, 48.87941782 ], [ 2.13803716, 48.87945645 ], [ 2.13807347, 48.879503559999989 ], [ 2.13824652, 48.87944527 ], [ 2.13829341, 48.8794296 ], [ 2.13837956, 48.87939838 ], [ 2.13847613, 48.87936355 ], [ 2.13820178, 48.87900939 ], [ 2.13817718, 48.878973259999988 ], [ 2.13811649, 48.87897976 ], [ 2.13800818, 48.87899049 ], [ 2.13789781, 48.87900219 ], [ 2.13770646, 48.87902177 ], [ 2.13758586, 48.8790334 ], [ 2.1375562, 48.87903666 ], [ 2.13755177, 48.87900165 ], [ 2.1375369, 48.87882087 ], [ 2.13723215, 48.87884511 ], [ 2.13715405, 48.87885183 ], [ 2.13714381, 48.878767430000011 ], [ 2.1370259, 48.878776259999988 ], [ 2.13688879, 48.87878858 ], [ 2.13665063, 48.87881052 ], [ 2.13641206, 48.87883191 ], [ 2.13630893, 48.87884268 ], [ 2.1363115, 48.87886060000001 ], [ 2.13621272, 48.8788722 ], [ 2.13593244, 48.87890148000001 ], [ 2.13555087, 48.87894504 ], [ 2.13553505, 48.878888139999987 ], [ 2.13547137, 48.878895989999975 ], [ 2.1351965, 48.87892809 ], [ 2.13515728, 48.87893285 ], [ 2.13513006, 48.87887239 ], [ 2.13508549, 48.8788798 ], [ 2.13510517, 48.8789383 ], [ 2.13508788, 48.878941070000018 ], [ 2.13476342, 48.87897785 ], [ 2.13473892, 48.87890176 ], [ 2.13468395, 48.87873049 ], [ 2.13435405, 48.8787665 ], [ 2.13430146, 48.87877215 ], [ 2.13425497, 48.87877822 ], [ 2.1341282, 48.87846858 ], [ 2.13407952, 48.878474390000015 ], [ 2.13405259, 48.8784786 ], [ 2.13392859, 48.878497760000016 ], [ 2.13376922, 48.878520980000012 ], [ 2.13384413, 48.87869824 ], [ 2.13367259, 48.87873981 ], [ 2.13357918, 48.87875631 ], [ 2.1336529, 48.878931230000013 ], [ 2.13367138, 48.87897651 ], [ 2.13370879, 48.879071400000022 ], [ 2.13345009, 48.87912277 ], [ 2.13341328, 48.87913041 ], [ 2.13333424, 48.87895573 ], [ 2.13330802, 48.87895796 ], [ 2.13317159, 48.87897065 ], [ 2.13315479, 48.87897232 ], [ 2.13300045, 48.87898793 ], [ 2.13298434, 48.87894852 ], [ 2.13296675, 48.87890747 ], [ 2.13289097, 48.87892176 ], [ 2.13279274, 48.87894128 ], [ 2.13278325, 48.878922059999987 ], [ 2.13276929, 48.87892483000001 ], [ 2.13259693, 48.878958120000028 ], [ 2.13253466, 48.87881629000001 ], [ 2.1325206, 48.878817269999978 ], [ 2.13242113, 48.87882968 ], [ 2.13218884, 48.87885857 ], [ 2.13217318, 48.87882446 ], [ 2.1321415, 48.87875345 ], [ 2.13211421, 48.8786894 ], [ 2.13208257, 48.87861623 ], [ 2.13203714, 48.87851131 ], [ 2.13197834, 48.87837391 ], [ 2.1319727, 48.87836065 ], [ 2.13195828, 48.87832601 ], [ 2.13187794, 48.87813917 ], [ 2.13165463, 48.87816984 ], [ 2.13138115, 48.87820814 ], [ 2.13131356, 48.87821459 ], [ 2.1314465, 48.87847591 ], [ 2.13176988, 48.87908424 ], [ 2.13200234, 48.87952760000001 ], [ 2.13200425, 48.87954055 ], [ 2.13200711, 48.87956001 ], [ 2.13209701, 48.87970450000001 ], [ 2.13228411, 48.88006029 ], [ 2.13242983, 48.88034498 ], [ 2.13277967, 48.88100266 ], [ 2.13278909, 48.881020359999987 ], [ 2.13281974, 48.88107799 ], [ 2.13288154, 48.881060630000015 ], [ 2.13336234, 48.880922010000013 ], [ 2.13339211, 48.88090353 ] ] ] ] } },
{ "type": "Feature", "properties": { "libelle": "ULb", "libelong": "Secteur ULb : secteur de consolidation et d'évolution des sites récents de l'activité", "typezone": "U", "surface_ha": 5.0, "mailles": 3, "part_mailles_prioritaires": 100.0, "score_sante_moyen": 2.7, "score_climat_moyen": 3.0 }, "geometry": { "type": "Polygon", "coordinates": [ [ [ 2.12523623, 48.87480789 ], [ 2.12513971, 48.87485548 ], [ 2.12512377, 48.87486328 ], [ 2.12511206, 48.87487021 ], [ 2.12509113, 48.87488273 ], [ 2.12500657, 48.87493284 ], [ 2.12486028, 48.87502135 ], [ 2.12480851, 48.87505146 ], [ 2.12475577, 48.87509082 ], [ 2.12469891, 48.87513385 ], [ 2.12463639, 48.87516837 ], [ 2.1243842, 48.875327519999985 ], [ 2.12425284, 48.87543628 ], [ 2.12390619, 48.87569905 ], [ 2.12381062, 48.87577399 ], [ 2.12378461, 48.87579439 ], [ 2.1238135, 48.87581967 ], [ 2.123966, 48.87595311 ], [ 2.1244029, 48.87640509 ], [ 2.12456777, 48.8765578 ], [ 2.12467007, 48.87665257 ], [ 2.12505908, 48.87703404 ], [ 2.12510954, 48.87708575 ], [ 2.12534459, 48.877326620000012 ], [ 2.12565468, 48.87761758 ], [ 2.12568222, 48.87760133 ], [ 2.1257676, 48.87755095 ], [ 2.12579643, 48.87753947 ], [ 2.12583622, 48.87752447 ], [ 2.12588015, 48.87750681 ], [ 2.1259241, 48.87748824 ], [ 2.12596941, 48.87746968 ], [ 2.12601474, 48.87744933 ], [ 2.12604099, 48.8774379 ], [ 2.12606694, 48.87746689 ], [ 2.12607673, 48.87747712 ], [ 2.12610768, 48.87750954 ], [ 2.12619524, 48.877605609999989 ], [ 2.12628858, 48.87770711000001 ], [ 2.12630205, 48.87772483 ], [ 2.12631723, 48.87771415 ], [ 2.12636028, 48.877683800000021 ], [ 2.12646433, 48.87761 ], [ 2.12650334, 48.87758447 ], [ 2.12660269, 48.87770306 ], [ 2.1266093, 48.8776893 ], [ 2.12665015, 48.87761135 ], [ 2.1266865, 48.87755766 ], [ 2.12680396, 48.87746498 ], [ 2.12711584, 48.877242420000023 ], [ 2.12746507, 48.87698775 ], [ 2.12788868, 48.87668865 ], [ 2.12792271, 48.87666702 ], [ 2.12788691, 48.876615069999986 ], [ 2.12781587, 48.8765176 ], [ 2.12765727, 48.87629934000001 ], [ 2.12751294, 48.87610025 ], [ 2.12740977, 48.87595901000001 ], [ 2.12733315, 48.87585287000001 ], [ 2.12730146, 48.87580936 ], [ 2.12719252, 48.87583997 ], [ 2.12712558, 48.87584758 ], [ 2.12693501, 48.87591005 ], [ 2.12663606, 48.87601219 ], [ 2.12642791, 48.87607933 ], [ 2.1264254, 48.87606911 ], [ 2.12641541, 48.8760551 ], [ 2.12640209, 48.87603629 ], [ 2.12630806, 48.87590349 ], [ 2.126301, 48.875893640000022 ], [ 2.12619957, 48.87575467 ], [ 2.12615146, 48.87568866 ], [ 2.12614706, 48.87568251 ], [ 2.12610747, 48.87562835 ], [ 2.12599954, 48.8754789 ], [ 2.12587824, 48.87531334 ], [ 2.12577844, 48.87517537 ], [ 2.12569022, 48.87505394 ], [ 2.12558092, 48.87490439 ], [ 2.12549352, 48.87478315 ], [ 2.12546566, 48.87474481000001 ], [ 2.12545687, 48.8747326 ], [ 2.12543769, 48.87470776 ], [ 2.12540923, 48.874723349999989 ], [ 2.12539721, 48.874729109999976 ], [ 2.12523623, 48.87480789 ] ] ] } },
{ "type": "Feature", "properties": { "libelle": "Nd", "libelong": "Secteur Nd : secteur des espaces naturels et paysagers à vocation de parcs et jardins collectifs", "typezone": "N", "surface_ha": 3.3, "mailles": 1, "part_mailles_prioritaires": 0.0, "score_sante_moyen": 4.0, "score_climat_moyen": 6.0 }, "geometry": { "type": "MultiPolygon", "coordinates": [ [ [ [ 2.13817825, 48.87079861 ], [ 2.1378266, 48.87079338 ], [ 2.13771957, 48.870791400000016 ], [ 2.13771551, 48.87083332 ], [ 2.13776248, 48.87087035 ], [ 2.13770959, 48.87124006 ], [ 2.13764358, 48.87188389 ], [ 2.13765942, 48.87214511 ], [ 2.13779722, 48.8721566 ], [ 2.13792924, 48.87217014 ], [ 2.13805957, 48.87217604 ], [ 2.13804354, 48.872126090000016 ], [ 2.13798251, 48.87183497 ], [ 2.13802401, 48.87168346 ], [ 2.13805512, 48.87156605 ], [ 2.13831965, 48.871555900000011 ], [ 2.13868977, 48.87154139 ], [ 2.13896276, 48.87153031 ], [ 2.13921486, 48.87152106 ], [ 2.13940517, 48.87151353 ], [ 2.13949344, 48.87150993 ], [ 2.13948482, 48.871478929999988 ], [ 2.13945736, 48.8713834 ], [ 2.13942996, 48.871292100000019 ], [ 2.13942059, 48.87125687 ], [ 2.13928259, 48.8707722 ], [ 2.13927846, 48.87075892 ], [ 2.13899268, 48.8707676 ], [ 2.138889, 48.87077135 ], [ 2.13847156, 48.87078723 ], [ 2.13817825, 48.87079861 ] ] ], [ [ [ 2.13815639, 48.87266582 ], [ 2.13810609, 48.87260581 ], [ 2.13781434, 48.872440020000013 ], [ 2.13767681, 48.8723473 ], [ 2.13754472, 48.87247565 ], [ 2.13760523, 48.87254536 ], [ 2.13769734, 48.87265548 ], [ 2.13774845, 48.872714479999985 ], [ 2.13782106, 48.87280027 ], [ 2.13806461, 48.87270642 ], [ 2.13807971, 48.8727005 ], [ 2.13815639, 48.87266582 ] ] ], [ [ [ 2.13200145, 48.8751441 ], [ 2.13213559, 48.875238270000011 ], [ 2.13228436, 48.87539224 ], [ 2.13234147, 48.87548349 ], [ 2.13239211, 48.87563585 ], [ 2.13240057, 48.87570066 ], [ 2.13239719, 48.87582205 ], [ 2.13237884, 48.87589841 ], [ 2.13241568, 48.87589872 ], [ 2.13258065, 48.8759161 ], [ 2.13261001, 48.87597837 ], [ 2.13266416, 48.87609217 ], [ 2.13272288, 48.87621752 ], [ 2.1327741, 48.876326980000016 ], [ 2.13283219, 48.87644945 ], [ 2.1328501, 48.87644625 ], [ 2.1328268, 48.87639617 ], [ 2.13280455, 48.876348880000016 ], [ 2.13277166, 48.87627687 ], [ 2.13274954, 48.87622967 ], [ 2.13272623, 48.87618004 ], [ 2.13270383, 48.876133649999986 ], [ 2.13268079, 48.87608438 ], [ 2.13265946, 48.87603854 ], [ 2.13263466, 48.875988710000016 ], [ 2.13261202, 48.8759398 ], [ 2.13259015, 48.875893780000013 ], [ 2.13272752, 48.87586554 ], [ 2.1327943, 48.87585101 ], [ 2.13288472, 48.875832870000011 ], [ 2.13292303, 48.875825140000011 ], [ 2.13293655, 48.875823620000013 ], [ 2.13295764, 48.87586757 ], [ 2.13298135, 48.8759173 ], [ 2.13300398, 48.87596693 ], [ 2.1329792, 48.87597268 ], [ 2.1330008, 48.876018439999989 ], [ 2.13302399, 48.876066899999984 ], [ 2.13303125, 48.87608116 ], [ 2.13303878, 48.87609579 ], [ 2.13304666, 48.876114009999988 ], [ 2.13307051, 48.87616374000001 ], [ 2.13309386, 48.87621067 ], [ 2.13310288, 48.87620984 ], [ 2.13311383, 48.876231680000011 ], [ 2.13312256, 48.87623121 ], [ 2.13314482, 48.87627813 ], [ 2.13316747, 48.87632641 ], [ 2.1331908, 48.87637479 ], [ 2.13321236, 48.87642324 ], [ 2.13316393, 48.87643296000001 ], [ 2.13300727, 48.87646546 ], [ 2.13285512, 48.87649701 ], [ 2.13285696, 48.87650152 ], [ 2.1328681, 48.87654544 ], [ 2.13317205, 48.87653456 ], [ 2.13328128, 48.876525460000018 ], [ 2.13331526, 48.876532 ], [ 2.13336622, 48.87658363 ], [ 2.13339871, 48.8766792 ], [ 2.13342078, 48.87674591 ], [ 2.13378318, 48.87668015 ], [ 2.13377341, 48.87665376 ], [ 2.1337547, 48.87660668 ], [ 2.13373492, 48.87655824 ], [ 2.13371485, 48.87651034 ], [ 2.13369531, 48.87646352 ], [ 2.13368476, 48.8764343 ], [ 2.13366352, 48.87642399 ], [ 2.13362349, 48.87640436 ], [ 2.13360376, 48.87640197 ], [ 2.13358964, 48.876398 ], [ 2.13354424, 48.87638976 ], [ 2.13351126, 48.87639698000001 ], [ 2.13350096, 48.8763684 ], [ 2.13349375, 48.876367449999989 ], [ 2.13348747, 48.876360209999987 ], [ 2.13344845, 48.87626324 ], [ 2.13341989, 48.87619307 ], [ 2.13354667, 48.8761697 ], [ 2.13368275, 48.87614497 ], [ 2.13369364, 48.87614594 ], [ 2.1338141, 48.87617533 ], [ 2.13384399, 48.87618148 ], [ 2.13384734, 48.876184920000021 ], [ 2.1338805, 48.87626511 ], [ 2.13387797, 48.87626986 ], [ 2.13388665, 48.87627244 ], [ 2.13403245, 48.87624517 ], [ 2.13405169, 48.87629387 ], [ 2.13410019, 48.87641114 ], [ 2.13417006, 48.876579729999989 ], [ 2.13418214, 48.87661038 ], [ 2.13427, 48.87659647 ], [ 2.13440657, 48.87658306 ], [ 2.13447067, 48.87658173 ], [ 2.1345156, 48.87658565 ], [ 2.13463583, 48.87660292 ], [ 2.13466885, 48.876607659999983 ], [ 2.134687, 48.876610270000015 ], [ 2.13491822, 48.87664432 ], [ 2.13498498, 48.8766475 ], [ 2.13500705, 48.8766457 ], [ 2.13498571, 48.87662844 ], [ 2.13495462, 48.87658739 ], [ 2.13489236, 48.87651067 ], [ 2.13477486, 48.87647564 ], [ 2.13465136, 48.87644067 ], [ 2.13462219, 48.87643236000001 ], [ 2.13459359, 48.876422169999984 ], [ 2.13458274, 48.876360940000012 ], [ 2.1345769, 48.87633526 ], [ 2.13461843, 48.87627252 ], [ 2.13467045, 48.87619456 ], [ 2.13468751, 48.87616869 ], [ 2.13471286, 48.87612526 ], [ 2.13468283, 48.87611683 ], [ 2.13465875, 48.876160030000015 ], [ 2.13465075, 48.87617373 ], [ 2.13459778, 48.8762515 ], [ 2.1345483, 48.87632471 ], [ 2.13455223, 48.87639984 ], [ 2.13439831, 48.87639873 ], [ 2.13428692, 48.87639855 ], [ 2.1342804, 48.876397240000017 ], [ 2.13427743, 48.87638724 ], [ 2.13426663, 48.87637232 ], [ 2.13425417, 48.876359459999989 ], [ 2.13423327, 48.87634501 ], [ 2.13420473, 48.87633122 ], [ 2.13418806, 48.87632544 ], [ 2.1341643, 48.87631933 ], [ 2.13414416, 48.876317019999981 ], [ 2.13412169, 48.87631524 ], [ 2.13408581, 48.876316420000016 ], [ 2.1340546, 48.87624146 ], [ 2.13404208, 48.87620773 ], [ 2.13401465, 48.87620043 ], [ 2.13393975, 48.87617911000001 ], [ 2.13392873, 48.87616105 ], [ 2.13397066, 48.8760992 ], [ 2.13405211, 48.87598162 ], [ 2.13407076, 48.875945100000017 ], [ 2.13392148, 48.87590334 ], [ 2.13386304, 48.87588699 ], [ 2.13384132, 48.8759237 ], [ 2.13380036, 48.87598474 ], [ 2.13375026, 48.87599643 ], [ 2.13374092, 48.87600068 ], [ 2.13367496, 48.87609679 ], [ 2.13366404, 48.87611407 ], [ 2.13362987, 48.876119220000014 ], [ 2.13358116, 48.87610466 ], [ 2.13351236, 48.87608509 ], [ 2.1334437, 48.87606526 ], [ 2.13337531, 48.876045429999984 ], [ 2.13330407, 48.87602486 ], [ 2.13323596, 48.87600467 ], [ 2.13316648, 48.87598438 ], [ 2.13310461, 48.87596631 ], [ 2.13309307, 48.875938790000021 ], [ 2.13310633, 48.875937 ], [ 2.13311078, 48.875931719999983 ], [ 2.13314897, 48.87587354 ], [ 2.13316882, 48.87584419 ], [ 2.13317097, 48.875837639999986 ], [ 2.13314141, 48.87577033 ], [ 2.13322258, 48.875751850000015 ], [ 2.13328472, 48.875769749999982 ], [ 2.13329669, 48.87579628000001 ], [ 2.13336522, 48.87581557 ], [ 2.13343498, 48.87583496 ], [ 2.13350567, 48.875855890000011 ], [ 2.13357408, 48.87587491 ], [ 2.13364411, 48.875894219999985 ], [ 2.13371401, 48.87591334 ], [ 2.13372895, 48.87589204 ], [ 2.13375435, 48.87585682 ], [ 2.13341261, 48.87576195 ], [ 2.13332031, 48.875737 ], [ 2.13329556, 48.87572477 ], [ 2.13325103, 48.87563946 ], [ 2.13332003, 48.875622960000015 ], [ 2.13322453, 48.87542126 ], [ 2.13308491, 48.87515116 ], [ 2.13296958, 48.874920989999985 ], [ 2.13295782, 48.87489842 ], [ 2.1329433, 48.87486963 ], [ 2.13281134, 48.87460633 ], [ 2.13279841, 48.87458015 ], [ 2.13275845, 48.8745152 ], [ 2.13263378, 48.87455117 ], [ 2.13254462, 48.874583800000011 ], [ 2.13245528, 48.87462632 ], [ 2.13233572, 48.87468301 ], [ 2.1318081, 48.87500836 ], [ 2.13153662, 48.87518086 ], [ 2.13140052, 48.87524823 ], [ 2.13146136, 48.87531180000002 ], [ 2.13166598, 48.875256450000016 ], [ 2.13194007, 48.875181 ], [ 2.13200145, 48.8751441 ] ] ], [ [ [ 2.14366158, 48.87635563 ], [ 2.14352959, 48.87641395 ], [ 2.14336133, 48.87648883 ], [ 2.14310122, 48.87660272 ], [ 2.14311628, 48.87661933 ], [ 2.1431579, 48.87666523 ], [ 2.14317715, 48.876686450000015 ], [ 2.14325979, 48.87677662 ], [ 2.1432817, 48.87680317 ], [ 2.14334096, 48.876782239999976 ], [ 2.14354371, 48.87672433 ], [ 2.14362421, 48.87669457 ], [ 2.14394703, 48.87657523 ], [ 2.14397858, 48.876563760000018 ], [ 2.14375963, 48.87633037 ], [ 2.14370028, 48.876357249999984 ], [ 2.14368666, 48.87635668 ], [ 2.14366158, 48.87635563 ] ] ], [ [ [ 2.15329165, 48.87740812 ], [ 2.15245562, 48.87770537 ], [ 2.1523996, 48.87772911 ], [ 2.15243042, 48.87776248 ], [ 2.15254296, 48.87788469 ], [ 2.15264132, 48.87800448 ], [ 2.15272066, 48.87798326 ], [ 2.15275302, 48.87797225 ], [ 2.15287721, 48.877949020000017 ], [ 2.15299181, 48.87792816 ], [ 2.1530735, 48.87791876 ], [ 2.15314387, 48.87790945 ], [ 2.15318352, 48.87790317000001 ], [ 2.15321744, 48.877896569999983 ], [ 2.15329075, 48.87788297 ], [ 2.15363174, 48.87781748 ], [ 2.15369648, 48.8777986 ], [ 2.1535239, 48.87759844 ], [ 2.15346097, 48.87752695 ], [ 2.15334605, 48.87738314 ], [ 2.15329165, 48.87740812 ] ] ] ] } },
{ "type": "Feature", "properties": { "libelle": "UAc", "libelong": "Secteur UAc : abords du centre-ville", "typezone": "U", "surface_ha": 2.4, "mailles": 2, "part_mailles_prioritaires": 0.0, "score_sante_moyen": 3.0, "score_climat_moyen": 4.5 }, "geometry": { "type": "MultiPolygon", "coordinates": [ [ [ [ 2.14217666, 48.878869490000014 ], [ 2.14213784, 48.8788255 ], [ 2.14211335, 48.87879763 ], [ 2.1420748, 48.87875373 ], [ 2.14199341, 48.87866196 ], [ 2.14187912, 48.87868011 ], [ 2.14180146, 48.87869242 ], [ 2.14168526, 48.87871074 ], [ 2.14166763, 48.87871349 ], [ 2.14156672, 48.87873013 ], [ 2.14156633, 48.878737410000014 ], [ 2.14158741, 48.8787658 ], [ 2.14169133, 48.878904860000013 ], [ 2.14143764, 48.87898399 ], [ 2.14143709, 48.87898416 ], [ 2.14140256, 48.87899453 ], [ 2.14141843, 48.87901587 ], [ 2.14132699, 48.87904543 ], [ 2.14119599, 48.879084870000014 ], [ 2.14118931, 48.8790761 ], [ 2.1411761, 48.87905883 ], [ 2.14107076, 48.87892299 ], [ 2.14102484, 48.87886303 ], [ 2.1410203, 48.87885697 ], [ 2.14100442, 48.87883617 ], [ 2.1409737, 48.87884701 ], [ 2.14094682, 48.87885645 ], [ 2.14092487, 48.87886420000001 ], [ 2.14087235, 48.878882080000011 ], [ 2.14088837, 48.87890315 ], [ 2.14093761, 48.87896817 ], [ 2.14104129, 48.87910544 ], [ 2.14101154, 48.87911556 ], [ 2.14097781, 48.87912701 ], [ 2.14091651, 48.87914798 ], [ 2.14090428, 48.879131340000015 ], [ 2.1408545, 48.87906362 ], [ 2.14082542, 48.87902411 ], [ 2.14059852, 48.87909866 ], [ 2.14074972, 48.879298229999989 ], [ 2.1405726, 48.87935569 ], [ 2.14069313, 48.87951331 ], [ 2.14076001, 48.879600490000016 ], [ 2.14079125, 48.87964065 ], [ 2.1408269, 48.87968677 ], [ 2.14086974, 48.87974329 ], [ 2.14089017, 48.87976942 ], [ 2.14093782, 48.87983182 ], [ 2.14100175, 48.87991583 ], [ 2.14106091, 48.87999887 ], [ 2.14128356, 48.87981059 ], [ 2.14225993, 48.87898487 ], [ 2.14220651, 48.878903070000014 ], [ 2.14217666, 48.878869490000014 ] ] ], [ [ [ 2.14363652, 48.88065761 ], [ 2.14361377, 48.88063172 ], [ 2.14356585, 48.88057733 ], [ 2.14364844, 48.88054671 ], [ 2.14363077, 48.88052653 ], [ 2.14348154, 48.88035576 ], [ 2.14347806, 48.880351769999983 ], [ 2.14338569, 48.880247059999988 ], [ 2.1432924, 48.88014072 ], [ 2.14317182, 48.88000234 ], [ 2.14340201, 48.879918370000013 ], [ 2.14324939, 48.87972149 ], [ 2.14322295, 48.87968766 ], [ 2.14297447, 48.87934179 ], [ 2.1429421, 48.879294250000029 ], [ 2.14285883, 48.87931767 ], [ 2.14300009, 48.87988627 ], [ 2.14306856, 48.88016187 ], [ 2.14308065, 48.880213730000023 ], [ 2.142941, 48.880224 ], [ 2.14267394, 48.88025302 ], [ 2.14272065, 48.88044717 ], [ 2.14276147, 48.88061807 ], [ 2.14276754, 48.88062216 ], [ 2.14277908, 48.88066649 ], [ 2.14281742, 48.88082262 ], [ 2.14281163, 48.880826630000016 ], [ 2.14281366, 48.880835729999987 ], [ 2.14282547, 48.88088024 ], [ 2.14284661, 48.88097132 ], [ 2.1428633, 48.88104284 ], [ 2.14289489, 48.88116943 ], [ 2.14289898, 48.88118619 ], [ 2.14292505, 48.88126241 ], [ 2.14329316, 48.88118064 ], [ 2.14362429, 48.881107050000011 ], [ 2.14395663, 48.88103189000001 ], [ 2.14390261, 48.880961509999985 ], [ 2.1438812, 48.88093699 ], [ 2.14383288, 48.88088178 ], [ 2.143795, 48.88083852 ], [ 2.14370319, 48.88073318 ], [ 2.14363652, 48.88065761 ] ] ], [ [ [ 2.14077687, 48.88035535 ], [ 2.14080842, 48.880451360000016 ], [ 2.14081288, 48.880453549999984 ], [ 2.14082643, 48.88049214 ], [ 2.14082215, 48.880495169999989 ], [ 2.14087262, 48.88064302 ], [ 2.14102077, 48.88062232 ], [ 2.14107258, 48.88061496 ], [ 2.14116072, 48.880603179999987 ], [ 2.14117632, 48.88060014 ], [ 2.1411019, 48.880333760000013 ], [ 2.14109083, 48.880293390000013 ], [ 2.14107548, 48.880240309999976 ], [ 2.14107484, 48.88023778 ], [ 2.14104415, 48.88013117 ], [ 2.14101913, 48.88003421 ], [ 2.14084976, 48.88017744 ], [ 2.14073899, 48.88027052 ], [ 2.14077687, 48.88035535 ] ] ], [ [ [ 2.14041551, 48.880405279999977 ], [ 2.1404087, 48.8803966 ], [ 2.14038413, 48.88036494 ], [ 2.14033536, 48.88030425 ], [ 2.14030118, 48.88026047 ], [ 2.14015817, 48.88007902 ], [ 2.14014892, 48.88006728000002 ], [ 2.14013365, 48.8800717 ], [ 2.14002766, 48.880102379999983 ], [ 2.1399486, 48.880125910000011 ], [ 2.13991392, 48.88013664 ], [ 2.13994236, 48.88017317 ], [ 2.13991671, 48.880182520000012 ], [ 2.13976709, 48.880233790000013 ], [ 2.13961911, 48.88028534 ], [ 2.13963447, 48.880304699999989 ], [ 2.13968992, 48.88037417 ], [ 2.13972784, 48.88042255 ], [ 2.13980625, 48.88052142 ], [ 2.13969311, 48.88056062 ], [ 2.13969618, 48.88056442 ], [ 2.13958249, 48.880603810000011 ], [ 2.13956822, 48.88060883 ], [ 2.13954368, 48.88061729 ], [ 2.13966136, 48.88076545 ], [ 2.13969275, 48.88080498 ], [ 2.13978866, 48.880926 ], [ 2.13985299, 48.88101514 ], [ 2.14048471, 48.880484200000012 ], [ 2.14041551, 48.880405279999977 ] ] ], [ [ [ 2.13907631, 48.88090946 ], [ 2.13915446, 48.88099941 ], [ 2.13919136, 48.881043930000011 ], [ 2.1392167, 48.8810782 ], [ 2.13925222, 48.88113196 ], [ 2.13927262, 48.88116044 ], [ 2.13930136, 48.88122792 ], [ 2.13931343, 48.88125714000001 ], [ 2.13935818, 48.88129668 ], [ 2.13942518, 48.88137696 ], [ 2.13947507, 48.88133473 ], [ 2.13975789, 48.88109537 ], [ 2.13970059, 48.88100721 ], [ 2.13966944, 48.880969569999984 ], [ 2.13956062, 48.88083793 ], [ 2.13952975, 48.880800119999989 ], [ 2.13948391, 48.880818040000015 ], [ 2.13930194, 48.880887970000011 ], [ 2.13922529, 48.88079811 ], [ 2.13918717, 48.880753230000018 ], [ 2.13915386, 48.88071387 ], [ 2.13903275, 48.88075697 ], [ 2.13904289, 48.88077 ], [ 2.13909752, 48.88083937 ], [ 2.13905005, 48.88085675 ], [ 2.13907631, 48.88090946 ] ] ] ] } },
{ "type": "Feature", "properties": { "libelle": "UAb", "libelong": "Secteur UAb : centre historique", "typezone": "U", "surface_ha": 2.0, "mailles": 1, "part_mailles_prioritaires": 0.0, "score_sante_moyen": 4.0, "score_climat_moyen": 4.0 }, "geometry": { "type": "MultiPolygon", "coordinates": [ [ [ [ 2.15061589, 48.875653220000018 ], [ 2.15042082, 48.875742670000015 ], [ 2.15024892, 48.87583229 ], [ 2.15058706, 48.87608291 ], [ 2.15080158, 48.87625035 ], [ 2.15075102, 48.87627941 ], [ 2.15070373, 48.876303450000016 ], [ 2.15065686, 48.87632596000001 ], [ 2.15065659, 48.876326140000018 ], [ 2.15050874, 48.87639596 ], [ 2.15058655, 48.87647368 ], [ 2.15056762, 48.87648101 ], [ 2.15049464, 48.87651637 ], [ 2.150536, 48.876571890000029 ], [ 2.1505116, 48.87658035 ], [ 2.15037734, 48.87662778 ], [ 2.15031347, 48.87664398 ], [ 2.15033311, 48.87666434 ], [ 2.15043381, 48.876768480000017 ], [ 2.15048114, 48.876817470000013 ], [ 2.15055309, 48.87690369 ], [ 2.15066359, 48.87703389 ], [ 2.15069752, 48.87707703 ], [ 2.15072187, 48.87710554 ], [ 2.15079128, 48.87718895 ], [ 2.15080374, 48.87718526 ], [ 2.1508945, 48.87728906 ], [ 2.15095069, 48.877354840000024 ], [ 2.15097866, 48.8773876 ], [ 2.15106844, 48.87749247 ], [ 2.15110789, 48.87753955 ], [ 2.15191023, 48.87721829 ], [ 2.15174008, 48.8770477 ], [ 2.15172899, 48.87703658 ], [ 2.1517869, 48.87701335 ], [ 2.15185019, 48.87698691 ], [ 2.15192887, 48.87695338 ], [ 2.15200806, 48.87692129 ], [ 2.15200813, 48.876917069999983 ], [ 2.1521075, 48.87687694 ], [ 2.15200202, 48.87676467 ], [ 2.15180483, 48.87655723 ], [ 2.15179314, 48.87653827 ], [ 2.15206363, 48.876422539999986 ], [ 2.15096588, 48.87551181 ], [ 2.15061589, 48.875653220000018 ] ] ], [ [ [ 2.15337722, 48.87834252 ], [ 2.15349191, 48.878207619999984 ], [ 2.15354921, 48.87813815 ], [ 2.15355024, 48.87813402 ], [ 2.1535222, 48.87810451 ], [ 2.15363323, 48.878062660000012 ], [ 2.15362598, 48.87802087 ], [ 2.15362574, 48.87801844 ], [ 2.15362536, 48.87801664 ], [ 2.15375063, 48.87796042 ], [ 2.15380968, 48.87794061 ], [ 2.15372598, 48.87783281 ], [ 2.15369648, 48.8777986 ], [ 2.15363174, 48.87781748 ], [ 2.15329075, 48.87788297 ], [ 2.15321744, 48.877896569999983 ], [ 2.15318352, 48.87790317000001 ], [ 2.15314387, 48.87790945 ], [ 2.1530735, 48.87791876 ], [ 2.15299181, 48.87792816 ], [ 2.15287721, 48.877949020000017 ], [ 2.15275302, 48.87797225 ], [ 2.15272066, 48.87798326 ], [ 2.15264132, 48.87800448 ], [ 2.15264993, 48.878014960000016 ], [ 2.15271018, 48.87808284 ], [ 2.15284089, 48.878178189999986 ], [ 2.15297717, 48.8782664 ], [ 2.15301089, 48.878289120000012 ], [ 2.15302282, 48.878296750000011 ], [ 2.15306352, 48.87832277 ], [ 2.15327077, 48.87845371 ], [ 2.15330787, 48.87842333 ], [ 2.15337722, 48.87834252 ] ] ] ] } },
{ "type": "Feature", "properties": { "libelle": "UBd", "libelong": "Secteur UBd : habitat individuel groupé (type maisons de ville) sur petits parcellaires", "typezone": "U", "surface_ha": 1.5, "mailles": null, "part_mailles_prioritaires": null, "score_sante_moyen": null, "score_climat_moyen": null }, "geometry": { "type": "MultiPolygon", "coordinates": [ [ [ [ 2.13371401, 48.87591334 ], [ 2.13364411, 48.875894219999985 ], [ 2.13357408, 48.87587491 ], [ 2.13350567, 48.875855890000011 ], [ 2.13343498, 48.87583496 ], [ 2.13336522, 48.87581557 ], [ 2.13329669, 48.87579628000001 ], [ 2.13328472, 48.875769749999982 ], [ 2.13322258, 48.875751850000015 ], [ 2.13314141, 48.87577033 ], [ 2.13317097, 48.875837639999986 ], [ 2.13316882, 48.87584419 ], [ 2.13314897, 48.87587354 ], [ 2.13311078, 48.875931719999983 ], [ 2.13310633, 48.875937 ], [ 2.13309307, 48.875938790000021 ], [ 2.13310461, 48.87596631 ], [ 2.13316648, 48.87598438 ], [ 2.13323596, 48.87600467 ], [ 2.13330407, 48.87602486 ], [ 2.13337531, 48.876045429999984 ], [ 2.1334437, 48.87606526 ], [ 2.13351236, 48.87608509 ], [ 2.13358116, 48.87610466 ], [ 2.13362987, 48.876119220000014 ], [ 2.13366404, 48.87611407 ], [ 2.13367496, 48.87609679 ], [ 2.13374092, 48.87600068 ], [ 2.13375026, 48.87599643 ], [ 2.13380036, 48.87598474 ], [ 2.13384132, 48.8759237 ], [ 2.13386304, 48.87588699 ], [ 2.13375435, 48.87585682 ], [ 2.13372895, 48.87589204 ], [ 2.13371401, 48.87591334 ] ] ], [ [ [ 2.13392148, 48.87590334 ], [ 2.13407076, 48.875945100000017 ], [ 2.13405211, 48.87598162 ], [ 2.13397066, 48.8760992 ], [ 2.13392873, 48.87616105 ], [ 2.13393975, 48.87617911000001 ], [ 2.13401465, 48.87620043 ], [ 2.13404208, 48.87620773 ], [ 2.1340546, 48.87624146 ], [ 2.13408581, 48.876316420000016 ], [ 2.13412169, 48.87631524 ], [ 2.13414416, 48.876317019999981 ], [ 2.1341643, 48.87631933 ], [ 2.13418806, 48.87632544 ], [ 2.13420473, 48.87633122 ], [ 2.13423327, 48.87634501 ], [ 2.13425417, 48.876359459999989 ], [ 2.13426663, 48.87637232 ], [ 2.13427743, 48.87638724 ], [ 2.1342804, 48.876397240000017 ], [ 2.13428692, 48.87639855 ], [ 2.13439831, 48.87639873 ], [ 2.13455223, 48.87639984 ], [ 2.1345483, 48.87632471 ], [ 2.13459778, 48.8762515 ], [ 2.13465075, 48.87617373 ], [ 2.13465875, 48.876160030000015 ], [ 2.13468283, 48.87611683 ], [ 2.13471286, 48.87612526 ], [ 2.13468751, 48.87616869 ], [ 2.13467045, 48.87619456 ], [ 2.13461843, 48.87627252 ], [ 2.1345769, 48.87633526 ], [ 2.13458274, 48.876360940000012 ], [ 2.13459359, 48.876422169999984 ], [ 2.13462219, 48.87643236000001 ], [ 2.13465136, 48.87644067 ], [ 2.13477486, 48.87647564 ], [ 2.13489236, 48.87651067 ], [ 2.13495462, 48.87658739 ], [ 2.13498571, 48.87662844 ], [ 2.13500705, 48.8766457 ], [ 2.13505598, 48.87664172 ], [ 2.13514474, 48.876633370000015 ], [ 2.13519823, 48.87661487 ], [ 2.13522881, 48.87659788 ], [ 2.13525643, 48.876616190000014 ], [ 2.1355202, 48.876694 ], [ 2.13563823, 48.87666418 ], [ 2.13567584, 48.876730739999985 ], [ 2.13580672, 48.87671531 ], [ 2.13580359, 48.8767072 ], [ 2.13578187, 48.876651550000012 ], [ 2.1357425, 48.87655126 ], [ 2.13577424, 48.87652001 ], [ 2.13578066, 48.87651106 ], [ 2.13585288, 48.87650538 ], [ 2.13587649, 48.8764631 ], [ 2.13617973, 48.876542980000018 ], [ 2.1361934, 48.87651836 ], [ 2.13614022, 48.876420389999986 ], [ 2.13605117, 48.87625661 ], [ 2.13601266, 48.87618609 ], [ 2.13598318, 48.87613074 ], [ 2.1359167, 48.87615167 ], [ 2.13567587, 48.87608014 ], [ 2.13565864, 48.87607525 ], [ 2.13563002, 48.87605904 ], [ 2.13559666, 48.87610421 ], [ 2.13554045, 48.876089949999987 ], [ 2.13549873, 48.87604855 ], [ 2.13537464, 48.87600871 ], [ 2.1351921, 48.87603159 ], [ 2.1350617, 48.8759605 ], [ 2.13493097, 48.87615624 ], [ 2.13491393, 48.87618167 ], [ 2.13488258, 48.87617287 ], [ 2.13489947, 48.87614774 ], [ 2.13507966, 48.87588076 ], [ 2.13496463, 48.87583712 ], [ 2.13483143, 48.87581997 ], [ 2.13480178, 48.875815260000017 ], [ 2.13476858, 48.87581142 ], [ 2.13469934, 48.87580175 ], [ 2.13461003, 48.87575281 ], [ 2.13452057, 48.87570423 ], [ 2.13447408, 48.87567934 ], [ 2.13442799, 48.87565481 ], [ 2.13432349, 48.875642 ], [ 2.1343323, 48.87562876 ], [ 2.13424602, 48.87562741 ], [ 2.13423089, 48.87562721 ], [ 2.13418767, 48.87562681 ], [ 2.13416136, 48.87562671 ], [ 2.13413455, 48.87561658 ], [ 2.13392156, 48.87590324 ], [ 2.13392148, 48.87590334 ] ] ], [ [ [ 2.13316393, 48.87643296000001 ], [ 2.13321236, 48.87642324 ], [ 2.1331908, 48.87637479 ], [ 2.13316747, 48.87632641 ], [ 2.13314482, 48.87627813 ], [ 2.13312256, 48.87623121 ], [ 2.13311383, 48.876231680000011 ], [ 2.13310288, 48.87620984 ], [ 2.13309386, 48.87621067 ], [ 2.13307051, 48.87616374000001 ], [ 2.13304666, 48.876114009999988 ], [ 2.13303878, 48.87609579 ], [ 2.13303125, 48.87608116 ], [ 2.13302399, 48.876066899999984 ], [ 2.1330008, 48.876018439999989 ], [ 2.1329792, 48.87597268 ], [ 2.13300398, 48.87596693 ], [ 2.13298135, 48.8759173 ], [ 2.13295764, 48.87586757 ], [ 2.13293655, 48.875823620000013 ], [ 2.13292303, 48.875825140000011 ], [ 2.13288472, 48.875832870000011 ], [ 2.1327943, 48.87585101 ], [ 2.13272752, 48.87586554 ], [ 2.13259015, 48.875893780000013 ], [ 2.13261202, 48.8759398 ], [ 2.13263466, 48.875988710000016 ], [ 2.13265946, 48.87603854 ], [ 2.13268079, 48.87608438 ], [ 2.13270383, 48.876133649999986 ], [ 2.13272623, 48.87618004 ], [ 2.13274954, 48.87622967 ], [ 2.13277166, 48.87627687 ], [ 2.13280455, 48.876348880000016 ], [ 2.1328268, 48.87639617 ], [ 2.1328501, 48.87644625 ], [ 2.13283219, 48.87644945 ], [ 2.13285512, 48.87649701 ], [ 2.13300727, 48.87646546 ], [ 2.13316393, 48.87643296000001 ] ] ], [ [ [ 2.13410019, 48.87641114 ], [ 2.13405169, 48.87629387 ], [ 2.13403245, 48.87624517 ], [ 2.13388665, 48.87627244 ], [ 2.13387797, 48.87626986 ], [ 2.1338805, 48.87626511 ], [ 2.13384734, 48.876184920000021 ], [ 2.13384399, 48.87618148 ], [ 2.1338141, 48.87617533 ], [ 2.13369364, 48.87614594 ], [ 2.13368275, 48.87614497 ], [ 2.13354667, 48.8761697 ], [ 2.13341989, 48.87619307 ], [ 2.13344845, 48.87626324 ], [ 2.13348747, 48.876360209999987 ], [ 2.13349375, 48.876367449999989 ], [ 2.13350096, 48.8763684 ], [ 2.13351126, 48.87639698000001 ], [ 2.13354424, 48.87638976 ], [ 2.13358964, 48.876398 ], [ 2.13360376, 48.87640197 ], [ 2.13362349, 48.87640436 ], [ 2.13366352, 48.87642399 ], [ 2.13368476, 48.8764343 ], [ 2.13369531, 48.87646352 ], [ 2.13371485, 48.87651034 ], [ 2.13373492, 48.87655824 ], [ 2.1337547, 48.87660668 ], [ 2.13377341, 48.87665376 ], [ 2.13378318, 48.87668015 ], [ 2.13418214, 48.87661038 ], [ 2.13417006, 48.876579729999989 ], [ 2.13410019, 48.87641114 ] ] ] ] } },
{ "type": "Feature", "properties": { "libelle": "ULc", "libelong": "Secteur ULc : secteur dédié aux activités commerciales", "typezone": "U", "surface_ha": 1.4, "mailles": 1, "part_mailles_prioritaires": 100.0, "score_sante_moyen": 2.0, "score_climat_moyen": 3.0 }, "geometry": { "type": "Polygon", "coordinates": [ [ [ 2.14020635, 48.88198232 ], [ 2.14052516, 48.88189636 ], [ 2.14099631, 48.88176976 ], [ 2.14143506, 48.88165185 ], [ 2.14142128, 48.88156421 ], [ 2.14141329, 48.88153618 ], [ 2.14135965, 48.88134046 ], [ 2.14132503, 48.88121529 ], [ 2.14132379, 48.88119127 ], [ 2.14131748, 48.88116874 ], [ 2.14130911, 48.881139 ], [ 2.14126179, 48.880965350000011 ], [ 2.14124827, 48.88091687 ], [ 2.14109442, 48.880936 ], [ 2.14082756, 48.88096916 ], [ 2.14068655, 48.88098623 ], [ 2.14038049, 48.88102342 ], [ 2.13991688, 48.88108026 ], [ 2.13975789, 48.88109537 ], [ 2.13947507, 48.88133473 ], [ 2.13949787, 48.88143357 ], [ 2.13959519, 48.88174995 ], [ 2.13938494, 48.881805989999982 ], [ 2.13947177, 48.88208884 ], [ 2.13949185, 48.88217457 ], [ 2.14020635, 48.88198232 ] ] ] } },
{ "type": "Feature", "properties": { "libelle": "ULd", "libelong": "Secteur ULd : secteur de consolidation des activités dans le tissu urbain constitué", "typezone": "U", "surface_ha": 1.4, "mailles": 1, "part_mailles_prioritaires": 0.0, "score_sante_moyen": 3.0, "score_climat_moyen": 5.0 }, "geometry": { "type": "MultiPolygon", "coordinates": [ [ [ [ 2.14020433, 48.87507136 ], [ 2.14014723, 48.87509085 ], [ 2.14006743, 48.87511789 ], [ 2.14006194, 48.87511983 ], [ 2.13991372, 48.8751702 ], [ 2.1398357, 48.8751968 ], [ 2.13964455, 48.87526225 ], [ 2.13948372, 48.87531695 ], [ 2.13940091, 48.87522066 ], [ 2.1393351, 48.875143380000011 ], [ 2.13930113, 48.875103389999985 ], [ 2.13925616, 48.87511862 ], [ 2.1392412, 48.87512472 ], [ 2.13921009, 48.87513448 ], [ 2.13906568, 48.87518524 ], [ 2.1388985, 48.87524412 ], [ 2.1386696, 48.87532485 ], [ 2.13863495, 48.87528458 ], [ 2.13860163, 48.87524684 ], [ 2.13853154, 48.87527179 ], [ 2.13847913, 48.87529164 ], [ 2.13849224, 48.87530676 ], [ 2.13863764, 48.87547688 ], [ 2.13875203, 48.87560874 ], [ 2.13885582, 48.87573072 ], [ 2.13890383, 48.87578728 ], [ 2.13894839, 48.87583832 ], [ 2.13904643, 48.87595379 ], [ 2.13907551, 48.87599273 ], [ 2.13912225, 48.87597763 ], [ 2.139346, 48.87590223 ], [ 2.13936686, 48.8758952 ], [ 2.13954881, 48.87583347 ], [ 2.13975447, 48.87576444 ], [ 2.1399611, 48.87569433 ], [ 2.14016332, 48.87562716 ], [ 2.14017149, 48.87562794 ], [ 2.14048332, 48.875528459999984 ], [ 2.14057145, 48.875498290000024 ], [ 2.14056172, 48.87548703 ], [ 2.14020433, 48.87507136 ] ] ], [ [ [ 2.14037129, 48.88219681 ], [ 2.14037423, 48.88219578 ], [ 2.14040508, 48.88218548 ], [ 2.14045402, 48.88225238 ], [ 2.14050928, 48.88232499 ], [ 2.14070267, 48.88226559 ], [ 2.14071227, 48.88226197 ], [ 2.14066795, 48.88219636 ], [ 2.14064907, 48.882167170000017 ], [ 2.14061406, 48.882115210000016 ], [ 2.14063481, 48.88205582 ], [ 2.14060826, 48.88201192 ], [ 2.14057191, 48.88195878 ], [ 2.14052516, 48.88189636 ], [ 2.14020635, 48.88198232 ], [ 2.14025369, 48.88204388 ], [ 2.14037129, 48.88219681 ] ] ], [ [ [ 2.13880118, 48.88333142 ], [ 2.13878774, 48.88331954 ], [ 2.13874554, 48.88327346 ], [ 2.13870827, 48.88321842 ], [ 2.13902325, 48.883121310000021 ], [ 2.1387988, 48.88279907 ], [ 2.13903758, 48.882724250000017 ], [ 2.13892542, 48.882563910000023 ], [ 2.13882923, 48.88242642 ], [ 2.13878682, 48.8823627 ], [ 2.13838877, 48.8824684 ], [ 2.13829194, 48.88246860000001 ], [ 2.13804269, 48.88253336 ], [ 2.13800367, 48.88254834 ], [ 2.13806962, 48.88263635 ], [ 2.13809811, 48.88267801 ], [ 2.138131, 48.88272628 ], [ 2.13818079, 48.882799029999987 ], [ 2.13819296, 48.88281351 ], [ 2.13820976, 48.88283665 ], [ 2.13821917, 48.882853089999983 ], [ 2.13828138, 48.88294221000001 ], [ 2.13831532, 48.88299237 ], [ 2.13841697, 48.88313754 ], [ 2.13844028, 48.88317089 ], [ 2.13848583, 48.88323633000001 ], [ 2.13852392, 48.88329165 ], [ 2.13856082, 48.88334435 ], [ 2.13859825, 48.88339822 ], [ 2.13863518, 48.88344948 ], [ 2.13863891, 48.88345454000001 ], [ 2.13864532, 48.88346295 ], [ 2.13884566, 48.88339595 ], [ 2.13880118, 48.88333142 ] ] ] ] } },
{ "type": "Feature", "properties": { "libelle": "UAa1", "libelong": "Secteur UAa1 : centre-ville, comprenant un sous-secteur UAa1", "typezone": "U", "surface_ha": 0.2, "mailles": null, "part_mailles_prioritaires": null, "score_sante_moyen": null, "score_climat_moyen": null }, "geometry": { "type": "Polygon", "coordinates": [ [ [ 2.14595515, 48.87697598 ], [ 2.1459057, 48.87699842 ], [ 2.14565158, 48.87710408 ], [ 2.1456371, 48.87708896 ], [ 2.14543488, 48.87717305 ], [ 2.14582515, 48.87759448 ], [ 2.14587761, 48.87765724 ], [ 2.14588994, 48.87765313 ], [ 2.14610972, 48.877578240000012 ], [ 2.14605282, 48.87753027 ], [ 2.14581251, 48.87728465 ], [ 2.14607734, 48.87717421 ], [ 2.14612985, 48.877147729999983 ], [ 2.14595515, 48.87697598 ] ] ] } }
]
}
