{
"type": "FeatureCollection",
"name": "regreen_grille",
"crs": { "type": "name", "properties": { "name": "urn:ogc:def:crs:OGC:1.3:CRS84" } },
"features": [
{ "type": "Feature", "properties": { "num_125": 858011, "type_zone": 4, "score_biodiv": 1, "score_cc": 3, "score_scv": 5, "couv_veg": 1, "alea_icu": 1, "vuln_icu": 2, "carence_ev": 2, "inondation": 0, "prioritaire_biodiv": true, "prioritaire_climat": false, "prioritaire_sante": false, "nb_enjeux_prioritaires": 1, "code_iris": "781900101" }, "geometry": { "type": "Polygon", "coordinates": [ [ [ 2.130909198849264, 48.870619239201105 ], [ 2.130890443236632, 48.871743307439843 ], [ 2.132594442397853, 48.871755667991941 ], [ 2.132613161243658, 48.870631599499042 ], [ 2.130909198849264, 48.870619239201105 ] ] ] } },
{ "type": "Feature", "properties": { "num_125": 858012, "type_zone": 6, "score_biodiv": 3, "score_cc": 4, "score_scv": 4, "couv_veg": 2, "alea_icu": 3, "vuln_icu": 1, "carence_ev": 2, "inondation": 0, "prioritaire_biodiv": false, "prioritaire_climat": false, "prioritaire_sante": false, "nb_enjeux_prioritaires": 0, "code_iris": "781900101" }, "geometry": { "type": "Polygon", "coordinates": [ [ [ 2.132613161243658, 48.870631599499042 ], [ 2.132594442397853, 48.871755667991941 ], [ 2.134298442366993, 48.871768004286665 ], [ 2.134317124445917, 48.870643935540109 ], [ 2.132613161243658, 48.870631599499042 ] ] ] } },
{ "type": "Feature", "properties": { "num_125": 858013, "type_zone": 6, "score_biodiv": 3, "score_cc": 4, "score_scv": 4, "couv_veg": 2, "alea_icu": 3, "vuln_icu": 1, "carence_ev": 2, "inondation": 0, "prioritaire_biodiv": false, "prioritaire_climat": false, "prioritaire_sante": false, "nb_enjeux_prioritaires": 0, "code_iris": "781900101" }, "geometry": { "type": "Polygon", "coordinates": [ [ [ 2.134317124445917, 48.870643935540109 ], [ 2.134298442366993, 48.871768004286665 ], [ 2.136002443142463, 48.871780316323999 ], [ 2.136021088454456, 48.87065624732427 ], [ 2.134317124445917, 48.870643935540109 ] ] ] } },
{ "type": "Feature", "properties": { "num_125": 858014, "type_zone": 6, "score_biodiv": 3, "score_cc": 3, "score_scv": 4, "couv_veg": 2, "alea_icu": 2, "vuln_icu": 1, "carence_ev": 2, "inondation": 0, "prioritaire_biodiv": false, "prioritaire_climat": false, "prioritaire_sante": false, "nb_enjeux_prioritaires": 0, "code_iris": "781900101" }, "geometry": { "type": "Polygon", "coordinates": [ [ [ 2.136021088454456, 48.87065624732427 ], [ 2.136002443142463, 48.871780316323999 ], [ 2.137706444722677, 48.871792604103902 ], [ 2.137725053267687, 48.870668534851532 ], [ 2.136021088454456, 48.87065624732427 ] ] ] } },
{ "type": "Feature", "properties": { "num_125": 858015, "type_zone": 5, "score_biodiv": 3, "score_cc": 6, "score_scv": 4, "couv_veg": 2, "alea_icu": 3, "vuln_icu": 1, "carence_ev": 2, "inondation": 1, "prioritaire_biodiv": false, "prioritaire_climat": false, "prioritaire_sante": false, "nb_enjeux_prioritaires": 0, "code_iris": "781900104" }, "geometry": { "type": "Polygon", "coordinates": [ [ [ 2.137725053267687, 48.870668534851532 ], [ 2.137706444722677, 48.871792604103902 ], [ 2.139410447106052, 48.871804867626409 ], [ 2.139429018884025, 48.870680798121874 ], [ 2.137725053267687, 48.870668534851532 ] ] ] } },
{ "type": "Feature", "properties": { "num_125": 858016, "type_zone": 6, "score_biodiv": 3, "score_cc": 4, "score_scv": 4, "couv_veg": 2, "alea_icu": 3, "vuln_icu": 1, "carence_ev": 2, "inondation": 0, "prioritaire_biodiv": false, "prioritaire_climat": false, "prioritaire_sante": false, "nb_enjeux_prioritaires": 0, "code_iris": "781900104" }, "geometry": { "type": "Polygon", "coordinates": [ [ [ 2.139429018884025, 48.870680798121874 ], [ 2.139410447106052, 48.871804867626409 ], [ 2.141114450290997, 48.871817106891484 ], [ 2.141132985301884, 48.870693037135275 ], [ 2.139429018884025, 48.870680798121874 ] ] ] } },
{ "type": "Feature", "properties": { "num_125": 858017, "type_zone": 6, "score_biodiv": 3, "score_cc": 4, "score_scv": 4, "couv_veg": 2, "alea_icu": 3, "vuln_icu": 1, "carence_ev": 2, "inondation": 0, "prioritaire_biodiv": false, "prioritaire_climat": false, "prioritaire_sante": false, "nb_enjeux_prioritaires": 0, "code_iris": "781900104" }, "geometry": { "type": "Polygon", "coordinates": [ [ [ 2.141132985301884, 48.870693037135275 ], [ 2.141114450290997, 48.871817106891484 ], [ 2.142818454275928, 48.871829321899078 ], [ 2.142836952519674, 48.870705251891728 ], [ 2.141132985301884, 48.870693037135275 ] ] ] } },
{ "type": "Feature", "properties": { "num_125": 858018, "type_zone": 6, "score_biodiv": 3, "score_cc": 5, "score_scv": 4, "couv_veg": 2, "alea_icu": 3, "vuln_icu": 1, "carence_ev": 2, "inondation": 0, "prioritaire_biodiv": false, "prioritaire_climat": false, "prioritaire_sante": false, "nb_enjeux_prioritaires": 0, "code_iris": "781900104" }, "geometry": { "type": "Polygon", "coordinates": [ [ [ 2.142836952519674, 48.870705251891728 ], [ 2.142818454275928, 48.871829321899078 ], [ 2.144522459059258, 48.871841512649191 ], [ 2.144540920535813, 48.870717442391168 ], [ 2.142836952519674, 48.870705251891728 ] ] ] } },
{ "type": "Feature", "properties": { "num_125": 858019, "type_zone": 4, "score_biodiv": 3, "score_cc": 5, "score_scv": 4, "couv_veg": 0, "alea_icu": 1, "vuln_icu": 2, "carence_ev": 1, "inondation": 2, "prioritaire_biodiv": false, "prioritaire_climat": false, "prioritaire_sante": false, "nb_enjeux_prioritaires": 0, "code_iris": "781900104" }, "geometry": { "type": "Polygon", "coordinates": [ [ [ 2.144540920535813, 48.870717442391168 ], [ 2.144522459059258, 48.871841512649191 ], [ 2.1462264646394, 48.87185367914185 ], [ 2.146244889348711, 48.870729608633653 ], [ 2.144540920535813, 48.870717442391168 ] ] ] } },
{ "type": "Feature", "properties": { "num_125": 858020, "type_zone": 5, "score_biodiv": 5, "score_cc": 7, "score_scv": 5, "couv_veg": 2, "alea_icu": 3, "vuln_icu": 2, "carence_ev": 2, "inondation": 2, "prioritaire_biodiv": false, "prioritaire_climat": false, "prioritaire_sante": false, "nb_enjeux_prioritaires": 0, "code_iris": "781900104" }, "geometry": { "type": "Polygon", "coordinates": [ [ [ 2.146244889348711, 48.870729608633653 ], [ 2.1462264646394, 48.87185367914185 ], [ 2.147930471014767, 48.871865821376971 ], [ 2.147948858956785, 48.870741750619132 ], [ 2.146244889348711, 48.870729608633653 ] ] ] } },
{ "type": "Feature", "properties": { "num_125": 858022, "type_zone": 4, "score_biodiv": 3, "score_cc": 3, "score_scv": 5, "couv_veg": 1, "alea_icu": 1, "vuln_icu": 2, "carence_ev": 2, "inondation": 0, "prioritaire_biodiv": false, "prioritaire_climat": false, "prioritaire_sante": false, "nb_enjeux_prioritaires": 0, "code_iris": "781900104" }, "geometry": { "type": "Polygon", "coordinates": [ [ [ 2.149652829358446, 48.870753868347585 ], [ 2.149634478183774, 48.871877939354619 ], [ 2.151338486144833, 48.871890033074671 ], [ 2.151356800552108, 48.870765961818982 ], [ 2.149652829358446, 48.870753868347585 ] ] ] } },
{ "type": "Feature", "properties": { "num_125": 859289, "type_zone": 4, "score_biodiv": 0, "score_cc": 5, "score_scv": 4, "couv_veg": 0, "alea_icu": 1, "vuln_icu": 2, "carence_ev": 1, "inondation": 2, "prioritaire_biodiv": true, "prioritaire_climat": false, "prioritaire_sante": false, "nb_enjeux_prioritaires": 1, "code_iris": "781900101" }, "geometry": { "type": "Polygon", "coordinates": [ [ [ 2.127482447344288, 48.871718513563593 ], [ 2.127463617385482, 48.87284258014558 ], [ 2.129167651694417, 48.872854989467555 ], [ 2.129186444884915, 48.871730922630384 ], [ 2.127482447344288, 48.871718513563593 ] ] ] } },
{ "type": "Feature", "properties": { "num_125": 859290, "type_zone": 6, "score_biodiv": 2, "score_cc": 5, "score_scv": 4, "couv_veg": 2, "alea_icu": 3, "vuln_icu": 1, "carence_ev": 2, "inondation": 1, "prioritaire_biodiv": false, "prioritaire_climat": false, "prioritaire_sante": false, "nb_enjeux_prioritaires": 0, "code_iris": "781900101" }, "geometry": { "type": "Polygon", "coordinates": [ [ [ 2.129186444884915, 48.871730922630384 ], [ 2.129167651694417, 48.872854989467555 ], [ 2.130871686814495, 48.872867374531673 ], [ 2.130890443236632, 48.871743307439843 ], [ 2.129186444884915, 48.871730922630384 ] ] ] } },
{ "type": "Feature", "properties": { "num_125": 859291, "type_zone": 6, "score_biodiv": 2, "score_cc": 4, "score_scv": 4, "couv_veg": 2, "alea_icu": 3, "vuln_icu": 1, "carence_ev": 2, "inondation": 0, "prioritaire_biodiv": false, "prioritaire_climat": false, "prioritaire_sante": false, "nb_enjeux_prioritaires": 0, "code_iris": "781900101" }, "geometry": { "type": "Polygon", "coordinates": [ [ [ 2.130890443236632, 48.871743307439843 ], [ 2.130871686814495, 48.872867374531673 ], [ 2.13257572274413, 48.872879735337932 ], [ 2.132594442397853, 48.871755667991941 ], [ 2.130890443236632, 48.871743307439843 ] ] ] } },
{ "type": "Feature", "properties": { "num_125": 859292, "type_zone": 6, "score_biodiv": 3, "score_cc": 3, "score_scv": 4, "couv_veg": 2, "alea_icu": 2, "vuln_icu": 1, "carence_ev": 2, "inondation": 0, "prioritaire_biodiv": false, "prioritaire_climat": false, "prioritaire_sante": false, "nb_enjeux_prioritaires": 0, "code_iris": "781900101" }, "geometry": { "type": "Polygon", "coordinates": [ [ [ 2.132594442397853, 48.871755667991941 ], [ 2.13257572274413, 48.872879735337932 ], [ 2.134279759481736, 48.872892071886305 ], [ 2.134298442366993, 48.871768004286665 ], [ 2.132594442397853, 48.871755667991941 ] ] ] } },
{ "type": "Feature", "properties": { "num_125": 859293, "type_zone": 6, "score_biodiv": 3, "score_cc": 3, "score_scv": 4, "couv_veg": 2, "alea_icu": 2, "vuln_icu": 1, "carence_ev": 2, "inondation": 0, "prioritaire_biodiv": false, "prioritaire_climat": false, "prioritaire_sante": false, "nb_enjeux_prioritaires": 0, "code_iris": "781900101" }, "geometry": { "type": "Polygon", "coordinates": [ [ [ 2.134298442366993, 48.871768004286665 ], [ 2.134279759481736, 48.872892071886305 ], [ 2.135983797025725, 48.87290438417682 ], [ 2.136002443142463, 48.871780316323999 ], [ 2.134298442366993, 48.871768004286665 ] ] ] } },
{ "type": "Feature", "properties": { "num_125": 859294, "type_zone": 6, "score_biodiv": 3, "score_cc": 3, "score_scv": 4, "couv_veg": 2, "alea_icu": 2, "vuln_icu": 1, "carence_ev": 2, "inondation": 0, "prioritaire_biodiv": false, "prioritaire_climat": false, "prioritaire_sante": false, "nb_enjeux_prioritaires": 0, "code_iris": "781900101" }, "geometry": { "type": "Polygon", "coordinates": [ [ [ 2.136002443142463, 48.871780316323999 ], [ 2.135983797025725, 48.87290438417682 ], [ 2.13768783537451, 48.872916672209399 ], [ 2.137706444722677, 48.871792604103902 ], [ 2.136002443142463, 48.871780316323999 ] ] ] } },
{ "type": "Feature", "properties": { "num_125": 859295, "type_zone": 6, "score_biodiv": 3, "score_cc": 4, "score_scv": 4, "couv_veg": 2, "alea_icu": 2, "vuln_icu": 1, "carence_ev": 2, "inondation": 1, "prioritaire_biodiv": false, "prioritaire_climat": false, "prioritaire_sante": false, "nb_enjeux_prioritaires": 0, "code_iris": "781900104" }, "geometry": { "type": "Polygon", "coordinates": [ [ [ 2.137706444722677, 48.871792604103902 ], [ 2.13768783537451, 48.872916672209399 ], [ 2.139391874526507, 48.872928935984064 ], [ 2.139410447106052, 48.871804867626409 ], [ 2.137706444722677, 48.871792604103902 ] ] ] } },
{ "type": "Feature", "properties": { "num_125": 859296, "type_zone": 6, "score_biodiv": 2, "score_cc": 4, "score_scv": 4, "couv_veg": 2, "alea_icu": 2, "vuln_icu": 1, "carence_ev": 2, "inondation": 1, "prioritaire_biodiv": false, "prioritaire_climat": false, "prioritaire_sante": false, "nb_enjeux_prioritaires": 0, "code_iris": "781900104" }, "geometry": { "type": "Polygon", "coordinates": [ [ [ 2.139410447106052, 48.871804867626409 ], [ 2.139391874526507, 48.872928935984064 ], [ 2.141095914480127, 48.872941175500792 ], [ 2.141114450290997, 48.871817106891484 ], [ 2.139410447106052, 48.871804867626409 ] ] ] } },
{ "type": "Feature", "properties": { "num_125": 859297, "type_zone": 6, "score_biodiv": 2, "score_cc": 3, "score_scv": 4, "couv_veg": 2, "alea_icu": 2, "vuln_icu": 1, "carence_ev": 2, "inondation": 0, "prioritaire_biodiv": false, "prioritaire_climat": false, "prioritaire_sante": false, "nb_enjeux_prioritaires": 0, "code_iris": "781900104" }, "geometry": { "type": "Polygon", "coordinates": [ [ [ 2.141114450290997, 48.871817106891484 ], [ 2.141095914480127, 48.872941175500792 ], [ 2.142799955233784, 48.872953390759548 ], [ 2.142818454275928, 48.871829321899078 ], [ 2.141114450290997, 48.871817106891484 ] ] ] } },
{ "type": "Feature", "properties": { "num_125": 859298, "type_zone": 6, "score_biodiv": 2, "score_cc": 3, "score_scv": 4, "couv_veg": 2, "alea_icu": 2, "vuln_icu": 1, "carence_ev": 2, "inondation": 0, "prioritaire_biodiv": false, "prioritaire_climat": false, "prioritaire_sante": false, "nb_enjeux_prioritaires": 0, "code_iris": "781900104" }, "geometry": { "type": "Polygon", "coordinates": [ [ [ 2.142818454275928, 48.871829321899078 ], [ 2.142799955233784, 48.872953390759548 ], [ 2.144503996785891, 48.872965581760354 ], [ 2.144522459059258, 48.871841512649191 ], [ 2.142818454275928, 48.871829321899078 ] ] ] } },
{ "type": "Feature", "properties": { "num_125": 859299, "type_zone": 6, "score_biodiv": 3, "score_cc": 4, "score_scv": 4, "couv_veg": 2, "alea_icu": 3, "vuln_icu": 1, "carence_ev": 2, "inondation": 0, "prioritaire_biodiv": false, "prioritaire_climat": false, "prioritaire_sante": false, "nb_enjeux_prioritaires": 0, "code_iris": "781900104" }, "geometry": { "type": "Polygon", "coordinates": [ [ [ 2.144522459059258, 48.871841512649191 ], [ 2.144503996785891, 48.872965581760354 ], [ 2.146208039134862, 48.872977748503189 ], [ 2.1462264646394, 48.87185367914185 ], [ 2.144522459059258, 48.871841512649191 ] ] ] } },
{ "type": "Feature", "properties": { "num_125": 859300, "type_zone": 4, "score_biodiv": 4, "score_cc": 5, "score_scv": 5, "couv_veg": 1, "alea_icu": 1, "vuln_icu": 2, "carence_ev": 2, "inondation": 2, "prioritaire_biodiv": false, "prioritaire_climat": false, "prioritaire_sante": false, "nb_enjeux_prioritaires": 0, "code_iris": "781900104" }, "geometry": { "type": "Polygon", "coordinates": [ [ [ 2.1462264646394, 48.87185367914185 ], [ 2.146208039134862, 48.872977748503189 ], [ 2.14791208227911, 48.872989890987988 ], [ 2.147930471014767, 48.871865821376971 ], [ 2.1462264646394, 48.87185367914185 ] ] ] } },
{ "type": "Feature", "properties": { "num_125": 859301, "type_zone": 4, "score_biodiv": 6, "score_cc": 7, "score_scv": 5, "couv_veg": 2, "alea_icu": 3, "vuln_icu": 2, "carence_ev": 2, "inondation": 2, "prioritaire_biodiv": false, "prioritaire_climat": false, "prioritaire_sante": false, "nb_enjeux_prioritaires": 0, "code_iris": "781900104" }, "geometry": { "type": "Polygon", "coordinates": [ [ [ 2.147930471014767, 48.871865821376971 ], [ 2.14791208227911, 48.872989890987988 ], [ 2.149616126217049, 48.87300200921478 ], [ 2.149634478183774, 48.871877939354619 ], [ 2.147930471014767, 48.871865821376971 ] ] ] } },
{ "type": "Feature", "properties": { "num_125": 859302, "type_zone": 5, "score_biodiv": 6, "score_cc": 7, "score_scv": 5, "couv_veg": 2, "alea_icu": 3, "vuln_icu": 2, "carence_ev": 2, "inondation": 2, "prioritaire_biodiv": false, "prioritaire_climat": false, "prioritaire_sante": false, "nb_enjeux_prioritaires": 0, "code_iris": "781900104" }, "geometry": { "type": "Polygon", "coordinates": [ [ [ 2.149634478183774, 48.871877939354619 ], [ 2.149616126217049, 48.87300200921478 ], [ 2.151320170947093, 48.87301410318355 ], [ 2.151338486144833, 48.871890033074671 ], [ 2.149634478183774, 48.871877939354619 ] ] ] } },
{ "type": "Feature", "properties": { "num_125": 860568, "type_zone": 4, "score_biodiv": 1, "score_cc": 5, "score_scv": 3, "couv_veg": 0, "alea_icu": 1, "vuln_icu": 2, "carence_ev": 0, "inondation": 2, "prioritaire_biodiv": true, "prioritaire_climat": false, "prioritaire_sante": false, "nb_enjeux_prioritaires": 1, "code_iris": "781900101" }, "geometry": { "type": "Polygon", "coordinates": [ [ [ 2.125759583889276, 48.872830146565818 ], [ 2.125740716347897, 48.873954211744774 ], [ 2.127444786613945, 48.873966645580211 ], [ 2.127463617385482, 48.87284258014558 ], [ 2.125759583889276, 48.872830146565818 ] ] ] } },
{ "type": "Feature", "properties": { "num_125": 860569, "type_zone": 6, "score_biodiv": 3, "score_cc": 3, "score_scv": 4, "couv_veg": 2, "alea_icu": 2, "vuln_icu": 1, "carence_ev": 2, "inondation": 0, "prioritaire_biodiv": false, "prioritaire_climat": false, "prioritaire_sante": false, "nb_enjeux_prioritaires": 0, "code_iris": "781900101" }, "geometry": { "type": "Polygon", "coordinates": [ [ [ 2.127463617385482, 48.87284258014558 ], [ 2.127444786613945, 48.873966645580211 ], [ 2.129148857692776, 48.873979055157328 ], [ 2.129167651694417, 48.872854989467555 ], [ 2.127463617385482, 48.87284258014558 ] ] ] } },
{ "type": "Feature", "properties": { "num_125": 860570, "type_zone": 6, "score_biodiv": 3, "score_cc": 4, "score_scv": 4, "couv_veg": 2, "alea_icu": 3, "vuln_icu": 1, "carence_ev": 2, "inondation": 0, "prioritaire_biodiv": false, "prioritaire_climat": false, "prioritaire_sante": false, "nb_enjeux_prioritaires": 0, "code_iris": "781900101" }, "geometry": { "type": "Polygon", "coordinates": [ [ [ 2.129167651694417, 48.872854989467555 ], [ 2.129148857692776, 48.873979055157328 ], [ 2.130852929582802, 48.873991440476111 ], [ 2.130871686814495, 48.872867374531673 ], [ 2.129167651694417, 48.872854989467555 ] ] ] } },
{ "type": "Feature", "properties": { "num_125": 860571, "type_zone": 6, "score_biodiv": 2, "score_cc": 3, "score_scv": 4, "couv_veg": 2, "alea_icu": 2, "vuln_icu": 1, "carence_ev": 2, "inondation": 0, "prioritaire_biodiv": false, "prioritaire_climat": false, "prioritaire_sante": false, "nb_enjeux_prioritaires": 0, "code_iris": "781900101" }, "geometry": { "type": "Polygon", "coordinates": [ [ [ 2.130871686814495, 48.872867374531673 ], [ 2.130852929582802, 48.873991440476111 ], [ 2.132557002282437, 48.874003801536539 ], [ 2.13257572274413, 48.872879735337932 ], [ 2.130871686814495, 48.872867374531673 ] ] ] } },
{ "type": "Feature", "properties": { "num_125": 860572, "type_zone": 6, "score_biodiv": 2, "score_cc": 4, "score_scv": 4, "couv_veg": 2, "alea_icu": 2, "vuln_icu": 1, "carence_ev": 2, "inondation": 1, "prioritaire_biodiv": false, "prioritaire_climat": false, "prioritaire_sante": false, "nb_enjeux_prioritaires": 0, "code_iris": "781900101" }, "geometry": { "type": "Polygon", "coordinates": [ [ [ 2.13257572274413, 48.872879735337932 ], [ 2.132557002282437, 48.874003801536539 ], [ 2.134261075790096, 48.874016138338611 ], [ 2.134279759481736, 48.872892071886305 ], [ 2.13257572274413, 48.872879735337932 ] ] ] } },
{ "type": "Feature", "properties": { "num_125": 860573, "type_zone": 6, "score_biodiv": 3, "score_cc": 4, "score_scv": 4, "couv_veg": 2, "alea_icu": 2, "vuln_icu": 1, "carence_ev": 2, "inondation": 1, "prioritaire_biodiv": false, "prioritaire_climat": false, "prioritaire_sante": false, "nb_enjeux_prioritaires": 0, "code_iris": "781900101" }, "geometry": { "type": "Polygon", "coordinates": [ [ [ 2.134279759481736, 48.872892071886305 ], [ 2.134261075790096, 48.874016138338611 ], [ 2.13596515010419, 48.874028450882278 ], [ 2.135983797025725, 48.87290438417682 ], [ 2.134279759481736, 48.872892071886305 ] ] ] } },
{ "type": "Feature", "properties": { "num_125": 860574, "type_zone": 6, "score_biodiv": 3, "score_cc": 4, "score_scv": 4, "couv_veg": 2, "alea_icu": 2, "vuln_icu": 1, "carence_ev": 2, "inondation": 1, "prioritaire_biodiv": false, "prioritaire_climat": false, "prioritaire_sante": false, "nb_enjeux_prioritaires": 0, "code_iris": "781900101" }, "geometry": { "type": "Polygon", "coordinates": [ [ [ 2.135983797025725, 48.87290438417682 ], [ 2.13596515010419, 48.874028450882278 ], [ 2.137669225223132, 48.874040739167519 ], [ 2.13768783537451, 48.872916672209399 ], [ 2.135983797025725, 48.87290438417682 ] ] ] } },
{ "type": "Feature", "properties": { "num_125": 860575, "type_zone": 6, "score_biodiv": 3, "score_cc": 4, "score_scv": 3, "couv_veg": 2, "alea_icu": 2, "vuln_icu": 1, "carence_ev": 2, "inondation": 1, "prioritaire_biodiv": false, "prioritaire_climat": false, "prioritaire_sante": false, "nb_enjeux_prioritaires": 0, "code_iris": "781900103" }, "geometry": { "type": "Polygon", "coordinates": [ [ [ 2.13768783537451, 48.872916672209399 ], [ 2.137669225223132, 48.874040739167519 ], [ 2.139373301145338, 48.874053003194376 ], [ 2.139391874526507, 48.872928935984064 ], [ 2.13768783537451, 48.872916672209399 ] ] ] } },
{ "type": "Feature", "properties": { "num_125": 860576, "type_zone": 6, "score_biodiv": 2, "score_cc": 4, "score_scv": 4, "couv_veg": 2, "alea_icu": 2, "vuln_icu": 1, "carence_ev": 2, "inondation": 1, "prioritaire_biodiv": false, "prioritaire_climat": false, "prioritaire_sante": false, "nb_enjeux_prioritaires": 0, "code_iris": "781900104" }, "geometry": { "type": "Polygon", "coordinates": [ [ [ 2.139391874526507, 48.872928935984064 ], [ 2.139373301145338, 48.874053003194376 ], [ 2.141077377869219, 48.874065242962786 ], [ 2.141095914480127, 48.872941175500792 ], [ 2.139391874526507, 48.872928935984064 ] ] ] } },
{ "type": "Feature", "properties": { "num_125": 860577, "type_zone": 6, "score_biodiv": 2, "score_cc": 4, "score_scv": 4, "couv_veg": 2, "alea_icu": 2, "vuln_icu": 1, "carence_ev": 2, "inondation": 1, "prioritaire_biodiv": false, "prioritaire_climat": false, "prioritaire_sante": false, "nb_enjeux_prioritaires": 0, "code_iris": "781900104" }, "geometry": { "type": "Polygon", "coordinates": [ [ [ 2.141095914480127, 48.872941175500792 ], [ 2.141077377869219, 48.874065242962786 ], [ 2.142781455393189, 48.874077458472733 ], [ 2.142799955233784, 48.872953390759548 ], [ 2.141095914480127, 48.872941175500792 ] ] ] } },
{ "type": "Feature", "properties": { "num_125": 860578, "type_zone": 6, "score_biodiv": 2, "score_cc": 4, "score_scv": 4, "couv_veg": 2, "alea_icu": 2, "vuln_icu": 1, "carence_ev": 2, "inondation": 1, "prioritaire_biodiv": false, "prioritaire_climat": false, "prioritaire_sante": false, "nb_enjeux_prioritaires": 0, "code_iris": "781900104" }, "geometry": { "type": "Polygon", "coordinates": [ [ [ 2.142799955233784, 48.872953390759548 ], [ 2.142781455393189, 48.874077458472733 ], [ 2.14448553371566, 48.874089649724198 ], [ 2.144503996785891, 48.872965581760354 ], [ 2.142799955233784, 48.872953390759548 ] ] ] } },
{ "type": "Feature", "properties": { "num_125": 860579, "type_zone": 6, "score_biodiv": 2, "score_cc": 4, "score_scv": 4, "couv_veg": 2, "alea_icu": 2, "vuln_icu": 1, "carence_ev": 2, "inondation": 1, "prioritaire_biodiv": false, "prioritaire_climat": false, "prioritaire_sante": false, "nb_enjeux_prioritaires": 0, "code_iris": "781900104" }, "geometry": { "type": "Polygon", "coordinates": [ [ [ 2.144503996785891, 48.872965581760354 ], [ 2.14448553371566, 48.874089649724198 ], [ 2.146189612835048, 48.874101816717214 ], [ 2.146208039134862, 48.872977748503189 ], [ 2.144503996785891, 48.872965581760354 ] ] ] } },
{ "type": "Feature", "properties": { "num_125": 860580, "type_zone": 6, "score_biodiv": 3, "score_cc": 5, "score_scv": 4, "couv_veg": 2, "alea_icu": 3, "vuln_icu": 1, "carence_ev": 2, "inondation": 1, "prioritaire_biodiv": false, "prioritaire_climat": false, "prioritaire_sante": false, "nb_enjeux_prioritaires": 0, "code_iris": "781900104" }, "geometry": { "type": "Polygon", "coordinates": [ [ [ 2.146208039134862, 48.872977748503189 ], [ 2.146189612835048, 48.874101816717214 ], [ 2.147893692749764, 48.874113959451691 ], [ 2.14791208227911, 48.872989890987988 ], [ 2.146208039134862, 48.872977748503189 ] ] ] } },
{ "type": "Feature", "properties": { "num_125": 860581, "type_zone": 4, "score_biodiv": 4, "score_cc": 3, "score_scv": 5, "couv_veg": 1, "alea_icu": 1, "vuln_icu": 2, "carence_ev": 2, "inondation": 2, "prioritaire_biodiv": false, "prioritaire_climat": false, "prioritaire_sante": false, "nb_enjeux_prioritaires": 0, "code_iris": "781900104" }, "geometry": { "type": "Polygon", "coordinates": [ [ [ 2.14791208227911, 48.872989890987988 ], [ 2.147893692749764, 48.874113959451691 ], [ 2.149597773458221, 48.874126077927663 ], [ 2.149616126217049, 48.87300200921478 ], [ 2.14791208227911, 48.872989890987988 ] ] ] } },
{ "type": "Feature", "properties": { "num_125": 860582, "type_zone": 4, "score_biodiv": 6, "score_cc": 7, "score_scv": 5, "couv_veg": 2, "alea_icu": 3, "vuln_icu": 2, "carence_ev": 2, "inondation": 2, "prioritaire_biodiv": false, "prioritaire_climat": false, "prioritaire_sante": false, "nb_enjeux_prioritaires": 0, "code_iris": "781900104" }, "geometry": { "type": "Polygon", "coordinates": [ [ [ 2.149616126217049, 48.87300200921478 ], [ 2.149597773458221, 48.874126077927663 ], [ 2.151301854958835, 48.874138172145095 ], [ 2.151320170947093, 48.87301410318355 ], [ 2.149616126217049, 48.87300200921478 ] ] ] } },
{ "type": "Feature", "properties": { "num_125": 860583, "type_zone": 5, "score_biodiv": 6, "score_cc": 5, "score_scv": 5, "couv_veg": 2, "alea_icu": 3, "vuln_icu": 2, "carence_ev": 2, "inondation": 0, "prioritaire_biodiv": false, "prioritaire_climat": false, "prioritaire_sante": false, "nb_enjeux_prioritaires": 0, "code_iris": "781900104" }, "geometry": { "type": "Polygon", "coordinates": [ [ [ 2.151320170947093, 48.87301410318355 ], [ 2.151301854958835, 48.874138172145095 ], [ 2.153005937250016, 48.874150242103973 ], [ 2.153024216467653, 48.873026172894235 ], [ 2.151320170947093, 48.87301410318355 ] ] ] } },
{ "type": "Feature", "properties": { "num_125": 861847, "type_zone": 4, "score_biodiv": 1, "score_cc": 5, "score_scv": 3, "couv_veg": 0, "alea_icu": 1, "vuln_icu": 2, "carence_ev": 0, "inondation": 2, "prioritaire_biodiv": true, "prioritaire_climat": false, "prioritaire_sante": false, "nb_enjeux_prioritaires": 1, "code_iris": "781900101" }, "geometry": { "type": "Polygon", "coordinates": [ [ [ 2.124036646896218, 48.873941753651017 ], [ 2.124017741769093, 48.875065817425977 ], [ 2.125721847992148, 48.875078275775884 ], [ 2.125740716347897, 48.873954211744774 ], [ 2.124036646896218, 48.873941753651017 ] ] ] } },
{ "type": "Feature", "properties": { "num_125": 861848, "type_zone": 7, "score_biodiv": 3, "score_cc": 4, "score_scv": 3, "couv_veg": 2, "alea_icu": 2, "vuln_icu": 1, "carence_ev": 1, "inondation": 1, "prioritaire_biodiv": false, "prioritaire_climat": false, "prioritaire_sante": false, "nb_enjeux_prioritaires": 0, "code_iris": "781900101" }, "geometry": { "type": "Polygon", "coordinates": [ [ [ 2.125740716347897, 48.873954211744774 ], [ 2.125721847992148, 48.875078275775884 ], [ 2.127425955029626, 48.875090709866981 ], [ 2.127444786613945, 48.873966645580211 ], [ 2.125740716347897, 48.873954211744774 ] ] ] } },
{ "type": "Feature", "properties": { "num_125": 861849, "type_zone": 5, "score_biodiv": 3, "score_cc": 3, "score_scv": 4, "couv_veg": 2, "alea_icu": 2, "vuln_icu": 1, "carence_ev": 2, "inondation": 0, "prioritaire_biodiv": false, "prioritaire_climat": false, "prioritaire_sante": false, "nb_enjeux_prioritaires": 0, "code_iris": "781900101" }, "geometry": { "type": "Polygon", "coordinates": [ [ [ 2.127444786613945, 48.873966645580211 ], [ 2.127425955029626, 48.875090709866981 ], [ 2.129130062879939, 48.875103119699297 ], [ 2.129148857692776, 48.873979055157328 ], [ 2.127444786613945, 48.873966645580211 ] ] ] } },
{ "type": "Feature", "properties": { "num_125": 861850, "type_zone": 5, "score_biodiv": 3, "score_cc": 5, "score_scv": 4, "couv_veg": 2, "alea_icu": 2, "vuln_icu": 1, "carence_ev": 2, "inondation": 1, "prioritaire_biodiv": false, "prioritaire_climat": false, "prioritaire_sante": false, "nb_enjeux_prioritaires": 0, "code_iris": "781900101" }, "geometry": { "type": "Polygon", "coordinates": [ [ [ 2.129148857692776, 48.873979055157328 ], [ 2.129130062879939, 48.875103119699297 ], [ 2.1308341715415, 48.875115505272753 ], [ 2.130852929582802, 48.873991440476111 ], [ 2.129148857692776, 48.873979055157328 ] ] ] } },
{ "type": "Feature", "properties": { "num_125": 861851, "type_zone": 6, "score_biodiv": 3, "score_cc": 4, "score_scv": 4, "couv_veg": 2, "alea_icu": 2, "vuln_icu": 1, "carence_ev": 2, "inondation": 1, "prioritaire_biodiv": false, "prioritaire_climat": false, "prioritaire_sante": false, "nb_enjeux_prioritaires": 0, "code_iris": "781900101" }, "geometry": { "type": "Polygon", "coordinates": [ [ [ 2.130852929582802, 48.873991440476111 ], [ 2.1308341715415, 48.875115505272753 ], [ 2.132538281012722, 48.875127866587349 ], [ 2.132557002282437, 48.874003801536539 ], [ 2.130852929582802, 48.873991440476111 ] ] ] } },
{ "type": "Feature", "properties": { "num_125": 861852, "type_zone": 6, "score_biodiv": 3, "score_cc": 4, "score_scv": 4, "couv_veg": 2, "alea_icu": 2, "vuln_icu": 1, "carence_ev": 2, "inondation": 1, "prioritaire_biodiv": false, "prioritaire_climat": false, "prioritaire_sante": false, "nb_enjeux_prioritaires": 0, "code_iris": "781900101" }, "geometry": { "type": "Polygon", "coordinates": [ [ [ 2.132557002282437, 48.874003801536539 ], [ 2.132538281012722, 48.875127866587349 ], [ 2.134242391292021, 48.875140203643092 ], [ 2.134261075790096, 48.874016138338611 ], [ 2.132557002282437, 48.874003801536539 ] ] ] } },
{ "type": "Feature", "properties": { "num_125": 861853, "type_zone": 6, "score_biodiv": 2, "score_cc": 5, "score_scv": 4, "couv_veg": 2, "alea_icu": 2, "vuln_icu": 1, "carence_ev": 2, "inondation": 2, "prioritaire_biodiv": false, "prioritaire_climat": false, "prioritaire_sante": false, "nb_enjeux_prioritaires": 0, "code_iris": "781900101" }, "geometry": { "type": "Polygon", "coordinates": [ [ [ 2.134261075790096, 48.874016138338611 ], [ 2.134242391292021, 48.875140203643092 ], [ 2.135946502377806, 48.875152516439911 ], [ 2.13596515010419, 48.874028450882278 ], [ 2.134261075790096, 48.874016138338611 ] ] ] } },
{ "type": "Feature", "properties": { "num_125": 861854, "type_zone": 6, "score_biodiv": 2, "score_cc": 5, "score_scv": 4, "couv_veg": 2, "alea_icu": 2, "vuln_icu": 1, "carence_ev": 2, "inondation": 2, "prioritaire_biodiv": false, "prioritaire_climat": false, "prioritaire_sante": false, "nb_enjeux_prioritaires": 0, "code_iris": "781900101" }, "geometry": { "type": "Polygon", "coordinates": [ [ [ 2.13596515010419, 48.874028450882278 ], [ 2.135946502377806, 48.875152516439911 ], [ 2.137650614268492, 48.87516480497785 ], [ 2.137669225223132, 48.874040739167519 ], [ 2.13596515010419, 48.874028450882278 ] ] ] } },
{ "type": "Feature", "properties": { "num_125": 861855, "type_zone": 7, "score_biodiv": 2, "score_cc": 4, "score_scv": 4, "couv_veg": 2, "alea_icu": 2, "vuln_icu": 1, "carence_ev": 2, "inondation": 1, "prioritaire_biodiv": false, "prioritaire_climat": false, "prioritaire_sante": false, "nb_enjeux_prioritaires": 0, "code_iris": "781900103" }, "geometry": { "type": "Polygon", "coordinates": [ [ [ 2.137669225223132, 48.874040739167519 ], [ 2.137650614268492, 48.87516480497785 ], [ 2.139354726962493, 48.875177069256893 ], [ 2.139373301145338, 48.874053003194376 ], [ 2.137669225223132, 48.874040739167519 ] ] ] } },
{ "type": "Feature", "properties": { "num_125": 861856, "type_zone": 8, "score_biodiv": 3, "score_cc": 5, "score_scv": 3, "couv_veg": 2, "alea_icu": 2, "vuln_icu": 1, "carence_ev": 2, "inondation": 2, "prioritaire_biodiv": false, "prioritaire_climat": false, "prioritaire_sante": false, "nb_enjeux_prioritaires": 0, "code_iris": "781900104" }, "geometry": { "type": "Polygon", "coordinates": [ [ [ 2.139373301145338, 48.874053003194376 ], [ 2.139354726962493, 48.875177069256893 ], [ 2.141058840458222, 48.875189309276976 ], [ 2.141077377869219, 48.874065242962786 ], [ 2.139373301145338, 48.874053003194376 ] ] ] } },
{ "type": "Feature", "properties": { "num_125": 861857, "type_zone": 6, "score_biodiv": 2, "score_cc": 5, "score_scv": 4, "couv_veg": 2, "alea_icu": 2, "vuln_icu": 1, "carence_ev": 2, "inondation": 2, "prioritaire_biodiv": false, "prioritaire_climat": false, "prioritaire_sante": false, "nb_enjeux_prioritaires": 0, "code_iris": "781900104" }, "geometry": { "type": "Polygon", "coordinates": [ [ [ 2.141077377869219, 48.874065242962786 ], [ 2.141058840458222, 48.875189309276976 ], [ 2.142762954754092, 48.875201525038122 ], [ 2.142781455393189, 48.874077458472733 ], [ 2.141077377869219, 48.874065242962786 ] ] ] } },
{ "type": "Feature", "properties": { "num_125": 861858, "type_zone": 6, "score_biodiv": 2, "score_cc": 4, "score_scv": 4, "couv_veg": 2, "alea_icu": 1, "vuln_icu": 1, "carence_ev": 2, "inondation": 2, "prioritaire_biodiv": false, "prioritaire_climat": false, "prioritaire_sante": false, "nb_enjeux_prioritaires": 0, "code_iris": "781900104" }, "geometry": { "type": "Polygon", "coordinates": [ [ [ 2.142781455393189, 48.874077458472733 ], [ 2.142762954754092, 48.875201525038122 ], [ 2.144467069848514, 48.875213716540259 ], [ 2.14448553371566, 48.874089649724198 ], [ 2.142781455393189, 48.874077458472733 ] ] ] } },
{ "type": "Feature", "properties": { "num_125": 861859, "type_zone": 9, "score_biodiv": 1, "score_cc": 4, "score_scv": 4, "couv_veg": 1, "alea_icu": 1, "vuln_icu": 1, "carence_ev": 2, "inondation": 2, "prioritaire_biodiv": true, "prioritaire_climat": false, "prioritaire_sante": false, "nb_enjeux_prioritaires": 1, "code_iris": "781900104" }, "geometry": { "type": "Polygon", "coordinates": [ [ [ 2.14448553371566, 48.874089649724198 ], [ 2.144467069848514, 48.875213716540259 ], [ 2.146171185739904, 48.875225883783436 ], [ 2.146189612835048, 48.874101816717214 ], [ 2.14448553371566, 48.874089649724198 ] ] ] } },
{ "type": "Feature", "properties": { "num_125": 861860, "type_zone": 6, "score_biodiv": 3, "score_cc": 5, "score_scv": 4, "couv_veg": 2, "alea_icu": 2, "vuln_icu": 1, "carence_ev": 2, "inondation": 2, "prioritaire_biodiv": false, "prioritaire_climat": false, "prioritaire_sante": false, "nb_enjeux_prioritaires": 0, "code_iris": "781900104" }, "geometry": { "type": "Polygon", "coordinates": [ [ [ 2.146189612835048, 48.874101816717214 ], [ 2.146171185739904, 48.875225883783436 ], [ 2.147875302426675, 48.875238026767619 ], [ 2.147893692749764, 48.874113959451691 ], [ 2.146189612835048, 48.874101816717214 ] ] ] } },
{ "type": "Feature", "properties": { "num_125": 861861, "type_zone": 5, "score_biodiv": 3, "score_cc": 7, "score_scv": 4, "couv_veg": 2, "alea_icu": 3, "vuln_icu": 1, "carence_ev": 2, "inondation": 2, "prioritaire_biodiv": false, "prioritaire_climat": false, "prioritaire_sante": false, "nb_enjeux_prioritaires": 0, "code_iris": "781900104" }, "geometry": { "type": "Polygon", "coordinates": [ [ [ 2.147893692749764, 48.874113959451691 ], [ 2.147875302426675, 48.875238026767619 ], [ 2.149579419907238, 48.875250145492778 ], [ 2.149597773458221, 48.874126077927663 ], [ 2.147893692749764, 48.874113959451691 ] ] ] } },
{ "type": "Feature", "properties": { "num_125": 861862, "type_zone": 4, "score_biodiv": 4, "score_cc": 3, "score_scv": 5, "couv_veg": 1, "alea_icu": 1, "vuln_icu": 2, "carence_ev": 2, "inondation": 2, "prioritaire_biodiv": false, "prioritaire_climat": false, "prioritaire_sante": false, "nb_enjeux_prioritaires": 0, "code_iris": "781900104" }, "geometry": { "type": "Polygon", "coordinates": [ [ [ 2.149597773458221, 48.874126077927663 ], [ 2.149579419907238, 48.875250145492778 ], [ 2.151283538180008, 48.875262239958914 ], [ 2.151301854958835, 48.874138172145095 ], [ 2.149597773458221, 48.874126077927663 ] ] ] } },
{ "type": "Feature", "properties": { "num_125": 861863, "type_zone": 1, "score_biodiv": 6, "score_cc": 7, "score_scv": 4, "couv_veg": 2, "alea_icu": 3, "vuln_icu": 1, "carence_ev": 2, "inondation": 2, "prioritaire_biodiv": false, "prioritaire_climat": false, "prioritaire_sante": false, "nb_enjeux_prioritaires": 0, "code_iris": "781900104" }, "geometry": { "type": "Polygon", "coordinates": [ [ [ 2.151301854958835, 48.874138172145095 ], [ 2.151283538180008, 48.875262239958914 ], [ 2.152987657243397, 48.875274310165985 ], [ 2.153005937250016, 48.874150242103973 ], [ 2.151301854958835, 48.874138172145095 ] ] ] } },
{ "type": "Feature", "properties": { "num_125": 861864, "type_zone": 4, "score_biodiv": 5, "score_cc": 3, "score_scv": 5, "couv_veg": 1, "alea_icu": 1, "vuln_icu": 2, "carence_ev": 2, "inondation": 0, "prioritaire_biodiv": false, "prioritaire_climat": false, "prioritaire_sante": false, "nb_enjeux_prioritaires": 0, "code_iris": "781900104" }, "geometry": { "type": "Polygon", "coordinates": [ [ [ 2.153005937250016, 48.874150242103973 ], [ 2.152987657243397, 48.875274310165985 ], [ 2.15469177709582, 48.875286356114003 ], [ 2.154710020330179, 48.874162287804303 ], [ 2.153005937250016, 48.874150242103973 ] ] ] } },
{ "type": "Feature", "properties": { "num_125": 863126, "type_zone": 4, "score_biodiv": 1, "score_cc": 3, "score_scv": 3, "couv_veg": 0, "alea_icu": 1, "vuln_icu": 2, "carence_ev": 0, "inondation": 2, "prioritaire_biodiv": true, "prioritaire_climat": false, "prioritaire_sante": false, "nb_enjeux_prioritaires": 1, "code_iris": "781900101" }, "geometry": { "type": "Polygon", "coordinates": [ [ [ 2.122313636362046, 48.875053334817252 ], [ 2.122294693646, 48.876177397187249 ], [ 2.123998835825958, 48.876189880052628 ], [ 2.124017741769093, 48.875065817425977 ], [ 2.122313636362046, 48.875053334817252 ] ] ] } },
{ "type": "Feature", "properties": { "num_125": 863127, "type_zone": 8, "score_biodiv": 2, "score_cc": 3, "score_scv": 2, "couv_veg": 1, "alea_icu": 2, "vuln_icu": 1, "carence_ev": 0, "inondation": 1, "prioritaire_biodiv": false, "prioritaire_climat": false, "prioritaire_sante": true, "nb_enjeux_prioritaires": 1, "code_iris": "781900101" }, "geometry": { "type": "Polygon", "coordinates": [ [ [ 2.124017741769093, 48.875065817425977 ], [ 2.123998835825958, 48.876189880052628 ], [ 2.125702978821978, 48.876202338658707 ], [ 2.125721847992148, 48.875078275775884 ], [ 2.124017741769093, 48.875065817425977 ] ] ] } },
{ "type": "Feature", "properties": { "num_125": 863128, "type_zone": 10, "score_biodiv": 1, "score_cc": 3, "score_scv": 2, "couv_veg": 0, "alea_icu": 2, "vuln_icu": 1, "carence_ev": 0, "inondation": 1, "prioritaire_biodiv": true, "prioritaire_climat": false, "prioritaire_sante": true, "nb_enjeux_prioritaires": 2, "code_iris": "781900101" }, "geometry": { "type": "Polygon", "coordinates": [ [ [ 2.125721847992148, 48.875078275775884 ], [ 2.125702978821978, 48.876202338658707 ], [ 2.127407122632471, 48.876214773005508 ], [ 2.127425955029626, 48.875090709866981 ], [ 2.125721847992148, 48.875078275775884 ] ] ] } },
{ "type": "Feature", "properties": { "num_125": 863129, "type_zone": 7, "score_biodiv": 3, "score_cc": 3, "score_scv": 4, "couv_veg": 2, "alea_icu": 2, "vuln_icu": 1, "carence_ev": 2, "inondation": 1, "prioritaire_biodiv": false, "prioritaire_climat": false, "prioritaire_sante": false, "nb_enjeux_prioritaires": 0, "code_iris": "781900101" }, "geometry": { "type": "Polygon", "coordinates": [ [ [ 2.127425955029626, 48.875090709866981 ], [ 2.127407122632471, 48.876214773005508 ], [ 2.129111267255853, 48.876227183092993 ], [ 2.129130062879939, 48.875103119699297 ], [ 2.127425955029626, 48.875090709866981 ] ] ] } },
{ "type": "Feature", "properties": { "num_125": 863130, "type_zone": 6, "score_biodiv": 3, "score_cc": 4, "score_scv": 4, "couv_veg": 2, "alea_icu": 2, "vuln_icu": 1, "carence_ev": 2, "inondation": 1, "prioritaire_biodiv": false, "prioritaire_climat": false, "prioritaire_sante": false, "nb_enjeux_prioritaires": 0, "code_iris": "781900101" }, "geometry": { "type": "Polygon", "coordinates": [ [ [ 2.129130062879939, 48.875103119699297 ], [ 2.129111267255853, 48.876227183092993 ], [ 2.130815412690536, 48.876239568921108 ], [ 2.1308341715415, 48.875115505272753 ], [ 2.129130062879939, 48.875103119699297 ] ] ] } },
{ "type": "Feature", "properties": { "num_125": 863131, "type_zone": 6, "score_biodiv": 3, "score_cc": 5, "score_scv": 4, "couv_veg": 2, "alea_icu": 2, "vuln_icu": 1, "carence_ev": 2, "inondation": 2, "prioritaire_biodiv": false, "prioritaire_climat": false, "prioritaire_sante": false, "nb_enjeux_prioritaires": 0, "code_iris": "781900101" }, "geometry": { "type": "Polygon", "coordinates": [ [ [ 2.1308341715415, 48.875115505272753 ], [ 2.130815412690536, 48.876239568921108 ], [ 2.132519558934932, 48.876251930489879 ], [ 2.132538281012722, 48.875127866587349 ], [ 2.1308341715415, 48.875115505272753 ] ] ] } },
{ "type": "Feature", "properties": { "num_125": 863132, "type_zone": 6, "score_biodiv": 3, "score_cc": 5, "score_scv": 4, "couv_veg": 2, "alea_icu": 2, "vuln_icu": 1, "carence_ev": 2, "inondation": 2, "prioritaire_biodiv": false, "prioritaire_climat": false, "prioritaire_sante": false, "nb_enjeux_prioritaires": 0, "code_iris": "781900101" }, "geometry": { "type": "Polygon", "coordinates": [ [ [ 2.132538281012722, 48.875127866587349 ], [ 2.132519558934932, 48.876251930489879 ], [ 2.134223705987457, 48.8762642677993 ], [ 2.134242391292021, 48.875140203643092 ], [ 2.132538281012722, 48.875127866587349 ] ] ] } },
{ "type": "Feature", "properties": { "num_125": 863133, "type_zone": 6, "score_biodiv": 2, "score_cc": 5, "score_scv": 4, "couv_veg": 2, "alea_icu": 2, "vuln_icu": 1, "carence_ev": 2, "inondation": 2, "prioritaire_biodiv": false, "prioritaire_climat": false, "prioritaire_sante": false, "nb_enjeux_prioritaires": 0, "code_iris": "781900101" }, "geometry": { "type": "Polygon", "coordinates": [ [ [ 2.134242391292021, 48.875140203643092 ], [ 2.134223705987457, 48.8762642677993 ], [ 2.13592785384652, 48.876276580849328 ], [ 2.135946502377806, 48.875152516439911 ], [ 2.134242391292021, 48.875140203643092 ] ] ] } },
{ "type": "Feature", "properties": { "num_125": 863134, "type_zone": 6, "score_biodiv": 2, "score_cc": 5, "score_scv": 4, "couv_veg": 2, "alea_icu": 2, "vuln_icu": 1, "carence_ev": 2, "inondation": 2, "prioritaire_biodiv": false, "prioritaire_climat": false, "prioritaire_sante": false, "nb_enjeux_prioritaires": 0, "code_iris": "781900101" }, "geometry": { "type": "Polygon", "coordinates": [ [ [ 2.135946502377806, 48.875152516439911 ], [ 2.13592785384652, 48.876276580849328 ], [ 2.137632002510538, 48.876288869639964 ], [ 2.137650614268492, 48.87516480497785 ], [ 2.135946502377806, 48.875152516439911 ] ] ] } },
{ "type": "Feature", "properties": { "num_125": 863135, "type_zone": 6, "score_biodiv": 2, "score_cc": 5, "score_scv": 4, "couv_veg": 2, "alea_icu": 2, "vuln_icu": 1, "carence_ev": 2, "inondation": 2, "prioritaire_biodiv": false, "prioritaire_climat": false, "prioritaire_sante": false, "nb_enjeux_prioritaires": 0, "code_iris": "781900103" }, "geometry": { "type": "Polygon", "coordinates": [ [ [ 2.137650614268492, 48.87516480497785 ], [ 2.137632002510538, 48.876288869639964 ], [ 2.139336151977922, 48.876301134171165 ], [ 2.139354726962493, 48.875177069256893 ], [ 2.137650614268492, 48.87516480497785 ] ] ] } },
{ "type": "Feature", "properties": { "num_125": 863136, "type_zone": 7, "score_biodiv": 2, "score_cc": 5, "score_scv": 3, "couv_veg": 2, "alea_icu": 2, "vuln_icu": 1, "carence_ev": 2, "inondation": 2, "prioritaire_biodiv": false, "prioritaire_climat": false, "prioritaire_sante": false, "nb_enjeux_prioritaires": 0, "code_iris": "781900103" }, "geometry": { "type": "Polygon", "coordinates": [ [ [ 2.139354726962493, 48.875177069256893 ], [ 2.139336151977922, 48.876301134171165 ], [ 2.141040302247084, 48.876313374442937 ], [ 2.141058840458222, 48.875189309276976 ], [ 2.139354726962493, 48.875177069256893 ] ] ] } },
{ "type": "Feature", "properties": { "num_125": 863137, "type_zone": 6, "score_biodiv": 2, "score_cc": 5, "score_scv": 4, "couv_veg": 2, "alea_icu": 2, "vuln_icu": 1, "carence_ev": 2, "inondation": 2, "prioritaire_biodiv": false, "prioritaire_climat": false, "prioritaire_sante": false, "nb_enjeux_prioritaires": 0, "code_iris": "781900104" }, "geometry": { "type": "Polygon", "coordinates": [ [ [ 2.141058840458222, 48.875189309276976 ], [ 2.141040302247084, 48.876313374442937 ], [ 2.142744453316439, 48.876325590455266 ], [ 2.142762954754092, 48.875201525038122 ], [ 2.141058840458222, 48.875189309276976 ] ] ] } },
{ "type": "Feature", "properties": { "num_125": 863138, "type_zone": 6, "score_biodiv": 2, "score_cc": 5, "score_scv": 4, "couv_veg": 2, "alea_icu": 2, "vuln_icu": 1, "carence_ev": 2, "inondation": 2, "prioritaire_biodiv": false, "prioritaire_climat": false, "prioritaire_sante": false, "nb_enjeux_prioritaires": 0, "code_iris": "781900104" }, "geometry": { "type": "Polygon", "coordinates": [ [ [ 2.142762954754092, 48.875201525038122 ], [ 2.142744453316439, 48.876325590455266 ], [ 2.144448605184401, 48.876337782208111 ], [ 2.144467069848514, 48.875213716540259 ], [ 2.142762954754092, 48.875201525038122 ] ] ] } },
{ "type": "Feature", "properties": { "num_125": 863139, "type_zone": 6, "score_biodiv": 2, "score_cc": 5, "score_scv": 4, "couv_veg": 2, "alea_icu": 2, "vuln_icu": 1, "carence_ev": 2, "inondation": 2, "prioritaire_biodiv": false, "prioritaire_climat": false, "prioritaire_sante": false, "nb_enjeux_prioritaires": 0, "code_iris": "781900104" }, "geometry": { "type": "Polygon", "coordinates": [ [ [ 2.144467069848514, 48.875213716540259 ], [ 2.144448605184401, 48.876337782208111 ], [ 2.146152757849381, 48.876349949701485 ], [ 2.146171185739904, 48.875225883783436 ], [ 2.144467069848514, 48.875213716540259 ] ] ] } },
{ "type": "Feature", "properties": { "num_125": 863140, "type_zone": 6, "score_biodiv": 2, "score_cc": 5, "score_scv": 4, "couv_veg": 2, "alea_icu": 2, "vuln_icu": 1, "carence_ev": 2, "inondation": 2, "prioritaire_biodiv": false, "prioritaire_climat": false, "prioritaire_sante": false, "nb_enjeux_prioritaires": 0, "code_iris": "781900104" }, "geometry": { "type": "Polygon", "coordinates": [ [ [ 2.146171185739904, 48.875225883783436 ], [ 2.146152757849381, 48.876349949701485 ], [ 2.147856911309792, 48.876362092935345 ], [ 2.147875302426675, 48.875238026767619 ], [ 2.146171185739904, 48.875225883783436 ] ] ] } },
{ "type": "Feature", "properties": { "num_125": 863141, "type_zone": 6, "score_biodiv": 3, "score_cc": 5, "score_scv": 4, "couv_veg": 2, "alea_icu": 2, "vuln_icu": 1, "carence_ev": 2, "inondation": 2, "prioritaire_biodiv": false, "prioritaire_climat": false, "prioritaire_sante": false, "nb_enjeux_prioritaires": 0, "code_iris": "781900104" }, "geometry": { "type": "Polygon", "coordinates": [ [ [ 2.147875302426675, 48.875238026767619 ], [ 2.147856911309792, 48.876362092935345 ], [ 2.149561065564048, 48.876374211909699 ], [ 2.149579419907238, 48.875250145492778 ], [ 2.147875302426675, 48.875238026767619 ] ] ] } },
{ "type": "Feature", "properties": { "num_125": 863142, "type_zone": 7, "score_biodiv": 3, "score_cc": 4, "score_scv": 4, "couv_veg": 2, "alea_icu": 2, "vuln_icu": 1, "carence_ev": 2, "inondation": 2, "prioritaire_biodiv": false, "prioritaire_climat": false, "prioritaire_sante": false, "nb_enjeux_prioritaires": 0, "code_iris": "781900104" }, "geometry": { "type": "Polygon", "coordinates": [ [ [ 2.149579419907238, 48.875250145492778 ], [ 2.149561065564048, 48.876374211909699 ], [ 2.151265220610562, 48.876386306624511 ], [ 2.151283538180008, 48.875262239958914 ], [ 2.149579419907238, 48.875250145492778 ] ] ] } },
{ "type": "Feature", "properties": { "num_125": 863143, "type_zone": 4, "score_biodiv": 4, "score_cc": 3, "score_scv": 4, "couv_veg": 1, "alea_icu": 1, "vuln_icu": 2, "carence_ev": 1, "inondation": 2, "prioritaire_biodiv": false, "prioritaire_climat": false, "prioritaire_sante": false, "nb_enjeux_prioritaires": 0, "code_iris": "781900104" }, "geometry": { "type": "Polygon", "coordinates": [ [ [ 2.151283538180008, 48.875262239958914 ], [ 2.151265220610562, 48.876386306624511 ], [ 2.152969376447746, 48.876398377079788 ], [ 2.152987657243397, 48.875274310165985 ], [ 2.151283538180008, 48.875262239958914 ] ] ] } },
{ "type": "Feature", "properties": { "num_125": 863144, "type_zone": 4, "score_biodiv": 6, "score_cc": 7, "score_scv": 5, "couv_veg": 2, "alea_icu": 3, "vuln_icu": 2, "carence_ev": 2, "inondation": 2, "prioritaire_biodiv": false, "prioritaire_climat": false, "prioritaire_sante": false, "nb_enjeux_prioritaires": 0, "code_iris": "781900104" }, "geometry": { "type": "Polygon", "coordinates": [ [ [ 2.152987657243397, 48.875274310165985 ], [ 2.152969376447746, 48.876398377079788 ], [ 2.154673533074015, 48.876410423275502 ], [ 2.15469177709582, 48.875286356114003 ], [ 2.152987657243397, 48.875274310165985 ] ] ] } },
{ "type": "Feature", "properties": { "num_125": 864406, "type_zone": 5, "score_biodiv": 3, "score_cc": 4, "score_scv": 4, "couv_veg": 2, "alea_icu": 2, "vuln_icu": 2, "carence_ev": 1, "inondation": 2, "prioritaire_biodiv": false, "prioritaire_climat": false, "prioritaire_sante": false, "nb_enjeux_prioritaires": 0, "code_iris": "781900101" }, "geometry": { "type": "Polygon", "coordinates": [ [ [ 2.122294693646, 48.876177397187249 ], [ 2.122275750112307, 48.877301458408482 ], [ 2.123979929066762, 48.877313941530538 ], [ 2.123998835825958, 48.876189880052628 ], [ 2.122294693646, 48.876177397187249 ] ] ] } },
{ "type": "Feature", "properties": { "num_125": 864407, "type_zone": 8, "score_biodiv": 1, "score_cc": 3, "score_scv": 3, "couv_veg": 0, "alea_icu": 2, "vuln_icu": 2, "carence_ev": 0, "inondation": 1, "prioritaire_biodiv": true, "prioritaire_climat": false, "prioritaire_sante": false, "nb_enjeux_prioritaires": 1, "code_iris": "781900101" }, "geometry": { "type": "Polygon", "coordinates": [ [ [ 2.123998835825958, 48.876189880052628 ], [ 2.123979929066762, 48.877313941530538 ], [ 2.125684108837332, 48.877326400392811 ], [ 2.125702978821978, 48.876202338658707 ], [ 2.123998835825958, 48.876189880052628 ] ] ] } },
{ "type": "Feature", "properties": { "num_125": 864408, "type_zone": 8, "score_biodiv": 1, "score_cc": 3, "score_scv": 3, "couv_veg": 0, "alea_icu": 2, "vuln_icu": 2, "carence_ev": 0, "inondation": 1, "prioritaire_biodiv": true, "prioritaire_climat": false, "prioritaire_sante": false, "nb_enjeux_prioritaires": 1, "code_iris": "781900101" }, "geometry": { "type": "Polygon", "coordinates": [ [ [ 2.125702978821978, 48.876202338658707 ], [ 2.125684108837332, 48.877326400392811 ], [ 2.127388289422429, 48.877338834995292 ], [ 2.127407122632471, 48.876214773005508 ], [ 2.125702978821978, 48.876202338658707 ] ] ] } },
{ "type": "Feature", "properties": { "num_125": 864409, "type_zone": 5, "score_biodiv": 3, "score_cc": 6, "score_scv": 5, "couv_veg": 2, "alea_icu": 2, "vuln_icu": 2, "carence_ev": 2, "inondation": 2, "prioritaire_biodiv": false, "prioritaire_climat": false, "prioritaire_sante": false, "nb_enjeux_prioritaires": 0, "code_iris": "781900101" }, "geometry": { "type": "Polygon", "coordinates": [ [ [ 2.127407122632471, 48.876214773005508 ], [ 2.127388289422429, 48.877338834995292 ], [ 2.129092470820467, 48.877351245337941 ], [ 2.129111267255853, 48.876227183092993 ], [ 2.127407122632471, 48.876214773005508 ] ] ] } },
{ "type": "Feature", "properties": { "num_125": 864411, "type_zone": 6, "score_biodiv": 2, "score_cc": 5, "score_scv": 4, "couv_veg": 2, "alea_icu": 2, "vuln_icu": 1, "carence_ev": 2, "inondation": 2, "prioritaire_biodiv": false, "prioritaire_climat": false, "prioritaire_sante": false, "nb_enjeux_prioritaires": 0, "code_iris": "781900102" }, "geometry": { "type": "Polygon", "coordinates": [ [ [ 2.130815412690536, 48.876239568921108 ], [ 2.130796653029858, 48.877363631420764 ], [ 2.132500836049016, 48.877375993243724 ], [ 2.132519558934932, 48.876251930489879 ], [ 2.130815412690536, 48.876239568921108 ] ] ] } },
{ "type": "Feature", "properties": { "num_125": 864412, "type_zone": 6, "score_biodiv": 2, "score_cc": 5, "score_scv": 4, "couv_veg": 2, "alea_icu": 2, "vuln_icu": 1, "carence_ev": 2, "inondation": 2, "prioritaire_biodiv": false, "prioritaire_climat": false, "prioritaire_sante": false, "nb_enjeux_prioritaires": 0, "code_iris": "781900102" }, "geometry": { "type": "Polygon", "coordinates": [ [ [ 2.132519558934932, 48.876251930489879 ], [ 2.132500836049016, 48.877375993243724 ], [ 2.134205019876353, 48.877388330806838 ], [ 2.134223705987457, 48.8762642677993 ], [ 2.132519558934932, 48.876251930489879 ] ] ] } },
{ "type": "Feature", "properties": { "num_125": 864413, "type_zone": 9, "score_biodiv": 2, "score_cc": 5, "score_scv": 5, "couv_veg": 2, "alea_icu": 2, "vuln_icu": 2, "carence_ev": 2, "inondation": 2, "prioritaire_biodiv": false, "prioritaire_climat": false, "prioritaire_sante": false, "nb_enjeux_prioritaires": 0, "code_iris": "781900102" }, "geometry": { "type": "Polygon", "coordinates": [ [ [ 2.134223705987457, 48.8762642677993 ], [ 2.134205019876353, 48.877388330806838 ], [ 2.135909204510282, 48.877400644110054 ], [ 2.13592785384652, 48.876276580849328 ], [ 2.134223705987457, 48.8762642677993 ] ] ] } },
{ "type": "Feature", "properties": { "num_125": 864414, "type_zone": 6, "score_biodiv": 2, "score_cc": 5, "score_scv": 4, "couv_veg": 2, "alea_icu": 2, "vuln_icu": 1, "carence_ev": 2, "inondation": 2, "prioritaire_biodiv": false, "prioritaire_climat": false, "prioritaire_sante": false, "nb_enjeux_prioritaires": 0, "code_iris": "781900102" }, "geometry": { "type": "Polygon", "coordinates": [ [ [ 2.13592785384652, 48.876276580849328 ], [ 2.135909204510282, 48.877400644110054 ], [ 2.137613389949217, 48.877412933153373 ], [ 2.137632002510538, 48.876288869639964 ], [ 2.13592785384652, 48.876276580849328 ] ] ] } },
{ "type": "Feature", "properties": { "num_125": 864415, "type_zone": 6, "score_biodiv": 2, "score_cc": 5, "score_scv": 4, "couv_veg": 2, "alea_icu": 2, "vuln_icu": 1, "carence_ev": 2, "inondation": 2, "prioritaire_biodiv": false, "prioritaire_climat": false, "prioritaire_sante": false, "nb_enjeux_prioritaires": 0, "code_iris": "781900103" }, "geometry": { "type": "Polygon", "coordinates": [ [ [ 2.137632002510538, 48.876288869639964 ], [ 2.137613389949217, 48.877412933153373 ], [ 2.13931757619157, 48.877425197936752 ], [ 2.139336151977922, 48.876301134171165 ], [ 2.137632002510538, 48.876288869639964 ] ] ] } },
{ "type": "Feature", "properties": { "num_125": 864416, "type_zone": 6, "score_biodiv": 2, "score_cc": 5, "score_scv": 4, "couv_veg": 2, "alea_icu": 2, "vuln_icu": 1, "carence_ev": 2, "inondation": 2, "prioritaire_biodiv": false, "prioritaire_climat": false, "prioritaire_sante": false, "nb_enjeux_prioritaires": 0, "code_iris": "781900103" }, "geometry": { "type": "Polygon", "coordinates": [ [ [ 2.139336151977922, 48.876301134171165 ], [ 2.13931757619157, 48.877425197936752 ], [ 2.141021763235754, 48.87743743846022 ], [ 2.141040302247084, 48.876313374442937 ], [ 2.139336151977922, 48.876301134171165 ] ] ] } },
{ "type": "Feature", "properties": { "num_125": 864417, "type_zone": 7, "score_biodiv": 2, "score_cc": 4, "score_scv": 4, "couv_veg": 2, "alea_icu": 2, "vuln_icu": 1, "carence_ev": 2, "inondation": 2, "prioritaire_biodiv": false, "prioritaire_climat": false, "prioritaire_sante": false, "nb_enjeux_prioritaires": 0, "code_iris": "781900103" }, "geometry": { "type": "Polygon", "coordinates": [ [ [ 2.141040302247084, 48.876313374442937 ], [ 2.141021763235754, 48.87743743846022 ], [ 2.142725951080183, 48.87744965472374 ], [ 2.142744453316439, 48.876325590455266 ], [ 2.141040302247084, 48.876313374442937 ] ] ] } },
{ "type": "Feature", "properties": { "num_125": 864418, "type_zone": 7, "score_biodiv": 2, "score_cc": 4, "score_scv": 4, "couv_veg": 2, "alea_icu": 2, "vuln_icu": 1, "carence_ev": 2, "inondation": 2, "prioritaire_biodiv": false, "prioritaire_climat": false, "prioritaire_sante": false, "nb_enjeux_prioritaires": 0, "code_iris": "781900103" }, "geometry": { "type": "Polygon", "coordinates": [ [ [ 2.142744453316439, 48.876325590455266 ], [ 2.142725951080183, 48.87744965472374 ], [ 2.144430139723269, 48.877461846727286 ], [ 2.144448605184401, 48.876337782208111 ], [ 2.142744453316439, 48.876325590455266 ] ] ] } },
{ "type": "Feature", "properties": { "num_125": 864419, "type_zone": 9, "score_biodiv": 3, "score_cc": 5, "score_scv": 4, "couv_veg": 2, "alea_icu": 2, "vuln_icu": 1, "carence_ev": 2, "inondation": 2, "prioritaire_biodiv": false, "prioritaire_climat": false, "prioritaire_sante": false, "nb_enjeux_prioritaires": 0, "code_iris": "781900104" }, "geometry": { "type": "Polygon", "coordinates": [ [ [ 2.144448605184401, 48.876337782208111 ], [ 2.144430139723269, 48.877461846727286 ], [ 2.146134329163425, 48.877474014470849 ], [ 2.146152757849381, 48.876349949701485 ], [ 2.144448605184401, 48.876337782208111 ] ] ] } },
{ "type": "Feature", "properties": { "num_125": 864420, "type_zone": 6, "score_biodiv": 2, "score_cc": 5, "score_scv": 4, "couv_veg": 2, "alea_icu": 2, "vuln_icu": 1, "carence_ev": 2, "inondation": 2, "prioritaire_biodiv": false, "prioritaire_climat": false, "prioritaire_sante": false, "nb_enjeux_prioritaires": 0, "code_iris": "781900104" }, "geometry": { "type": "Polygon", "coordinates": [ [ [ 2.146152757849381, 48.876349949701485 ], [ 2.146134329163425, 48.877474014470849 ], [ 2.147838519399065, 48.877486157954408 ], [ 2.147856911309792, 48.876362092935345 ], [ 2.146152757849381, 48.876349949701485 ] ] ] } },
{ "type": "Feature", "properties": { "num_125": 864421, "type_zone": 6, "score_biodiv": 2, "score_cc": 5, "score_scv": 4, "couv_veg": 2, "alea_icu": 2, "vuln_icu": 1, "carence_ev": 2, "inondation": 2, "prioritaire_biodiv": false, "prioritaire_climat": false, "prioritaire_sante": false, "nb_enjeux_prioritaires": 0, "code_iris": "781900104" }, "geometry": { "type": "Polygon", "coordinates": [ [ [ 2.147856911309792, 48.876362092935345 ], [ 2.147838519399065, 48.877486157954408 ], [ 2.149542710428601, 48.877498277177978 ], [ 2.149561065564048, 48.876374211909699 ], [ 2.147856911309792, 48.876362092935345 ] ] ] } },
{ "type": "Feature", "properties": { "num_125": 864422, "type_zone": 7, "score_biodiv": 2, "score_cc": 6, "score_scv": 4, "couv_veg": 2, "alea_icu": 2, "vuln_icu": 1, "carence_ev": 2, "inondation": 2, "prioritaire_biodiv": false, "prioritaire_climat": false, "prioritaire_sante": false, "nb_enjeux_prioritaires": 0, "code_iris": "781900104" }, "geometry": { "type": "Polygon", "coordinates": [ [ [ 2.149561065564048, 48.876374211909699 ], [ 2.149542710428601, 48.877498277177978 ], [ 2.151246902250445, 48.877510372141479 ], [ 2.151265220610562, 48.876386306624511 ], [ 2.149561065564048, 48.876374211909699 ] ] ] } },
{ "type": "Feature", "properties": { "num_125": 864423, "type_zone": 7, "score_biodiv": 3, "score_cc": 4, "score_scv": 5, "couv_veg": 2, "alea_icu": 2, "vuln_icu": 2, "carence_ev": 2, "inondation": 2, "prioritaire_biodiv": false, "prioritaire_climat": false, "prioritaire_sante": false, "nb_enjeux_prioritaires": 0, "code_iris": "781900104" }, "geometry": { "type": "Polygon", "coordinates": [ [ [ 2.151265220610562, 48.876386306624511 ], [ 2.151246902250445, 48.877510372141479 ], [ 2.152951094863012, 48.877522442844949 ], [ 2.152969376447746, 48.876398377079788 ], [ 2.151265220610562, 48.876386306624511 ] ] ] } },
{ "type": "Feature", "properties": { "num_125": 864424, "type_zone": 4, "score_biodiv": 4, "score_cc": 5, "score_scv": 4, "couv_veg": 1, "alea_icu": 1, "vuln_icu": 2, "carence_ev": 1, "inondation": 2, "prioritaire_biodiv": false, "prioritaire_climat": false, "prioritaire_sante": false, "nb_enjeux_prioritaires": 0, "code_iris": "781900104" }, "geometry": { "type": "Polygon", "coordinates": [ [ [ 2.152969376447746, 48.876398377079788 ], [ 2.152951094863012, 48.877522442844949 ], [ 2.154655288264713, 48.877534489288358 ], [ 2.154673533074015, 48.876410423275502 ], [ 2.152969376447746, 48.876398377079788 ] ] ] } },
{ "type": "Feature", "properties": { "num_125": 865685, "type_zone": 9, "score_biodiv": 6, "score_cc": 5, "score_scv": 5, "couv_veg": 2, "alea_icu": 2, "vuln_icu": 2, "carence_ev": 2, "inondation": 1, "prioritaire_biodiv": false, "prioritaire_climat": false, "prioritaire_sante": false, "nb_enjeux_prioritaires": 0, "code_iris": "781900101" }, "geometry": { "type": "Polygon", "coordinates": [ [ [ 2.120571571975553, 48.877288951026628 ], [ 2.120552590848126, 48.878413010841484 ], [ 2.122256805760912, 48.878425518480505 ], [ 2.122275750112307, 48.877301458408482 ], [ 2.120571571975553, 48.877288951026628 ] ] ] } },
{ "type": "Feature", "properties": { "num_125": 865686, "type_zone": 5, "score_biodiv": 2, "score_cc": 5, "score_scv": 5, "couv_veg": 2, "alea_icu": 2, "vuln_icu": 2, "carence_ev": 2, "inondation": 1, "prioritaire_biodiv": false, "prioritaire_climat": false, "prioritaire_sante": false, "nb_enjeux_prioritaires": 0, "code_iris": "781900101" }, "geometry": { "type": "Polygon", "coordinates": [ [ [ 2.122275750112307, 48.877301458408482 ], [ 2.122256805760912, 48.878425518480505 ], [ 2.123961021491452, 48.878438001859251 ], [ 2.123979929066762, 48.877313941530538 ], [ 2.122275750112307, 48.877301458408482 ] ] ] } },
{ "type": "Feature", "properties": { "num_125": 865687, "type_zone": 5, "score_biodiv": 2, "score_cc": 6, "score_scv": 5, "couv_veg": 2, "alea_icu": 2, "vuln_icu": 2, "carence_ev": 2, "inondation": 2, "prioritaire_biodiv": false, "prioritaire_climat": false, "prioritaire_sante": false, "nb_enjeux_prioritaires": 0, "code_iris": "781900101" }, "geometry": { "type": "Polygon", "coordinates": [ [ [ 2.123979929066762, 48.877313941530538 ], [ 2.123961021491452, 48.878438001859251 ], [ 2.125665238038159, 48.87845046097771 ], [ 2.125684108837332, 48.877326400392811 ], [ 2.123979929066762, 48.877313941530538 ] ] ] } },
{ "type": "Feature", "properties": { "num_125": 865688, "type_zone": 5, "score_biodiv": 4, "score_cc": 6, "score_scv": 5, "couv_veg": 2, "alea_icu": 2, "vuln_icu": 2, "carence_ev": 2, "inondation": 2, "prioritaire_biodiv": false, "prioritaire_climat": false, "prioritaire_sante": false, "nb_enjeux_prioritaires": 0, "code_iris": "781900101" }, "geometry": { "type": "Polygon", "coordinates": [ [ [ 2.125684108837332, 48.877326400392811 ], [ 2.125665238038159, 48.87845046097771 ], [ 2.127369455399447, 48.878462895835881 ], [ 2.127388289422429, 48.877338834995292 ], [ 2.125684108837332, 48.877326400392811 ] ] ] } },
{ "type": "Feature", "properties": { "num_125": 865691, "type_zone": 6, "score_biodiv": 3, "score_cc": 5, "score_scv": 3, "couv_veg": 2, "alea_icu": 2, "vuln_icu": 1, "carence_ev": 1, "inondation": 2, "prioritaire_biodiv": false, "prioritaire_climat": false, "prioritaire_sante": false, "nb_enjeux_prioritaires": 0, "code_iris": "781900102" }, "geometry": { "type": "Polygon", "coordinates": [ [ [ 2.130796653029858, 48.877363631420764 ], [ 2.130777892559414, 48.878487692771252 ], [ 2.132482112354919, 48.878500054848409 ], [ 2.132500836049016, 48.877375993243724 ], [ 2.130796653029858, 48.877363631420764 ] ] ] } },
{ "type": "Feature", "properties": { "num_125": 865692, "type_zone": 6, "score_biodiv": 2, "score_cc": 5, "score_scv": 3, "couv_veg": 2, "alea_icu": 2, "vuln_icu": 1, "carence_ev": 1, "inondation": 2, "prioritaire_biodiv": false, "prioritaire_climat": false, "prioritaire_sante": false, "nb_enjeux_prioritaires": 0, "code_iris": "781900102" }, "geometry": { "type": "Polygon", "coordinates": [ [ [ 2.132500836049016, 48.877375993243724 ], [ 2.132482112354919, 48.878500054848409 ], [ 2.134186332958656, 48.878512392665208 ], [ 2.134205019876353, 48.877388330806838 ], [ 2.132500836049016, 48.877375993243724 ] ] ] } },
{ "type": "Feature", "properties": { "num_125": 865693, "type_zone": 6, "score_biodiv": 2, "score_cc": 5, "score_scv": 4, "couv_veg": 2, "alea_icu": 2, "vuln_icu": 2, "carence_ev": 1, "inondation": 2, "prioritaire_biodiv": false, "prioritaire_climat": false, "prioritaire_sante": false, "nb_enjeux_prioritaires": 0, "code_iris": "781900102" }, "geometry": { "type": "Polygon", "coordinates": [ [ [ 2.134205019876353, 48.877388330806838 ], [ 2.134186332958656, 48.878512392665208 ], [ 2.135890554369039, 48.878524706221604 ], [ 2.135909204510282, 48.877400644110054 ], [ 2.134205019876353, 48.877388330806838 ] ] ] } },
{ "type": "Feature", "properties": { "num_125": 865694, "type_zone": 6, "score_biodiv": 2, "score_cc": 5, "score_scv": 3, "couv_veg": 2, "alea_icu": 2, "vuln_icu": 1, "carence_ev": 1, "inondation": 2, "prioritaire_biodiv": false, "prioritaire_climat": false, "prioritaire_sante": false, "nb_enjeux_prioritaires": 0, "code_iris": "781900102" }, "geometry": { "type": "Polygon", "coordinates": [ [ [ 2.135909204510282, 48.877400644110054 ], [ 2.135890554369039, 48.878524706221604 ], [ 2.137594776584478, 48.878536995517628 ], [ 2.137613389949217, 48.877412933153373 ], [ 2.135909204510282, 48.877400644110054 ] ] ] } },
{ "type": "Feature", "properties": { "num_125": 865695, "type_zone": 6, "score_biodiv": 2, "score_cc": 5, "score_scv": 3, "couv_veg": 2, "alea_icu": 2, "vuln_icu": 1, "carence_ev": 1, "inondation": 2, "prioritaire_biodiv": false, "prioritaire_climat": false, "prioritaire_sante": false, "nb_enjeux_prioritaires": 0, "code_iris": "781900103" }, "geometry": { "type": "Polygon", "coordinates": [ [ [ 2.137613389949217, 48.877412933153373 ], [ 2.137594776584478, 48.878536995517628 ], [ 2.139298999603387, 48.878549260553207 ], [ 2.13931757619157, 48.877425197936752 ], [ 2.137613389949217, 48.877412933153373 ] ] ] } },
{ "type": "Feature", "properties": { "num_125": 865696, "type_zone": 6, "score_biodiv": 2, "score_cc": 5, "score_scv": 3, "couv_veg": 2, "alea_icu": 2, "vuln_icu": 1, "carence_ev": 1, "inondation": 2, "prioritaire_biodiv": false, "prioritaire_climat": false, "prioritaire_sante": false, "nb_enjeux_prioritaires": 0, "code_iris": "781900103" }, "geometry": { "type": "Polygon", "coordinates": [ [ [ 2.13931757619157, 48.877425197936752 ], [ 2.139298999603387, 48.878549260553207 ], [ 2.14100322342418, 48.878561501328385 ], [ 2.141021763235754, 48.87743743846022 ], [ 2.13931757619157, 48.877425197936752 ] ] ] } },
{ "type": "Feature", "properties": { "num_125": 865697, "type_zone": 7, "score_biodiv": 2, "score_cc": 4, "score_scv": 3, "couv_veg": 2, "alea_icu": 2, "vuln_icu": 1, "carence_ev": 1, "inondation": 2, "prioritaire_biodiv": false, "prioritaire_climat": false, "prioritaire_sante": false, "nb_enjeux_prioritaires": 0, "code_iris": "781900103" }, "geometry": { "type": "Polygon", "coordinates": [ [ [ 2.141021763235754, 48.87743743846022 ], [ 2.14100322342418, 48.878561501328385 ], [ 2.142707448045269, 48.878573717843096 ], [ 2.142725951080183, 48.87744965472374 ], [ 2.141021763235754, 48.87743743846022 ] ] ] } },
{ "type": "Feature", "properties": { "num_125": 865698, "type_zone": 7, "score_biodiv": 1, "score_cc": 4, "score_scv": 2, "couv_veg": 1, "alea_icu": 2, "vuln_icu": 1, "carence_ev": 0, "inondation": 2, "prioritaire_biodiv": true, "prioritaire_climat": false, "prioritaire_sante": true, "nb_enjeux_prioritaires": 2, "code_iris": "781900103" }, "geometry": { "type": "Polygon", "coordinates": [ [ [ 2.142725951080183, 48.87744965472374 ], [ 2.142707448045269, 48.878573717843096 ], [ 2.144411673465068, 48.878585910097328 ], [ 2.144430139723269, 48.877461846727286 ], [ 2.142725951080183, 48.87744965472374 ] ] ] } },
{ "type": "Feature", "properties": { "num_125": 865699, "type_zone": 7, "score_biodiv": 2, "score_cc": 4, "score_scv": 3, "couv_veg": 2, "alea_icu": 2, "vuln_icu": 1, "carence_ev": 1, "inondation": 2, "prioritaire_biodiv": false, "prioritaire_climat": false, "prioritaire_sante": false, "nb_enjeux_prioritaires": 0, "code_iris": "781900104" }, "geometry": { "type": "Polygon", "coordinates": [ [ [ 2.144430139723269, 48.877461846727286 ], [ 2.144411673465068, 48.878585910097328 ], [ 2.146115899681988, 48.878598078091102 ], [ 2.146134329163425, 48.877474014470849 ], [ 2.144430139723269, 48.877461846727286 ] ] ] } },
{ "type": "Feature", "properties": { "num_125": 865700, "type_zone": 6, "score_biodiv": 2, "score_cc": 5, "score_scv": 3, "couv_veg": 2, "alea_icu": 2, "vuln_icu": 1, "carence_ev": 1, "inondation": 2, "prioritaire_biodiv": false, "prioritaire_climat": false, "prioritaire_sante": false, "nb_enjeux_prioritaires": 0, "code_iris": "781900104" }, "geometry": { "type": "Polygon", "coordinates": [ [ [ 2.146134329163425, 48.877474014470849 ], [ 2.146115899681988, 48.878598078091102 ], [ 2.147820126694441, 48.87861022182436 ], [ 2.147838519399065, 48.877486157954408 ], [ 2.146134329163425, 48.877474014470849 ] ] ] } },
{ "type": "Feature", "properties": { "num_125": 865701, "type_zone": 6, "score_biodiv": 3, "score_cc": 5, "score_scv": 4, "couv_veg": 2, "alea_icu": 2, "vuln_icu": 1, "carence_ev": 2, "inondation": 2, "prioritaire_biodiv": false, "prioritaire_climat": false, "prioritaire_sante": false, "nb_enjeux_prioritaires": 0, "code_iris": "781900104" }, "geometry": { "type": "Polygon", "coordinates": [ [ [ 2.147838519399065, 48.877486157954408 ], [ 2.147820126694441, 48.87861022182436 ], [ 2.149524354500844, 48.878622341297124 ], [ 2.149542710428601, 48.877498277177978 ], [ 2.147838519399065, 48.877486157954408 ] ] ] } },
{ "type": "Feature", "properties": { "num_125": 865702, "type_zone": 5, "score_biodiv": 3, "score_cc": 6, "score_scv": 4, "couv_veg": 2, "alea_icu": 2, "vuln_icu": 1, "carence_ev": 2, "inondation": 2, "prioritaire_biodiv": false, "prioritaire_climat": false, "prioritaire_sante": false, "nb_enjeux_prioritaires": 0, "code_iris": "781900104" }, "geometry": { "type": "Polygon", "coordinates": [ [ [ 2.149542710428601, 48.877498277177978 ], [ 2.149524354500844, 48.878622341297124 ], [ 2.151228583099606, 48.878634436509358 ], [ 2.151246902250445, 48.877510372141479 ], [ 2.149542710428601, 48.877498277177978 ] ] ] } },
{ "type": "Feature", "properties": { "num_125": 865703, "type_zone": 7, "score_biodiv": 3, "score_cc": 4, "score_scv": 4, "couv_veg": 2, "alea_icu": 2, "vuln_icu": 1, "carence_ev": 2, "inondation": 2, "prioritaire_biodiv": false, "prioritaire_climat": false, "prioritaire_sante": false, "nb_enjeux_prioritaires": 0, "code_iris": "781900104" }, "geometry": { "type": "Polygon", "coordinates": [ [ [ 2.151246902250445, 48.877510372141479 ], [ 2.151228583099606, 48.878634436509358 ], [ 2.152932812489142, 48.878646507461056 ], [ 2.152951094863012, 48.877522442844949 ], [ 2.151246902250445, 48.877510372141479 ] ] ] } },
{ "type": "Feature", "properties": { "num_125": 865704, "type_zone": 6, "score_biodiv": 3, "score_cc": 3, "score_scv": 5, "couv_veg": 2, "alea_icu": 1, "vuln_icu": 2, "carence_ev": 2, "inondation": 2, "prioritaire_biodiv": false, "prioritaire_climat": false, "prioritaire_sante": false, "nb_enjeux_prioritaires": 0, "code_iris": "781900104" }, "geometry": { "type": "Polygon", "coordinates": [ [ [ 2.152951094863012, 48.877522442844949 ], [ 2.152932812489142, 48.878646507461056 ], [ 2.154637042667864, 48.878658554152146 ], [ 2.154655288264713, 48.877534489288358 ], [ 2.152951094863012, 48.877522442844949 ] ] ] } },
{ "type": "Feature", "properties": { "num_125": 865705, "type_zone": 4, "score_biodiv": 2, "score_cc": 5, "score_scv": 4, "couv_veg": 0, "alea_icu": 1, "vuln_icu": 2, "carence_ev": 1, "inondation": 2, "prioritaire_biodiv": false, "prioritaire_climat": false, "prioritaire_sante": false, "nb_enjeux_prioritaires": 0, "code_iris": "781900104" }, "geometry": { "type": "Polygon", "coordinates": [ [ [ 2.154655288264713, 48.877534489288358 ], [ 2.154637042667864, 48.878658554152146 ], [ 2.156341273634184, 48.878670576582692 ], [ 2.156359482453963, 48.877546511471699 ], [ 2.154655288264713, 48.877534489288358 ] ] ] } },
{ "type": "Feature", "properties": { "num_125": 866964, "type_zone": 4, "score_biodiv": 6, "score_cc": 7, "score_scv": 5, "couv_veg": 2, "alea_icu": 3, "vuln_icu": 2, "carence_ev": 2, "inondation": 2, "prioritaire_biodiv": false, "prioritaire_climat": false, "prioritaire_sante": false, "nb_enjeux_prioritaires": 0, "code_iris": "781900101" }, "geometry": { "type": "Polygon", "coordinates": [ [ [ 2.118848376754682, 48.878400478942226 ], [ 2.118829358030347, 48.879524537349731 ], [ 2.120533608901357, 48.879537069506696 ], [ 2.120552590848126, 48.878413010841484 ], [ 2.118848376754682, 48.878400478942226 ] ] ] } },
{ "type": "Feature", "properties": { "num_125": 866965, "type_zone": 5, "score_biodiv": 4, "score_cc": 6, "score_scv": 5, "couv_veg": 2, "alea_icu": 2, "vuln_icu": 2, "carence_ev": 2, "inondation": 2, "prioritaire_biodiv": false, "prioritaire_climat": false, "prioritaire_sante": false, "nb_enjeux_prioritaires": 0, "code_iris": "781900101" }, "geometry": { "type": "Polygon", "coordinates": [ [ [ 2.120552590848126, 48.878413010841484 ], [ 2.120533608901357, 48.879537069506696 ], [ 2.122237860591762, 48.879549577402884 ], [ 2.122256805760912, 48.878425518480505 ], [ 2.120552590848126, 48.878413010841484 ] ] ] } },
{ "type": "Feature", "properties": { "num_125": 866966, "type_zone": 5, "score_biodiv": 4, "score_cc": 6, "score_scv": 5, "couv_veg": 2, "alea_icu": 2, "vuln_icu": 2, "carence_ev": 2, "inondation": 2, "prioritaire_biodiv": false, "prioritaire_climat": false, "prioritaire_sante": false, "nb_enjeux_prioritaires": 0, "code_iris": "781900101" }, "geometry": { "type": "Polygon", "coordinates": [ [ [ 2.122256805760912, 48.878425518480505 ], [ 2.122237860591762, 48.879549577402884 ], [ 2.123942113099974, 48.879562061038328 ], [ 2.123961021491452, 48.878438001859251 ], [ 2.122256805760912, 48.878425518480505 ] ] ] } },
{ "type": "Feature", "properties": { "num_125": 866967, "type_zone": 5, "score_biodiv": 4, "score_cc": 6, "score_scv": 5, "couv_veg": 2, "alea_icu": 2, "vuln_icu": 2, "carence_ev": 2, "inondation": 2, "prioritaire_biodiv": false, "prioritaire_climat": false, "prioritaire_sante": false, "nb_enjeux_prioritaires": 0, "code_iris": "781900101" }, "geometry": { "type": "Polygon", "coordinates": [ [ [ 2.123961021491452, 48.878438001859251 ], [ 2.123942113099974, 48.879562061038328 ], [ 2.125646366424407, 48.879574520413001 ], [ 2.125665238038159, 48.87845046097771 ], [ 2.123961021491452, 48.878438001859251 ] ] ] } },
{ "type": "Feature", "properties": { "num_125": 866968, "type_zone": 5, "score_biodiv": 4, "score_cc": 6, "score_scv": 5, "couv_veg": 2, "alea_icu": 2, "vuln_icu": 2, "carence_ev": 2, "inondation": 2, "prioritaire_biodiv": false, "prioritaire_climat": false, "prioritaire_sante": false, "nb_enjeux_prioritaires": 0, "code_iris": "781900101" }, "geometry": { "type": "Polygon", "coordinates": [ [ [ 2.125665238038159, 48.87845046097771 ], [ 2.125646366424407, 48.879574520413001 ], [ 2.12735062056347, 48.87958695552684 ], [ 2.127369455399447, 48.878462895835881 ], [ 2.125665238038159, 48.87845046097771 ] ] ] } },
{ "type": "Feature", "properties": { "num_125": 866972, "type_zone": 7, "score_biodiv": 2, "score_cc": 4, "score_scv": 3, "couv_veg": 2, "alea_icu": 2, "vuln_icu": 1, "carence_ev": 1, "inondation": 2, "prioritaire_biodiv": false, "prioritaire_climat": false, "prioritaire_sante": false, "nb_enjeux_prioritaires": 0, "code_iris": "781900102" }, "geometry": { "type": "Polygon", "coordinates": [ [ [ 2.132482112354919, 48.878500054848409 ], [ 2.132463387852591, 48.879624115303471 ], [ 2.134167645234316, 48.879636453373962 ], [ 2.134186332958656, 48.878512392665208 ], [ 2.132482112354919, 48.878500054848409 ] ] ] } },
{ "type": "Feature", "properties": { "num_125": 866973, "type_zone": 7, "score_biodiv": 2, "score_cc": 4, "score_scv": 3, "couv_veg": 2, "alea_icu": 2, "vuln_icu": 1, "carence_ev": 1, "inondation": 2, "prioritaire_biodiv": false, "prioritaire_climat": false, "prioritaire_sante": false, "nb_enjeux_prioritaires": 0, "code_iris": "781900102" }, "geometry": { "type": "Polygon", "coordinates": [ [ [ 2.134186332958656, 48.878512392665208 ], [ 2.134167645234316, 48.879636453373962 ], [ 2.135871903422736, 48.879648767183568 ], [ 2.135890554369039, 48.878524706221604 ], [ 2.134186332958656, 48.878512392665208 ] ] ] } },
{ "type": "Feature", "properties": { "num_125": 866974, "type_zone": 6, "score_biodiv": 2, "score_cc": 5, "score_scv": 3, "couv_veg": 2, "alea_icu": 2, "vuln_icu": 1, "carence_ev": 1, "inondation": 2, "prioritaire_biodiv": false, "prioritaire_climat": false, "prioritaire_sante": false, "nb_enjeux_prioritaires": 0, "code_iris": "781900102" }, "geometry": { "type": "Polygon", "coordinates": [ [ [ 2.135890554369039, 48.878524706221604 ], [ 2.135871903422736, 48.879648767183568 ], [ 2.137576162416267, 48.879661056732282 ], [ 2.137594776584478, 48.878536995517628 ], [ 2.135890554369039, 48.878524706221604 ] ] ] } },
{ "type": "Feature", "properties": { "num_125": 866975, "type_zone": 7, "score_biodiv": 2, "score_cc": 4, "score_scv": 3, "couv_veg": 2, "alea_icu": 2, "vuln_icu": 1, "carence_ev": 1, "inondation": 2, "prioritaire_biodiv": false, "prioritaire_climat": false, "prioritaire_sante": false, "nb_enjeux_prioritaires": 0, "code_iris": "781900103" }, "geometry": { "type": "Polygon", "coordinates": [ [ [ 2.137594776584478, 48.878536995517628 ], [ 2.137576162416267, 48.879661056732282 ], [ 2.139280422213321, 48.879673322020096 ], [ 2.139298999603387, 48.878549260553207 ], [ 2.137594776584478, 48.878536995517628 ] ] ] } },
{ "type": "Feature", "properties": { "num_125": 866976, "type_zone": 7, "score_biodiv": 2, "score_cc": 4, "score_scv": 3, "couv_veg": 2, "alea_icu": 2, "vuln_icu": 1, "carence_ev": 1, "inondation": 2, "prioritaire_biodiv": false, "prioritaire_climat": false, "prioritaire_sante": false, "nb_enjeux_prioritaires": 0, "code_iris": "781900103" }, "geometry": { "type": "Polygon", "coordinates": [ [ [ 2.139298999603387, 48.878549260553207 ], [ 2.139280422213321, 48.879673322020096 ], [ 2.14098468281231, 48.879685563046955 ], [ 2.14100322342418, 48.878561501328385 ], [ 2.139298999603387, 48.878549260553207 ] ] ] } },
{ "type": "Feature", "properties": { "num_125": 866977, "type_zone": 6, "score_biodiv": 2, "score_cc": 5, "score_scv": 3, "couv_veg": 2, "alea_icu": 2, "vuln_icu": 1, "carence_ev": 1, "inondation": 2, "prioritaire_biodiv": false, "prioritaire_climat": false, "prioritaire_sante": false, "nb_enjeux_prioritaires": 0, "code_iris": "781900103" }, "geometry": { "type": "Polygon", "coordinates": [ [ [ 2.14100322342418, 48.878561501328385 ], [ 2.14098468281231, 48.879685563046955 ], [ 2.142688944211646, 48.879697779812872 ], [ 2.142707448045269, 48.878573717843096 ], [ 2.14100322342418, 48.878561501328385 ] ] ] } },
{ "type": "Feature", "properties": { "num_125": 866978, "type_zone": 6, "score_biodiv": 2, "score_cc": 5, "score_scv": 3, "couv_veg": 2, "alea_icu": 2, "vuln_icu": 1, "carence_ev": 1, "inondation": 2, "prioritaire_biodiv": false, "prioritaire_climat": false, "prioritaire_sante": false, "nb_enjeux_prioritaires": 0, "code_iris": "781900103" }, "geometry": { "type": "Polygon", "coordinates": [ [ [ 2.142707448045269, 48.878573717843096 ], [ 2.142688944211646, 48.879697779812872 ], [ 2.144393206409744, 48.879709972317841 ], [ 2.144411673465068, 48.878585910097328 ], [ 2.142707448045269, 48.878573717843096 ] ] ] } },
{ "type": "Feature", "properties": { "num_125": 866979, "type_zone": 6, "score_biodiv": 2, "score_cc": 5, "score_scv": 3, "couv_veg": 2, "alea_icu": 2, "vuln_icu": 1, "carence_ev": 1, "inondation": 2, "prioritaire_biodiv": false, "prioritaire_climat": false, "prioritaire_sante": false, "nb_enjeux_prioritaires": 0, "code_iris": "781900103" }, "geometry": { "type": "Polygon", "coordinates": [ [ [ 2.144411673465068, 48.878585910097328 ], [ 2.144393206409744, 48.879709972317841 ], [ 2.146097469405014, 48.879722140561803 ], [ 2.146115899681988, 48.878598078091102 ], [ 2.144411673465068, 48.878585910097328 ] ] ] } },
{ "type": "Feature", "properties": { "num_125": 866980, "type_zone": 6, "score_biodiv": 2, "score_cc": 5, "score_scv": 3, "couv_veg": 2, "alea_icu": 2, "vuln_icu": 1, "carence_ev": 1, "inondation": 2, "prioritaire_biodiv": false, "prioritaire_climat": false, "prioritaire_sante": false, "nb_enjeux_prioritaires": 0, "code_iris": "781900104" }, "geometry": { "type": "Polygon", "coordinates": [ [ [ 2.146115899681988, 48.878598078091102 ], [ 2.146097469405014, 48.879722140561803 ], [ 2.147801733195871, 48.879734284544789 ], [ 2.147820126694441, 48.87861022182436 ], [ 2.146115899681988, 48.878598078091102 ] ] ] } },
{ "type": "Feature", "properties": { "num_125": 866981, "type_zone": 6, "score_biodiv": 2, "score_cc": 5, "score_scv": 4, "couv_veg": 2, "alea_icu": 2, "vuln_icu": 1, "carence_ev": 2, "inondation": 2, "prioritaire_biodiv": false, "prioritaire_climat": false, "prioritaire_sante": false, "nb_enjeux_prioritaires": 0, "code_iris": "781900104" }, "geometry": { "type": "Polygon", "coordinates": [ [ [ 2.147820126694441, 48.87861022182436 ], [ 2.147801733195871, 48.879734284544789 ], [ 2.149505997780727, 48.879746404266719 ], [ 2.149524354500844, 48.878622341297124 ], [ 2.147820126694441, 48.87861022182436 ] ] ] } },
{ "type": "Feature", "properties": { "num_125": 866982, "type_zone": 7, "score_biodiv": 3, "score_cc": 6, "score_scv": 4, "couv_veg": 2, "alea_icu": 3, "vuln_icu": 1, "carence_ev": 2, "inondation": 2, "prioritaire_biodiv": false, "prioritaire_climat": false, "prioritaire_sante": false, "nb_enjeux_prioritaires": 0, "code_iris": "781900104" }, "geometry": { "type": "Polygon", "coordinates": [ [ [ 2.149524354500844, 48.878622341297124 ], [ 2.149505997780727, 48.879746404266719 ], [ 2.151210263157993, 48.879758499727686 ], [ 2.151228583099606, 48.878634436509358 ], [ 2.149524354500844, 48.878622341297124 ] ] ] } },
{ "type": "Feature", "properties": { "num_125": 866983, "type_zone": 7, "score_biodiv": 2, "score_cc": 6, "score_scv": 4, "couv_veg": 2, "alea_icu": 3, "vuln_icu": 1, "carence_ev": 2, "inondation": 2, "prioritaire_biodiv": false, "prioritaire_climat": false, "prioritaire_sante": false, "nb_enjeux_prioritaires": 0, "code_iris": "781900104" }, "geometry": { "type": "Polygon", "coordinates": [ [ [ 2.151228583099606, 48.878634436509358 ], [ 2.151210263157993, 48.879758499727686 ], [ 2.152914529326086, 48.879770570927569 ], [ 2.152932812489142, 48.878646507461056 ], [ 2.151228583099606, 48.878634436509358 ] ] ] } },
{ "type": "Feature", "properties": { "num_125": 866984, "type_zone": 6, "score_biodiv": 3, "score_cc": 5, "score_scv": 5, "couv_veg": 2, "alea_icu": 2, "vuln_icu": 2, "carence_ev": 2, "inondation": 2, "prioritaire_biodiv": false, "prioritaire_climat": false, "prioritaire_sante": false, "nb_enjeux_prioritaires": 0, "code_iris": "781900104" }, "geometry": { "type": "Polygon", "coordinates": [ [ [ 2.152932812489142, 48.878646507461056 ], [ 2.152914529326086, 48.879770570927569 ], [ 2.154618796283415, 48.879782617866411 ], [ 2.154637042667864, 48.878658554152146 ], [ 2.152932812489142, 48.878646507461056 ] ] ] } },
{ "type": "Feature", "properties": { "num_125": 866985, "type_zone": 4, "score_biodiv": 2, "score_cc": 3, "score_scv": 4, "couv_veg": 0, "alea_icu": 1, "vuln_icu": 2, "carence_ev": 1, "inondation": 2, "prioritaire_biodiv": false, "prioritaire_climat": false, "prioritaire_sante": false, "nb_enjeux_prioritaires": 0, "code_iris": "781900104" }, "geometry": { "type": "Polygon", "coordinates": [ [ [ 2.154637042667864, 48.878658554152146 ], [ 2.154618796283415, 48.879782617866411 ], [ 2.156323064028394, 48.879794640544155 ], [ 2.156341273634184, 48.878670576582692 ], [ 2.154637042667864, 48.878658554152146 ] ] ] } },
{ "type": "Feature", "properties": { "num_125": 868243, "type_zone": 4, "score_biodiv": 4, "score_cc": 5, "score_scv": 5, "couv_veg": 1, "alea_icu": 1, "vuln_icu": 2, "carence_ev": 2, "inondation": 2, "prioritaire_biodiv": false, "prioritaire_climat": false, "prioritaire_sante": false, "nb_enjeux_prioritaires": 0, "code_iris": "781900101" }, "geometry": { "type": "Polygon", "coordinates": [ [ [ 2.117125107980319, 48.879511980932037 ], [ 2.117106051655903, 48.880636037931239 ], [ 2.118810338485031, 48.880648594607131 ], [ 2.118829358030347, 48.879524537349731 ], [ 2.117125107980319, 48.879511980932037 ] ] ] } },
{ "type": "Feature", "properties": { "num_125": 868244, "type_zone": 4, "score_biodiv": 5, "score_cc": 6, "score_scv": 5, "couv_veg": 1, "alea_icu": 2, "vuln_icu": 2, "carence_ev": 2, "inondation": 2, "prioritaire_biodiv": false, "prioritaire_climat": false, "prioritaire_sante": false, "nb_enjeux_prioritaires": 0, "code_iris": "781900101" }, "geometry": { "type": "Polygon", "coordinates": [ [ [ 2.118829358030347, 48.879524537349731 ], [ 2.118810338485031, 48.880648594607131 ], [ 2.120514626135194, 48.880661127021789 ], [ 2.120533608901357, 48.879537069506696 ], [ 2.118829358030347, 48.879524537349731 ] ] ] } },
{ "type": "Feature", "properties": { "num_125": 868245, "type_zone": 4, "score_biodiv": 6, "score_cc": 7, "score_scv": 5, "couv_veg": 2, "alea_icu": 3, "vuln_icu": 2, "carence_ev": 2, "inondation": 2, "prioritaire_biodiv": false, "prioritaire_climat": false, "prioritaire_sante": false, "nb_enjeux_prioritaires": 0, "code_iris": "781900101" }, "geometry": { "type": "Polygon", "coordinates": [ [ [ 2.120533608901357, 48.879537069506696 ], [ 2.120514626135194, 48.880661127021789 ], [ 2.122218914604805, 48.880673635175185 ], [ 2.122237860591762, 48.879549577402884 ], [ 2.120533608901357, 48.879537069506696 ] ] ] } },
{ "type": "Feature", "properties": { "num_125": 868246, "type_zone": 4, "score_biodiv": 6, "score_cc": 7, "score_scv": 5, "couv_veg": 2, "alea_icu": 3, "vuln_icu": 2, "carence_ev": 2, "inondation": 2, "prioritaire_biodiv": false, "prioritaire_climat": false, "prioritaire_sante": false, "nb_enjeux_prioritaires": 0, "code_iris": "781900101" }, "geometry": { "type": "Polygon", "coordinates": [ [ [ 2.122237860591762, 48.879549577402884 ], [ 2.122218914604805, 48.880673635175185 ], [ 2.123923203892276, 48.880686119067342 ], [ 2.123942113099974, 48.879562061038328 ], [ 2.122237860591762, 48.879549577402884 ] ] ] } },
{ "type": "Feature", "properties": { "num_125": 868247, "type_zone": 5, "score_biodiv": 6, "score_cc": 4, "score_scv": 5, "couv_veg": 2, "alea_icu": 2, "vuln_icu": 2, "carence_ev": 2, "inondation": 2, "prioritaire_biodiv": false, "prioritaire_climat": false, "prioritaire_sante": false, "nb_enjeux_prioritaires": 0, "code_iris": "781900101" }, "geometry": { "type": "Polygon", "coordinates": [ [ [ 2.123942113099974, 48.879562061038328 ], [ 2.123923203892276, 48.880686119067342 ], [ 2.125627493996019, 48.88069857869818 ], [ 2.125646366424407, 48.879574520413001 ], [ 2.123942113099974, 48.879562061038328 ] ] ] } },
{ "type": "Feature", "properties": { "num_125": 868252, "type_zone": 6, "score_biodiv": 4, "score_cc": 5, "score_scv": 3, "couv_veg": 2, "alea_icu": 2, "vuln_icu": 1, "carence_ev": 1, "inondation": 2, "prioritaire_biodiv": false, "prioritaire_climat": false, "prioritaire_sante": false, "nb_enjeux_prioritaires": 0, "code_iris": "781900102" }, "geometry": { "type": "Polygon", "coordinates": [ [ [ 2.132463387852591, 48.879624115303471 ], [ 2.132444662541979, 48.88074817460847 ], [ 2.134148956703277, 48.880760512932667 ], [ 2.134167645234316, 48.879636453373962 ], [ 2.132463387852591, 48.879624115303471 ] ] ] } },
{ "type": "Feature", "properties": { "num_125": 868253, "type_zone": 6, "score_biodiv": 2, "score_cc": 5, "score_scv": 3, "couv_veg": 2, "alea_icu": 2, "vuln_icu": 1, "carence_ev": 1, "inondation": 2, "prioritaire_biodiv": false, "prioritaire_climat": false, "prioritaire_sante": false, "nb_enjeux_prioritaires": 0, "code_iris": "781900102" }, "geometry": { "type": "Polygon", "coordinates": [ [ [ 2.134167645234316, 48.879636453373962 ], [ 2.134148956703277, 48.880760512932667 ], [ 2.135853251671326, 48.880772826995496 ], [ 2.135871903422736, 48.879648767183568 ], [ 2.134167645234316, 48.879636453373962 ] ] ] } },
{ "type": "Feature", "properties": { "num_125": 868254, "type_zone": 6, "score_biodiv": 2, "score_cc": 5, "score_scv": 3, "couv_veg": 2, "alea_icu": 2, "vuln_icu": 1, "carence_ev": 1, "inondation": 2, "prioritaire_biodiv": false, "prioritaire_climat": false, "prioritaire_sante": false, "nb_enjeux_prioritaires": 0, "code_iris": "781900102" }, "geometry": { "type": "Polygon", "coordinates": [ [ [ 2.135871903422736, 48.879648767183568 ], [ 2.135853251671326, 48.880772826995496 ], [ 2.137557547444536, 48.880785116796915 ], [ 2.137576162416267, 48.879661056732282 ], [ 2.135871903422736, 48.879648767183568 ] ] ] } },
{ "type": "Feature", "properties": { "num_125": 868255, "type_zone": 6, "score_biodiv": 2, "score_cc": 5, "score_scv": 3, "couv_veg": 2, "alea_icu": 2, "vuln_icu": 1, "carence_ev": 1, "inondation": 2, "prioritaire_biodiv": false, "prioritaire_climat": false, "prioritaire_sante": false, "nb_enjeux_prioritaires": 0, "code_iris": "781900103" }, "geometry": { "type": "Polygon", "coordinates": [ [ [ 2.137576162416267, 48.879661056732282 ], [ 2.137557547444536, 48.880785116796915 ], [ 2.139261844021319, 48.88079738233693 ], [ 2.139280422213321, 48.879673322020096 ], [ 2.137576162416267, 48.879661056732282 ] ] ] } },
{ "type": "Feature", "properties": { "num_125": 868256, "type_zone": 8, "score_biodiv": 2, "score_cc": 4, "score_scv": 3, "couv_veg": 2, "alea_icu": 2, "vuln_icu": 1, "carence_ev": 1, "inondation": 2, "prioritaire_biodiv": false, "prioritaire_climat": false, "prioritaire_sante": false, "nb_enjeux_prioritaires": 0, "code_iris": "781900103" }, "geometry": { "type": "Polygon", "coordinates": [ [ [ 2.139280422213321, 48.879673322020096 ], [ 2.139261844021319, 48.88079738233693 ], [ 2.140966141400092, 48.880809623615498 ], [ 2.14098468281231, 48.879685563046955 ], [ 2.139280422213321, 48.879673322020096 ] ] ] } },
{ "type": "Feature", "properties": { "num_125": 868257, "type_zone": 6, "score_biodiv": 2, "score_cc": 5, "score_scv": 3, "couv_veg": 2, "alea_icu": 2, "vuln_icu": 1, "carence_ev": 1, "inondation": 2, "prioritaire_biodiv": false, "prioritaire_climat": false, "prioritaire_sante": false, "nb_enjeux_prioritaires": 0, "code_iris": "781900103" }, "geometry": { "type": "Polygon", "coordinates": [ [ [ 2.14098468281231, 48.879685563046955 ], [ 2.140966141400092, 48.880809623615498 ], [ 2.142670439579263, 48.880821840632642 ], [ 2.142688944211646, 48.879697779812872 ], [ 2.14098468281231, 48.879685563046955 ] ] ] } },
{ "type": "Feature", "properties": { "num_125": 868258, "type_zone": 6, "score_biodiv": 2, "score_cc": 5, "score_scv": 3, "couv_veg": 2, "alea_icu": 2, "vuln_icu": 1, "carence_ev": 1, "inondation": 2, "prioritaire_biodiv": false, "prioritaire_climat": false, "prioritaire_sante": false, "nb_enjeux_prioritaires": 0, "code_iris": "781900103" }, "geometry": { "type": "Polygon", "coordinates": [ [ [ 2.142688944211646, 48.879697779812872 ], [ 2.142670439579263, 48.880821840632642 ], [ 2.144374738557246, 48.880834033388304 ], [ 2.144393206409744, 48.879709972317841 ], [ 2.142688944211646, 48.879697779812872 ] ] ] } },
{ "type": "Feature", "properties": { "num_125": 868259, "type_zone": 6, "score_biodiv": 2, "score_cc": 5, "score_scv": 3, "couv_veg": 2, "alea_icu": 2, "vuln_icu": 1, "carence_ev": 1, "inondation": 2, "prioritaire_biodiv": false, "prioritaire_climat": false, "prioritaire_sante": false, "nb_enjeux_prioritaires": 0, "code_iris": "781900103" }, "geometry": { "type": "Polygon", "coordinates": [ [ [ 2.144393206409744, 48.879709972317841 ], [ 2.144374738557246, 48.880834033388304 ], [ 2.146079038332454, 48.88084620188247 ], [ 2.146097469405014, 48.879722140561803 ], [ 2.144393206409744, 48.879709972317841 ] ] ] } },
{ "type": "Feature", "properties": { "num_125": 868260, "type_zone": 6, "score_biodiv": 2, "score_cc": 5, "score_scv": 3, "couv_veg": 2, "alea_icu": 2, "vuln_icu": 1, "carence_ev": 1, "inondation": 2, "prioritaire_biodiv": false, "prioritaire_climat": false, "prioritaire_sante": false, "nb_enjeux_prioritaires": 0, "code_iris": "781900103" }, "geometry": { "type": "Polygon", "coordinates": [ [ [ 2.146097469405014, 48.879722140561803 ], [ 2.146079038332454, 48.88084620188247 ], [ 2.147783338903301, 48.880858346115176 ], [ 2.147801733195871, 48.879734284544789 ], [ 2.146097469405014, 48.879722140561803 ] ] ] } },
{ "type": "Feature", "properties": { "num_125": 868261, "type_zone": 6, "score_biodiv": 2, "score_cc": 5, "score_scv": 4, "couv_veg": 2, "alea_icu": 2, "vuln_icu": 1, "carence_ev": 2, "inondation": 2, "prioritaire_biodiv": false, "prioritaire_climat": false, "prioritaire_sante": false, "nb_enjeux_prioritaires": 0, "code_iris": "781900102" }, "geometry": { "type": "Polygon", "coordinates": [ [ [ 2.147801733195871, 48.879734284544789 ], [ 2.147783338903301, 48.880858346115176 ], [ 2.149487640268198, 48.880870466086371 ], [ 2.149505997780727, 48.879746404266719 ], [ 2.147801733195871, 48.879734284544789 ] ] ] } },
{ "type": "Feature", "properties": { "num_125": 868262, "type_zone": 6, "score_biodiv": 3, "score_cc": 5, "score_scv": 4, "couv_veg": 2, "alea_icu": 2, "vuln_icu": 1, "carence_ev": 2, "inondation": 2, "prioritaire_biodiv": false, "prioritaire_climat": false, "prioritaire_sante": false, "nb_enjeux_prioritaires": 0, "code_iris": "781900104" }, "geometry": { "type": "Polygon", "coordinates": [ [ [ 2.149505997780727, 48.879746404266719 ], [ 2.149487640268198, 48.880870466086371 ], [ 2.151191942425557, 48.880882561796021 ], [ 2.151210263157993, 48.879758499727686 ], [ 2.149505997780727, 48.879746404266719 ] ] ] } },
{ "type": "Feature", "properties": { "num_125": 868263, "type_zone": 6, "score_biodiv": 2, "score_cc": 5, "score_scv": 5, "couv_veg": 2, "alea_icu": 2, "vuln_icu": 2, "carence_ev": 2, "inondation": 2, "prioritaire_biodiv": false, "prioritaire_climat": false, "prioritaire_sante": false, "nb_enjeux_prioritaires": 0, "code_iris": "781900104" }, "geometry": { "type": "Polygon", "coordinates": [ [ [ 2.151210263157993, 48.879758499727686 ], [ 2.151191942425557, 48.880882561796021 ], [ 2.152896245373793, 48.880894633244132 ], [ 2.152914529326086, 48.879770570927569 ], [ 2.151210263157993, 48.879758499727686 ] ] ] } },
{ "type": "Feature", "properties": { "num_125": 868264, "type_zone": 5, "score_biodiv": 3, "score_cc": 6, "score_scv": 4, "couv_veg": 2, "alea_icu": 3, "vuln_icu": 1, "carence_ev": 2, "inondation": 2, "prioritaire_biodiv": false, "prioritaire_climat": false, "prioritaire_sante": false, "nb_enjeux_prioritaires": 0, "code_iris": "781900104" }, "geometry": { "type": "Polygon", "coordinates": [ [ [ 2.152914529326086, 48.879770570927569 ], [ 2.152896245373793, 48.880894633244132 ], [ 2.154600549111316, 48.880906680430684 ], [ 2.154618796283415, 48.879782617866411 ], [ 2.152914529326086, 48.879770570927569 ] ] ] } },
{ "type": "Feature", "properties": { "num_125": 868265, "type_zone": 6, "score_biodiv": 3, "score_cc": 3, "score_scv": 5, "couv_veg": 2, "alea_icu": 1, "vuln_icu": 2, "carence_ev": 2, "inondation": 2, "prioritaire_biodiv": false, "prioritaire_climat": false, "prioritaire_sante": false, "nb_enjeux_prioritaires": 0, "code_iris": "781900104" }, "geometry": { "type": "Polygon", "coordinates": [ [ [ 2.154618796283415, 48.879782617866411 ], [ 2.154600549111316, 48.880906680430684 ], [ 2.15630485363654, 48.880918703355654 ], [ 2.156323064028394, 48.879794640544155 ], [ 2.154618796283415, 48.879782617866411 ] ] ] } },
{ "type": "Feature", "properties": { "num_125": 868266, "type_zone": 4, "score_biodiv": 4, "score_cc": 5, "score_scv": 4, "couv_veg": 1, "alea_icu": 1, "vuln_icu": 2, "carence_ev": 1, "inondation": 2, "prioritaire_biodiv": false, "prioritaire_climat": false, "prioritaire_sante": false, "nb_enjeux_prioritaires": 0, "code_iris": "781900104" }, "geometry": { "type": "Polygon", "coordinates": [ [ [ 2.156323064028394, 48.879794640544155 ], [ 2.15630485363654, 48.880918703355654 ], [ 2.158009158947879, 48.88093070201905 ], [ 2.158027332559434, 48.879806638960808 ], [ 2.156323064028394, 48.879794640544155 ] ] ] } },
{ "type": "Feature", "properties": { "num_125": 869522, "type_zone": 4, "score_biodiv": 3, "score_cc": 5, "score_scv": 4, "couv_veg": 0, "alea_icu": 1, "vuln_icu": 2, "carence_ev": 1, "inondation": 2, "prioritaire_biodiv": false, "prioritaire_climat": false, "prioritaire_sante": false, "nb_enjeux_prioritaires": 0, "code_iris": "781900101" }, "geometry": { "type": "Polygon", "coordinates": [ [ [ 2.115401765649397, 48.880623456994151 ], [ 2.115382671721725, 48.881747512584084 ], [ 2.117086994508866, 48.881760093779889 ], [ 2.117106051655903, 48.880636037931239 ], [ 2.115401765649397, 48.880623456994151 ] ] ] } },
{ "type": "Feature", "properties": { "num_125": 869523, "type_zone": 2, "score_biodiv": 5, "score_cc": 7, "score_scv": 5, "couv_veg": 2, "alea_icu": 3, "vuln_icu": 2, "carence_ev": 2, "inondation": 2, "prioritaire_biodiv": false, "prioritaire_climat": false, "prioritaire_sante": false, "nb_enjeux_prioritaires": 0, "code_iris": "781900101" }, "geometry": { "type": "Polygon", "coordinates": [ [ [ 2.117106051655903, 48.880636037931239 ], [ 2.117086994508866, 48.881760093779889 ], [ 2.118791318118681, 48.88177265071397 ], [ 2.118810338485031, 48.880648594607131 ], [ 2.117106051655903, 48.880636037931239 ] ] ] } },
{ "type": "Feature", "properties": { "num_125": 869524, "type_zone": 4, "score_biodiv": 2, "score_cc": 6, "score_scv": 4, "couv_veg": 0, "alea_icu": 2, "vuln_icu": 2, "carence_ev": 1, "inondation": 2, "prioritaire_biodiv": false, "prioritaire_climat": false, "prioritaire_sante": false, "nb_enjeux_prioritaires": 0, "code_iris": "781900101" }, "geometry": { "type": "Polygon", "coordinates": [ [ [ 2.118810338485031, 48.880648594607131 ], [ 2.118791318118681, 48.88177265071397 ], [ 2.120495642549584, 48.88178518338632 ], [ 2.120514626135194, 48.880661127021789 ], [ 2.118810338485031, 48.880648594607131 ] ] ] } },
{ "type": "Feature", "properties": { "num_125": 869525, "type_zone": 4, "score_biodiv": 6, "score_cc": 7, "score_scv": 5, "couv_veg": 2, "alea_icu": 3, "vuln_icu": 2, "carence_ev": 2, "inondation": 2, "prioritaire_biodiv": false, "prioritaire_climat": false, "prioritaire_sante": false, "nb_enjeux_prioritaires": 0, "code_iris": "781900101" }, "geometry": { "type": "Polygon", "coordinates": [ [ [ 2.120514626135194, 48.880661127021789 ], [ 2.120495642549584, 48.88178518338632 ], [ 2.122199967799988, 48.881797691796947 ], [ 2.122218914604805, 48.880673635175185 ], [ 2.120514626135194, 48.880661127021789 ] ] ] } },
{ "type": "Feature", "properties": { "num_125": 869526, "type_zone": 4, "score_biodiv": 6, "score_cc": 7, "score_scv": 5, "couv_veg": 2, "alea_icu": 3, "vuln_icu": 2, "carence_ev": 2, "inondation": 2, "prioritaire_biodiv": false, "prioritaire_climat": false, "prioritaire_sante": false, "nb_enjeux_prioritaires": 0, "code_iris": "781900101" }, "geometry": { "type": "Polygon", "coordinates": [ [ [ 2.122218914604805, 48.880673635175185 ], [ 2.122199967799988, 48.881797691796947 ], [ 2.123904293868305, 48.881810175945773 ], [ 2.123923203892276, 48.880686119067342 ], [ 2.122218914604805, 48.880673635175185 ] ] ] } },
{ "type": "Feature", "properties": { "num_125": 869532, "type_zone": 6, "score_biodiv": 3, "score_cc": 5, "score_scv": 3, "couv_veg": 2, "alea_icu": 2, "vuln_icu": 1, "carence_ev": 1, "inondation": 2, "prioritaire_biodiv": false, "prioritaire_climat": false, "prioritaire_sante": false, "nb_enjeux_prioritaires": 0, "code_iris": "781900102" }, "geometry": { "type": "Polygon", "coordinates": [ [ [ 2.132444662541979, 48.88074817460847 ], [ 2.13242593642303, 48.881872232762987 ], [ 2.134130267365491, 48.881884571340876 ], [ 2.134148956703277, 48.880760512932667 ], [ 2.132444662541979, 48.88074817460847 ] ] ] } },
{ "type": "Feature", "properties": { "num_125": 869533, "type_zone": 6, "score_biodiv": 2, "score_cc": 5, "score_scv": 3, "couv_veg": 2, "alea_icu": 2, "vuln_icu": 1, "carence_ev": 1, "inondation": 2, "prioritaire_biodiv": false, "prioritaire_climat": false, "prioritaire_sante": false, "nb_enjeux_prioritaires": 0, "code_iris": "781900102" }, "geometry": { "type": "Polygon", "coordinates": [ [ [ 2.134148956703277, 48.880760512932667 ], [ 2.134130267365491, 48.881884571340876 ], [ 2.135834599114753, 48.881896885656914 ], [ 2.135853251671326, 48.880772826995496 ], [ 2.134148956703277, 48.880760512932667 ] ] ] } },
{ "type": "Feature", "properties": { "num_125": 869534, "type_zone": 6, "score_biodiv": 2, "score_cc": 5, "score_scv": 3, "couv_veg": 2, "alea_icu": 2, "vuln_icu": 1, "carence_ev": 1, "inondation": 2, "prioritaire_biodiv": false, "prioritaire_climat": false, "prioritaire_sante": false, "nb_enjeux_prioritaires": 0, "code_iris": "781900102" }, "geometry": { "type": "Polygon", "coordinates": [ [ [ 2.135853251671326, 48.880772826995496 ], [ 2.135834599114753, 48.881896885656914 ], [ 2.137538931669229, 48.881909175711044 ], [ 2.137557547444536, 48.880785116796915 ], [ 2.135853251671326, 48.880772826995496 ] ] ] } },
{ "type": "Feature", "properties": { "num_125": 869535, "type_zone": 6, "score_biodiv": 2, "score_cc": 5, "score_scv": 3, "couv_veg": 2, "alea_icu": 2, "vuln_icu": 1, "carence_ev": 1, "inondation": 2, "prioritaire_biodiv": false, "prioritaire_climat": false, "prioritaire_sante": false, "nb_enjeux_prioritaires": 0, "code_iris": "781900103" }, "geometry": { "type": "Polygon", "coordinates": [ [ [ 2.137557547444536, 48.880785116796915 ], [ 2.137538931669229, 48.881909175711044 ], [ 2.139243265027332, 48.881921441503287 ], [ 2.139261844021319, 48.88079738233693 ], [ 2.137557547444536, 48.880785116796915 ] ] ] } },
{ "type": "Feature", "properties": { "num_125": 869536, "type_zone": 10, "score_biodiv": 1, "score_cc": 3, "score_scv": 2, "couv_veg": 1, "alea_icu": 1, "vuln_icu": 1, "carence_ev": 0, "inondation": 2, "prioritaire_biodiv": true, "prioritaire_climat": false, "prioritaire_sante": true, "nb_enjeux_prioritaires": 2, "code_iris": "781900103" }, "geometry": { "type": "Polygon", "coordinates": [ [ [ 2.139261844021319, 48.88079738233693 ], [ 2.139243265027332, 48.881921441503287 ], [ 2.140947599187473, 48.881933683033559 ], [ 2.140966141400092, 48.880809623615498 ], [ 2.139261844021319, 48.88079738233693 ] ] ] } },
{ "type": "Feature", "properties": { "num_125": 869537, "type_zone": 6, "score_biodiv": 2, "score_cc": 5, "score_scv": 3, "couv_veg": 2, "alea_icu": 2, "vuln_icu": 1, "carence_ev": 1, "inondation": 2, "prioritaire_biodiv": false, "prioritaire_climat": false, "prioritaire_sante": false, "nb_enjeux_prioritaires": 0, "code_iris": "781900103" }, "geometry": { "type": "Polygon", "coordinates": [ [ [ 2.140966141400092, 48.880809623615498 ], [ 2.140947599187473, 48.881933683033559 ], [ 2.142651934148066, 48.881945900301915 ], [ 2.142670439579263, 48.880821840632642 ], [ 2.140966141400092, 48.880809623615498 ] ] ] } },
{ "type": "Feature", "properties": { "num_125": 869538, "type_zone": 6, "score_biodiv": 2, "score_cc": 5, "score_scv": 3, "couv_veg": 2, "alea_icu": 2, "vuln_icu": 1, "carence_ev": 1, "inondation": 2, "prioritaire_biodiv": false, "prioritaire_climat": false, "prioritaire_sante": false, "nb_enjeux_prioritaires": 0, "code_iris": "781900102" }, "geometry": { "type": "Polygon", "coordinates": [ [ [ 2.142670439579263, 48.880821840632642 ], [ 2.142651934148066, 48.881945900301915 ], [ 2.144356269907524, 48.881958093308306 ], [ 2.144374738557246, 48.880834033388304 ], [ 2.142670439579263, 48.880821840632642 ] ] ] } },
{ "type": "Feature", "properties": { "num_125": 869539, "type_zone": 6, "score_biodiv": 2, "score_cc": 5, "score_scv": 3, "couv_veg": 2, "alea_icu": 2, "vuln_icu": 1, "carence_ev": 1, "inondation": 2, "prioritaire_biodiv": false, "prioritaire_climat": false, "prioritaire_sante": false, "nb_enjeux_prioritaires": 0, "code_iris": "781900102" }, "geometry": { "type": "Polygon", "coordinates": [ [ [ 2.144374738557246, 48.880834033388304 ], [ 2.144356269907524, 48.881958093308306 ], [ 2.146060606464257, 48.881970262052697 ], [ 2.146079038332454, 48.88084620188247 ], [ 2.144374738557246, 48.880834033388304 ] ] ] } },
{ "type": "Feature", "properties": { "num_125": 869540, "type_zone": 6, "score_biodiv": 2, "score_cc": 5, "score_scv": 3, "couv_veg": 2, "alea_icu": 2, "vuln_icu": 1, "carence_ev": 1, "inondation": 2, "prioritaire_biodiv": false, "prioritaire_climat": false, "prioritaire_sante": false, "nb_enjeux_prioritaires": 0, "code_iris": "781900102" }, "geometry": { "type": "Polygon", "coordinates": [ [ [ 2.146079038332454, 48.88084620188247 ], [ 2.146060606464257, 48.881970262052697 ], [ 2.147764943816681, 48.88198240653513 ], [ 2.147783338903301, 48.880858346115176 ], [ 2.146079038332454, 48.88084620188247 ] ] ] } },
{ "type": "Feature", "properties": { "num_125": 869541, "type_zone": 5, "score_biodiv": 3, "score_cc": 4, "score_scv": 5, "couv_veg": 2, "alea_icu": 1, "vuln_icu": 2, "carence_ev": 2, "inondation": 2, "prioritaire_biodiv": false, "prioritaire_climat": false, "prioritaire_sante": false, "nb_enjeux_prioritaires": 0, "code_iris": "781900102" }, "geometry": { "type": "Polygon", "coordinates": [ [ [ 2.147783338903301, 48.880858346115176 ], [ 2.147764943816681, 48.88198240653513 ], [ 2.149469281963206, 48.881994526755534 ], [ 2.149487640268198, 48.880870466086371 ], [ 2.147783338903301, 48.880858346115176 ] ] ] } },
{ "type": "Feature", "properties": { "num_125": 869542, "type_zone": 6, "score_biodiv": 3, "score_cc": 5, "score_scv": 4, "couv_veg": 2, "alea_icu": 2, "vuln_icu": 1, "carence_ev": 2, "inondation": 2, "prioritaire_biodiv": false, "prioritaire_climat": false, "prioritaire_sante": false, "nb_enjeux_prioritaires": 0, "code_iris": "781900102" }, "geometry": { "type": "Polygon", "coordinates": [ [ [ 2.149487640268198, 48.880870466086371 ], [ 2.149469281963206, 48.881994526755534 ], [ 2.151173620902245, 48.882006622713909 ], [ 2.151191942425557, 48.880882561796021 ], [ 2.149487640268198, 48.880870466086371 ] ] ] } },
{ "type": "Feature", "properties": { "num_125": 869543, "type_zone": 6, "score_biodiv": 3, "score_cc": 6, "score_scv": 4, "couv_veg": 2, "alea_icu": 3, "vuln_icu": 1, "carence_ev": 2, "inondation": 2, "prioritaire_biodiv": false, "prioritaire_climat": false, "prioritaire_sante": false, "nb_enjeux_prioritaires": 0, "code_iris": "781900104" }, "geometry": { "type": "Polygon", "coordinates": [ [ [ 2.151191942425557, 48.880882561796021 ], [ 2.151173620902245, 48.882006622713909 ], [ 2.152877960632212, 48.882018694410256 ], [ 2.152896245373793, 48.880894633244132 ], [ 2.151191942425557, 48.880882561796021 ] ] ] } },
{ "type": "Feature", "properties": { "num_125": 869544, "type_zone": 6, "score_biodiv": 3, "score_cc": 6, "score_scv": 4, "couv_veg": 2, "alea_icu": 3, "vuln_icu": 1, "carence_ev": 2, "inondation": 2, "prioritaire_biodiv": false, "prioritaire_climat": false, "prioritaire_sante": false, "nb_enjeux_prioritaires": 0, "code_iris": "781900104" }, "geometry": { "type": "Polygon", "coordinates": [ [ [ 2.152896245373793, 48.880894633244132 ], [ 2.152877960632212, 48.882018694410256 ], [ 2.154582301151517, 48.882030741844531 ], [ 2.154600549111316, 48.880906680430684 ], [ 2.152896245373793, 48.880894633244132 ] ] ] } },
{ "type": "Feature", "properties": { "num_125": 870802, "type_zone": 2, "score_biodiv": 5, "score_cc": 7, "score_scv": 5, "couv_veg": 2, "alea_icu": 3, "vuln_icu": 2, "carence_ev": 2, "inondation": 2, "prioritaire_biodiv": false, "prioritaire_climat": false, "prioritaire_sante": false, "nb_enjeux_prioritaires": 0, "code_iris": "781900101" }, "geometry": { "type": "Polygon", "coordinates": [ [ [ 2.115382671721725, 48.881747512584084 ], [ 2.115363576969791, 48.882871567023003 ], [ 2.117067936539152, 48.88288414847753 ], [ 2.117086994508866, 48.881760093779889 ], [ 2.115382671721725, 48.881747512584084 ] ] ] } },
{ "type": "Feature", "properties": { "num_125": 870803, "type_zone": 2, "score_biodiv": 3, "score_cc": 5, "score_scv": 5, "couv_veg": 2, "alea_icu": 3, "vuln_icu": 2, "carence_ev": 2, "inondation": 2, "prioritaire_biodiv": false, "prioritaire_climat": false, "prioritaire_sante": false, "nb_enjeux_prioritaires": 0, "code_iris": "781900101" }, "geometry": { "type": "Polygon", "coordinates": [ [ [ 2.117086994508866, 48.881760093779889 ], [ 2.117067936539152, 48.88288414847753 ], [ 2.118772296931242, 48.882896705669815 ], [ 2.118791318118681, 48.88177265071397 ], [ 2.117086994508866, 48.881760093779889 ] ] ] } },
{ "type": "Feature", "properties": { "num_125": 870804, "type_zone": 4, "score_biodiv": 5, "score_cc": 4, "score_scv": 4, "couv_veg": 1, "alea_icu": 2, "vuln_icu": 2, "carence_ev": 1, "inondation": 2, "prioritaire_biodiv": false, "prioritaire_climat": false, "prioritaire_sante": false, "nb_enjeux_prioritaires": 0, "code_iris": "781900101" }, "geometry": { "type": "Polygon", "coordinates": [ [ [ 2.118791318118681, 48.88177265071397 ], [ 2.118772296931242, 48.882896705669815 ], [ 2.120476658144474, 48.882909238599893 ], [ 2.120495642549584, 48.88178518338632 ], [ 2.118791318118681, 48.88177265071397 ] ] ] } },
{ "type": "Feature", "properties": { "num_125": 870805, "type_zone": 2, "score_biodiv": 6, "score_cc": 7, "score_scv": 5, "couv_veg": 2, "alea_icu": 3, "vuln_icu": 2, "carence_ev": 2, "inondation": 2, "prioritaire_biodiv": false, "prioritaire_climat": false, "prioritaire_sante": false, "nb_enjeux_prioritaires": 0, "code_iris": "781900101" }, "geometry": { "type": "Polygon", "coordinates": [ [ [ 2.120495642549584, 48.88178518338632 ], [ 2.120476658144474, 48.882909238599893 ], [ 2.122181020177258, 48.882921747267702 ], [ 2.122199967799988, 48.881797691796947 ], [ 2.120495642549584, 48.88178518338632 ] ] ] } },
{ "type": "Feature", "properties": { "num_125": 870813, "type_zone": 6, "score_biodiv": 2, "score_cc": 5, "score_scv": 3, "couv_veg": 2, "alea_icu": 2, "vuln_icu": 1, "carence_ev": 1, "inondation": 2, "prioritaire_biodiv": false, "prioritaire_climat": false, "prioritaire_sante": false, "nb_enjeux_prioritaires": 0, "code_iris": "781900102" }, "geometry": { "type": "Polygon", "coordinates": [ [ [ 2.134130267365491, 48.881884571340876 ], [ 2.134111577220902, 48.883008628598134 ], [ 2.135815945752967, 48.883020943167395 ], [ 2.135834599114753, 48.881896885656914 ], [ 2.134130267365491, 48.881884571340876 ] ] ] } },
{ "type": "Feature", "properties": { "num_125": 870814, "type_zone": 6, "score_biodiv": 2, "score_cc": 5, "score_scv": 3, "couv_veg": 2, "alea_icu": 2, "vuln_icu": 1, "carence_ev": 1, "inondation": 2, "prioritaire_biodiv": false, "prioritaire_climat": false, "prioritaire_sante": false, "nb_enjeux_prioritaires": 0, "code_iris": "781900102" }, "geometry": { "type": "Polygon", "coordinates": [ [ [ 2.135834599114753, 48.881896885656914 ], [ 2.135815945752967, 48.883020943167395 ], [ 2.137520315090296, 48.883033233474237 ], [ 2.137538931669229, 48.881909175711044 ], [ 2.135834599114753, 48.881896885656914 ] ] ] } },
{ "type": "Feature", "properties": { "num_125": 870815, "type_zone": 6, "score_biodiv": 2, "score_cc": 5, "score_scv": 3, "couv_veg": 2, "alea_icu": 2, "vuln_icu": 1, "carence_ev": 1, "inondation": 2, "prioritaire_biodiv": false, "prioritaire_climat": false, "prioritaire_sante": false, "nb_enjeux_prioritaires": 0, "code_iris": "781900102" }, "geometry": { "type": "Polygon", "coordinates": [ [ [ 2.137538931669229, 48.881909175711044 ], [ 2.137520315090296, 48.883033233474237 ], [ 2.139224685231305, 48.883045499518687 ], [ 2.139243265027332, 48.881921441503287 ], [ 2.137538931669229, 48.881909175711044 ] ] ] } },
{ "type": "Feature", "properties": { "num_125": 870816, "type_zone": 6, "score_biodiv": 2, "score_cc": 5, "score_scv": 3, "couv_veg": 2, "alea_icu": 2, "vuln_icu": 1, "carence_ev": 1, "inondation": 2, "prioritaire_biodiv": false, "prioritaire_climat": false, "prioritaire_sante": false, "nb_enjeux_prioritaires": 0, "code_iris": "781900102" }, "geometry": { "type": "Polygon", "coordinates": [ [ [ 2.139243265027332, 48.881921441503287 ], [ 2.139224685231305, 48.883045499518687 ], [ 2.140929056174404, 48.883057741300703 ], [ 2.140947599187473, 48.881933683033559 ], [ 2.139243265027332, 48.881921441503287 ] ] ] } },
{ "type": "Feature", "properties": { "num_125": 870817, "type_zone": 6, "score_biodiv": 3, "score_cc": 5, "score_scv": 3, "couv_veg": 2, "alea_icu": 2, "vuln_icu": 1, "carence_ev": 1, "inondation": 2, "prioritaire_biodiv": false, "prioritaire_climat": false, "prioritaire_sante": false, "nb_enjeux_prioritaires": 0, "code_iris": "781900102" }, "geometry": { "type": "Polygon", "coordinates": [ [ [ 2.140947599187473, 48.881933683033559 ], [ 2.140929056174404, 48.883057741300703 ], [ 2.142633427918006, 48.883069958820286 ], [ 2.142651934148066, 48.881945900301915 ], [ 2.140947599187473, 48.881933683033559 ] ] ] } },
{ "type": "Feature", "properties": { "num_125": 870818, "type_zone": 6, "score_biodiv": 3, "score_cc": 5, "score_scv": 3, "couv_veg": 2, "alea_icu": 2, "vuln_icu": 1, "carence_ev": 1, "inondation": 2, "prioritaire_biodiv": false, "prioritaire_climat": false, "prioritaire_sante": false, "nb_enjeux_prioritaires": 0, "code_iris": "781900102" }, "geometry": { "type": "Polygon", "coordinates": [ [ [ 2.142651934148066, 48.881945900301915 ], [ 2.142633427918006, 48.883069958820286 ], [ 2.144337800460525, 48.883082152077392 ], [ 2.144356269907524, 48.881958093308306 ], [ 2.142651934148066, 48.881945900301915 ] ] ] } },
{ "type": "Feature", "properties": { "num_125": 870819, "type_zone": 6, "score_biodiv": 2, "score_cc": 5, "score_scv": 3, "couv_veg": 2, "alea_icu": 2, "vuln_icu": 1, "carence_ev": 1, "inondation": 2, "prioritaire_biodiv": false, "prioritaire_climat": false, "prioritaire_sante": false, "nb_enjeux_prioritaires": 0, "code_iris": "781900102" }, "geometry": { "type": "Polygon", "coordinates": [ [ [ 2.144356269907524, 48.881958093308306 ], [ 2.144337800460525, 48.883082152077392 ], [ 2.146042173800371, 48.883094321072029 ], [ 2.146060606464257, 48.881970262052697 ], [ 2.144356269907524, 48.881958093308306 ] ] ] } },
{ "type": "Feature", "properties": { "num_125": 870820, "type_zone": 6, "score_biodiv": 2, "score_cc": 5, "score_scv": 3, "couv_veg": 2, "alea_icu": 2, "vuln_icu": 1, "carence_ev": 1, "inondation": 2, "prioritaire_biodiv": false, "prioritaire_climat": false, "prioritaire_sante": false, "nb_enjeux_prioritaires": 0, "code_iris": "781900102" }, "geometry": { "type": "Polygon", "coordinates": [ [ [ 2.146060606464257, 48.881970262052697 ], [ 2.146042173800371, 48.883094321072029 ], [ 2.147746547935959, 48.883106465804175 ], [ 2.147764943816681, 48.88198240653513 ], [ 2.146060606464257, 48.881970262052697 ] ] ] } },
{ "type": "Feature", "properties": { "num_125": 870821, "type_zone": 6, "score_biodiv": 3, "score_cc": 5, "score_scv": 4, "couv_veg": 2, "alea_icu": 2, "vuln_icu": 1, "carence_ev": 2, "inondation": 2, "prioritaire_biodiv": false, "prioritaire_climat": false, "prioritaire_sante": false, "nb_enjeux_prioritaires": 0, "code_iris": "781900102" }, "geometry": { "type": "Polygon", "coordinates": [ [ [ 2.147764943816681, 48.88198240653513 ], [ 2.147746547935959, 48.883106465804175 ], [ 2.1494509228657, 48.88311858627381 ], [ 2.149469281963206, 48.881994526755534 ], [ 2.147764943816681, 48.88198240653513 ] ] ] } },
{ "type": "Feature", "properties": { "num_125": 872081, "type_zone": 4, "score_biodiv": 3, "score_cc": 5, "score_scv": 4, "couv_veg": 1, "alea_icu": 1, "vuln_icu": 2, "carence_ev": 1, "inondation": 2, "prioritaire_biodiv": false, "prioritaire_climat": false, "prioritaire_sante": false, "nb_enjeux_prioritaires": 0, "code_iris": "781900101" }, "geometry": { "type": "Polygon", "coordinates": [ [ [ 2.113659218224746, 48.882858961306319 ], [ 2.11364008586474, 48.883983014334561 ], [ 2.11534448139354, 48.883995620310465 ], [ 2.115363576969791, 48.882871567023003 ], [ 2.113659218224746, 48.882858961306319 ] ] ] } },
{ "type": "Feature", "properties": { "num_125": 872082, "type_zone": 5, "score_biodiv": 3, "score_cc": 6, "score_scv": 5, "couv_veg": 2, "alea_icu": 2, "vuln_icu": 2, "carence_ev": 2, "inondation": 2, "prioritaire_biodiv": false, "prioritaire_climat": false, "prioritaire_sante": false, "nb_enjeux_prioritaires": 0, "code_iris": "781900101" }, "geometry": { "type": "Polygon", "coordinates": [ [ [ 2.115363576969791, 48.882871567023003 ], [ 2.11534448139354, 48.883995620310465 ], [ 2.11704887774671, 48.884008202023679 ], [ 2.117067936539152, 48.88288414847753 ], [ 2.115363576969791, 48.882871567023003 ] ] ] } },
{ "type": "Feature", "properties": { "num_125": 872083, "type_zone": 4, "score_biodiv": 3, "score_cc": 6, "score_scv": 5, "couv_veg": 2, "alea_icu": 2, "vuln_icu": 2, "carence_ev": 2, "inondation": 2, "prioritaire_biodiv": false, "prioritaire_climat": false, "prioritaire_sante": false, "nb_enjeux_prioritaires": 0, "code_iris": "781900101" }, "geometry": { "type": "Polygon", "coordinates": [ [ [ 2.117067936539152, 48.88288414847753 ], [ 2.11704887774671, 48.884008202023679 ], [ 2.118753274922662, 48.884020759474211 ], [ 2.118772296931242, 48.882896705669815 ], [ 2.117067936539152, 48.88288414847753 ] ] ] } },
{ "type": "Feature", "properties": { "num_125": 872084, "type_zone": 2, "score_biodiv": 6, "score_cc": 5, "score_scv": 5, "couv_veg": 2, "alea_icu": 3, "vuln_icu": 2, "carence_ev": 2, "inondation": 2, "prioritaire_biodiv": false, "prioritaire_climat": false, "prioritaire_sante": false, "nb_enjeux_prioritaires": 0, "code_iris": "781900101" }, "geometry": { "type": "Polygon", "coordinates": [ [ [ 2.118772296931242, 48.882896705669815 ], [ 2.118753274922662, 48.884020759474211 ], [ 2.120457672919809, 48.884033292661975 ], [ 2.120476658144474, 48.882909238599893 ], [ 2.118772296931242, 48.882896705669815 ] ] ] } },
{ "type": "Feature", "properties": { "num_125": 872085, "type_zone": 4, "score_biodiv": 6, "score_cc": 4, "score_scv": 5, "couv_veg": 2, "alea_icu": 2, "vuln_icu": 2, "carence_ev": 2, "inondation": 2, "prioritaire_biodiv": false, "prioritaire_climat": false, "prioritaire_sante": false, "nb_enjeux_prioritaires": 0, "code_iris": "781900101" }, "geometry": { "type": "Polygon", "coordinates": [ [ [ 2.120476658144474, 48.882909238599893 ], [ 2.120457672919809, 48.884033292661975 ], [ 2.122162071736561, 48.884045801587021 ], [ 2.122181020177258, 48.882921747267702 ], [ 2.120476658144474, 48.882909238599893 ] ] ] } },
{ "type": "Feature", "properties": { "num_125": 872093, "type_zone": 6, "score_biodiv": 2, "score_cc": 5, "score_scv": 3, "couv_veg": 2, "alea_icu": 2, "vuln_icu": 1, "carence_ev": 1, "inondation": 2, "prioritaire_biodiv": false, "prioritaire_climat": false, "prioritaire_sante": false, "nb_enjeux_prioritaires": 0, "code_iris": "781900102" }, "geometry": { "type": "Polygon", "coordinates": [ [ [ 2.134111577220902, 48.883008628598134 ], [ 2.134092886269461, 48.884132684703999 ], [ 2.135797291585914, 48.88414499952647 ], [ 2.135815945752967, 48.883020943167395 ], [ 2.134111577220902, 48.883008628598134 ] ] ] } },
{ "type": "Feature", "properties": { "num_125": 872094, "type_zone": 6, "score_biodiv": 2, "score_cc": 5, "score_scv": 3, "couv_veg": 2, "alea_icu": 2, "vuln_icu": 1, "carence_ev": 1, "inondation": 2, "prioritaire_biodiv": false, "prioritaire_climat": false, "prioritaire_sante": false, "nb_enjeux_prioritaires": 0, "code_iris": "781900102" }, "geometry": { "type": "Polygon", "coordinates": [ [ [ 2.135815945752967, 48.883020943167395 ], [ 2.135797291585914, 48.88414499952647 ], [ 2.137501697707684, 48.884157290086058 ], [ 2.137520315090296, 48.883033233474237 ], [ 2.135815945752967, 48.883020943167395 ] ] ] } },
{ "type": "Feature", "properties": { "num_125": 872095, "type_zone": 6, "score_biodiv": 2, "score_cc": 5, "score_scv": 3, "couv_veg": 2, "alea_icu": 2, "vuln_icu": 1, "carence_ev": 1, "inondation": 2, "prioritaire_biodiv": false, "prioritaire_climat": false, "prioritaire_sante": false, "nb_enjeux_prioritaires": 0, "code_iris": "781900102" }, "geometry": { "type": "Polygon", "coordinates": [ [ [ 2.137520315090296, 48.883033233474237 ], [ 2.137501697707684, 48.884157290086058 ], [ 2.139206104633187, 48.884169556382737 ], [ 2.139224685231305, 48.883045499518687 ], [ 2.137520315090296, 48.883033233474237 ] ] ] } },
{ "type": "Feature", "properties": { "num_125": 872096, "type_zone": 6, "score_biodiv": 2, "score_cc": 5, "score_scv": 3, "couv_veg": 2, "alea_icu": 2, "vuln_icu": 1, "carence_ev": 1, "inondation": 2, "prioritaire_biodiv": false, "prioritaire_climat": false, "prioritaire_sante": false, "nb_enjeux_prioritaires": 0, "code_iris": "781900102" }, "geometry": { "type": "Polygon", "coordinates": [ [ [ 2.139224685231305, 48.883045499518687 ], [ 2.139206104633187, 48.884169556382737 ], [ 2.140910512360831, 48.884181798416478 ], [ 2.140929056174404, 48.883057741300703 ], [ 2.139224685231305, 48.883045499518687 ] ] ] } },
{ "type": "Feature", "properties": { "num_125": 872097, "type_zone": 6, "score_biodiv": 2, "score_cc": 5, "score_scv": 3, "couv_veg": 2, "alea_icu": 2, "vuln_icu": 1, "carence_ev": 1, "inondation": 2, "prioritaire_biodiv": false, "prioritaire_climat": false, "prioritaire_sante": false, "nb_enjeux_prioritaires": 0, "code_iris": "781900102" }, "geometry": { "type": "Polygon", "coordinates": [ [ [ 2.140929056174404, 48.883057741300703 ], [ 2.140910512360831, 48.884181798416478 ], [ 2.14261492088903, 48.884194016187273 ], [ 2.142633427918006, 48.883069958820286 ], [ 2.140929056174404, 48.883057741300703 ] ] ] } },
{ "type": "Feature", "properties": { "num_125": 872098, "type_zone": 6, "score_biodiv": 3, "score_cc": 5, "score_scv": 3, "couv_veg": 2, "alea_icu": 2, "vuln_icu": 1, "carence_ev": 1, "inondation": 2, "prioritaire_biodiv": false, "prioritaire_climat": false, "prioritaire_sante": false, "nb_enjeux_prioritaires": 0, "code_iris": "781900102" }, "geometry": { "type": "Polygon", "coordinates": [ [ [ 2.142633427918006, 48.883069958820286 ], [ 2.14261492088903, 48.884194016187273 ], [ 2.144319330216198, 48.88420620969513 ], [ 2.144337800460525, 48.883082152077392 ], [ 2.142633427918006, 48.883069958820286 ] ] ] } },
{ "type": "Feature", "properties": { "num_125": 873361, "type_zone": 4, "score_biodiv": 2, "score_cc": 4, "score_scv": 5, "couv_veg": 1, "alea_icu": 1, "vuln_icu": 2, "carence_ev": 2, "inondation": 1, "prioritaire_biodiv": false, "prioritaire_climat": false, "prioritaire_sante": false, "nb_enjeux_prioritaires": 0, "code_iris": "781900101" }, "geometry": { "type": "Polygon", "coordinates": [ [ [ 2.11364008586474, 48.883983014334561 ], [ 2.113620952678778, 48.885107066210878 ], [ 2.115325384992921, 48.885119672446031 ], [ 2.11534448139354, 48.883995620310465 ], [ 2.11364008586474, 48.883983014334561 ] ] ] } },
{ "type": "Feature", "properties": { "num_125": 873362, "type_zone": 8, "score_biodiv": 3, "score_cc": 6, "score_scv": 5, "couv_veg": 2, "alea_icu": 3, "vuln_icu": 2, "carence_ev": 2, "inondation": 2, "prioritaire_biodiv": false, "prioritaire_climat": false, "prioritaire_sante": false, "nb_enjeux_prioritaires": 0, "code_iris": "781900101" }, "geometry": { "type": "Polygon", "coordinates": [ [ [ 2.11534448139354, 48.883995620310465 ], [ 2.115325384992921, 48.885119672446031 ], [ 2.117029818131487, 48.88513225441794 ], [ 2.11704887774671, 48.884008202023679 ], [ 2.11534448139354, 48.883995620310465 ] ] ] } },
{ "type": "Feature", "properties": { "num_125": 873363, "type_zone": 5, "score_biodiv": 3, "score_cc": 6, "score_scv": 5, "couv_veg": 2, "alea_icu": 2, "vuln_icu": 2, "carence_ev": 2, "inondation": 2, "prioritaire_biodiv": false, "prioritaire_climat": false, "prioritaire_sante": false, "nb_enjeux_prioritaires": 0, "code_iris": "781900101" }, "geometry": { "type": "Polygon", "coordinates": [ [ [ 2.11704887774671, 48.884008202023679 ], [ 2.117029818131487, 48.88513225441794 ], [ 2.118734252092888, 48.88514481212669 ], [ 2.118753274922662, 48.884020759474211 ], [ 2.11704887774671, 48.884008202023679 ] ] ] } },
{ "type": "Feature", "properties": { "num_125": 873364, "type_zone": 5, "score_biodiv": 3, "score_cc": 4, "score_scv": 5, "couv_veg": 2, "alea_icu": 2, "vuln_icu": 2, "carence_ev": 2, "inondation": 2, "prioritaire_biodiv": false, "prioritaire_climat": false, "prioritaire_sante": false, "nb_enjeux_prioritaires": 0, "code_iris": "781900101" }, "geometry": { "type": "Polygon", "coordinates": [ [ [ 2.118753274922662, 48.884020759474211 ], [ 2.118734252092888, 48.88514481212669 ], [ 2.120438686875537, 48.885157345572189 ], [ 2.120457672919809, 48.884033292661975 ], [ 2.118753274922662, 48.884020759474211 ] ] ] } },
{ "type": "Feature", "properties": { "num_125": 873373, "type_zone": 6, "score_biodiv": 2, "score_cc": 5, "score_scv": 3, "couv_veg": 2, "alea_icu": 2, "vuln_icu": 1, "carence_ev": 1, "inondation": 2, "prioritaire_biodiv": false, "prioritaire_climat": false, "prioritaire_sante": false, "nb_enjeux_prioritaires": 0, "code_iris": "781900102" }, "geometry": { "type": "Polygon", "coordinates": [ [ [ 2.134092886269461, 48.884132684703999 ], [ 2.134074194511114, 48.885256739658011 ], [ 2.135778636613543, 48.885269054733719 ], [ 2.135797291585914, 48.88414499952647 ], [ 2.134092886269461, 48.884132684703999 ] ] ] } },
{ "type": "Feature", "properties": { "num_125": 873374, "type_zone": 6, "score_biodiv": 2, "score_cc": 5, "score_scv": 3, "couv_veg": 2, "alea_icu": 2, "vuln_icu": 1, "carence_ev": 1, "inondation": 2, "prioritaire_biodiv": false, "prioritaire_climat": false, "prioritaire_sante": false, "nb_enjeux_prioritaires": 0, "code_iris": "781900102" }, "geometry": { "type": "Polygon", "coordinates": [ [ [ 2.135797291585914, 48.88414499952647 ], [ 2.135778636613543, 48.885269054733719 ], [ 2.137483079521343, 48.885281345546026 ], [ 2.137501697707684, 48.884157290086058 ], [ 2.135797291585914, 48.88414499952647 ] ] ] } },
{ "type": "Feature", "properties": { "num_125": 874640, "type_zone": 4, "score_biodiv": 2, "score_cc": 5, "score_scv": 3, "couv_veg": 0, "alea_icu": 1, "vuln_icu": 2, "carence_ev": 0, "inondation": 2, "prioritaire_biodiv": false, "prioritaire_climat": false, "prioritaire_sante": false, "nb_enjeux_prioritaires": 0, "code_iris": "781900101" }, "geometry": { "type": "Polygon", "coordinates": [ [ [ 2.111916521190644, 48.885094435712588 ], [ 2.111897350391794, 48.886218486176809 ], [ 2.113601818666804, 48.886231116934837 ], [ 2.113620952678778, 48.885107066210878 ], [ 2.111916521190644, 48.885094435712588 ] ] ] } },
{ "type": "Feature", "properties": { "num_125": 874641, "type_zone": 8, "score_biodiv": 3, "score_cc": 4, "score_scv": 5, "couv_veg": 2, "alea_icu": 3, "vuln_icu": 2, "carence_ev": 2, "inondation": 1, "prioritaire_biodiv": false, "prioritaire_climat": false, "prioritaire_sante": false, "nb_enjeux_prioritaires": 0, "code_iris": "781900101" }, "geometry": { "type": "Polygon", "coordinates": [ [ [ 2.113620952678778, 48.885107066210878 ], [ 2.113601818666804, 48.886231116934837 ], [ 2.115306287767878, 48.886243723429203 ], [ 2.115325384992921, 48.885119672446031 ], [ 2.113620952678778, 48.885107066210878 ] ] ] } },
{ "type": "Feature", "properties": { "num_125": 874642, "type_zone": 8, "score_biodiv": 3, "score_cc": 6, "score_scv": 5, "couv_veg": 2, "alea_icu": 3, "vuln_icu": 2, "carence_ev": 2, "inondation": 2, "prioritaire_biodiv": false, "prioritaire_climat": false, "prioritaire_sante": false, "nb_enjeux_prioritaires": 0, "code_iris": "781900101" }, "geometry": { "type": "Polygon", "coordinates": [ [ [ 2.115325384992921, 48.885119672446031 ], [ 2.115306287767878, 48.886243723429203 ], [ 2.117010757693428, 48.886256305659856 ], [ 2.117029818131487, 48.88513225441794 ], [ 2.115325384992921, 48.885119672446031 ] ] ] } },
{ "type": "Feature", "properties": { "num_125": 874643, "type_zone": 5, "score_biodiv": 3, "score_cc": 6, "score_scv": 5, "couv_veg": 2, "alea_icu": 2, "vuln_icu": 2, "carence_ev": 2, "inondation": 2, "prioritaire_biodiv": false, "prioritaire_climat": false, "prioritaire_sante": false, "nb_enjeux_prioritaires": 0, "code_iris": "781900101" }, "geometry": { "type": "Polygon", "coordinates": [ [ [ 2.117029818131487, 48.88513225441794 ], [ 2.117010757693428, 48.886256305659856 ], [ 2.118715228441866, 48.88626886362681 ], [ 2.118734252092888, 48.88514481212669 ], [ 2.117029818131487, 48.88513225441794 ] ] ] } },
{ "type": "Feature", "properties": { "num_125": 874644, "type_zone": 6, "score_biodiv": 3, "score_cc": 5, "score_scv": 5, "couv_veg": 2, "alea_icu": 2, "vuln_icu": 2, "carence_ev": 2, "inondation": 2, "prioritaire_biodiv": false, "prioritaire_climat": false, "prioritaire_sante": false, "nb_enjeux_prioritaires": 0, "code_iris": "781900101" }, "geometry": { "type": "Polygon", "coordinates": [ [ [ 2.118734252092888, 48.88514481212669 ], [ 2.118715228441866, 48.88626886362681 ], [ 2.120419700011607, 48.886281397330038 ], [ 2.120438686875537, 48.885157345572189 ], [ 2.118734252092888, 48.88514481212669 ] ] ] } },
{ "type": "Feature", "properties": { "num_125": 875920, "type_zone": 4, "score_biodiv": 3, "score_cc": 7, "score_scv": 5, "couv_veg": 2, "alea_icu": 3, "vuln_icu": 2, "carence_ev": 2, "inondation": 2, "prioritaire_biodiv": false, "prioritaire_climat": false, "prioritaire_sante": false, "nb_enjeux_prioritaires": 0, "code_iris": "781900101" }, "geometry": { "type": "Polygon", "coordinates": [ [ [ 2.111897350391794, 48.886218486176809 ], [ 2.111878178765292, 48.887342535488209 ], [ 2.113582683828767, 48.887355166505984 ], [ 2.113601818666804, 48.886231116934837 ], [ 2.111897350391794, 48.886218486176809 ] ] ] } },
{ "type": "Feature", "properties": { "num_125": 875921, "type_zone": 5, "score_biodiv": 3, "score_cc": 7, "score_scv": 5, "couv_veg": 2, "alea_icu": 3, "vuln_icu": 2, "carence_ev": 2, "inondation": 2, "prioritaire_biodiv": false, "prioritaire_climat": false, "prioritaire_sante": false, "nb_enjeux_prioritaires": 0, "code_iris": "781900101" }, "geometry": { "type": "Polygon", "coordinates": [ [ [ 2.113601818666804, 48.886231116934837 ], [ 2.113582683828767, 48.887355166505984 ], [ 2.115287189718358, 48.887367773259555 ], [ 2.115306287767878, 48.886243723429203 ], [ 2.113601818666804, 48.886231116934837 ] ] ] } },
{ "type": "Feature", "properties": { "num_125": 875922, "type_zone": 5, "score_biodiv": 3, "score_cc": 6, "score_scv": 5, "couv_veg": 2, "alea_icu": 2, "vuln_icu": 2, "carence_ev": 2, "inondation": 2, "prioritaire_biodiv": false, "prioritaire_climat": false, "prioritaire_sante": false, "nb_enjeux_prioritaires": 0, "code_iris": "781900101" }, "geometry": { "type": "Polygon", "coordinates": [ [ [ 2.115306287767878, 48.886243723429203 ], [ 2.115287189718358, 48.887367773259555 ], [ 2.11699169643248, 48.887380355748945 ], [ 2.117010757693428, 48.886256305659856 ], [ 2.115306287767878, 48.886243723429203 ] ] ] } },
{ "type": "Feature", "properties": { "num_125": 875923, "type_zone": 11, "score_biodiv": 3, "score_cc": 5, "score_scv": 5, "couv_veg": 2, "alea_icu": 2, "vuln_icu": 2, "carence_ev": 2, "inondation": 2, "prioritaire_biodiv": false, "prioritaire_climat": false, "prioritaire_sante": false, "nb_enjeux_prioritaires": 0, "code_iris": "781900101" }, "geometry": { "type": "Polygon", "coordinates": [ [ [ 2.117010757693428, 48.886256305659856 ], [ 2.11699169643248, 48.887380355748945 ], [ 2.118696203969544, 48.887392913974139 ], [ 2.118715228441866, 48.88626886362681 ], [ 2.117010757693428, 48.886256305659856 ] ] ] } },
{ "type": "Feature", "properties": { "num_125": 877200, "type_zone": 4, "score_biodiv": 4, "score_cc": 6, "score_scv": 5, "couv_veg": 1, "alea_icu": 2, "vuln_icu": 2, "carence_ev": 2, "inondation": 2, "prioritaire_biodiv": false, "prioritaire_climat": false, "prioritaire_sante": false, "nb_enjeux_prioritaires": 0, "code_iris": "781900101" }, "geometry": { "type": "Polygon", "coordinates": [ [ [ 2.111878178765292, 48.887342535488209 ], [ 2.111859006311084, 48.888466583646355 ], [ 2.113563548164611, 48.888479214923841 ], [ 2.113582683828767, 48.887355166505984 ], [ 2.111878178765292, 48.887342535488209 ] ] ] } },
{ "type": "Feature", "properties": { "num_125": 877201, "type_zone": 4, "score_biodiv": 4, "score_cc": 6, "score_scv": 5, "couv_veg": 1, "alea_icu": 2, "vuln_icu": 2, "carence_ev": 2, "inondation": 2, "prioritaire_biodiv": false, "prioritaire_climat": false, "prioritaire_sante": false, "nb_enjeux_prioritaires": 0, "code_iris": "781900101" }, "geometry": { "type": "Polygon", "coordinates": [ [ [ 2.113582683828767, 48.887355166505984 ], [ 2.113563548164611, 48.888479214923841 ], [ 2.11526809084431, 48.888491821936668 ], [ 2.115287189718358, 48.887367773259555 ], [ 2.113582683828767, 48.887355166505984 ] ] ] } },
{ "type": "Feature", "properties": { "num_125": 877202, "type_zone": 5, "score_biodiv": 3, "score_cc": 3, "score_scv": 5, "couv_veg": 2, "alea_icu": 2, "vuln_icu": 2, "carence_ev": 2, "inondation": 1, "prioritaire_biodiv": false, "prioritaire_climat": false, "prioritaire_sante": false, "nb_enjeux_prioritaires": 0, "code_iris": "781900101" }, "geometry": { "type": "Polygon", "coordinates": [ [ [ 2.115287189718358, 48.887367773259555 ], [ 2.11526809084431, 48.888491821936668 ], [ 2.116972634348592, 48.888504404684802 ], [ 2.11699169643248, 48.887380355748945 ], [ 2.115287189718358, 48.887367773259555 ] ] ] } },
{ "type": "Feature", "properties": { "num_125": 877203, "type_zone": 8, "score_biodiv": 3, "score_cc": 3, "score_scv": 4, "couv_veg": 2, "alea_icu": 2, "vuln_icu": 1, "carence_ev": 2, "inondation": 1, "prioritaire_biodiv": false, "prioritaire_climat": false, "prioritaire_sante": false, "nb_enjeux_prioritaires": 0, "code_iris": "781900101" }, "geometry": { "type": "Polygon", "coordinates": [ [ [ 2.11699169643248, 48.887380355748945 ], [ 2.116972634348592, 48.888504404684802 ], [ 2.118677178675868, 48.888516963168229 ], [ 2.118696203969544, 48.887392913974139 ], [ 2.11699169643248, 48.887380355748945 ] ] ] } },
{ "type": "Feature", "properties": { "num_125": 878481, "type_zone": 6, "score_biodiv": 5, "score_cc": 3, "score_scv": 4, "couv_veg": 2, "alea_icu": 1, "vuln_icu": 1, "carence_ev": 2, "inondation": 1, "prioritaire_biodiv": false, "prioritaire_climat": false, "prioritaire_sante": false, "nb_enjeux_prioritaires": 0, "code_iris": "781900101" }, "geometry": { "type": "Polygon", "coordinates": [ [ [ 2.113563548164611, 48.888479214923841 ], [ 2.113544411674285, 48.889603262187997 ], [ 2.115248991145678, 48.889615869460059 ], [ 2.11526809084431, 48.888491821936668 ], [ 2.113563548164611, 48.888479214923841 ] ] ] } },
{ "type": "Feature", "properties": { "num_125": 878482, "type_zone": 8, "score_biodiv": 2, "score_cc": 2, "score_scv": 4, "couv_veg": 1, "alea_icu": 1, "vuln_icu": 1, "carence_ev": 2, "inondation": 1, "prioritaire_biodiv": false, "prioritaire_climat": true, "prioritaire_sante": false, "nb_enjeux_prioritaires": 1, "code_iris": "781900101" }, "geometry": { "type": "Polygon", "coordinates": [ [ [ 2.11526809084431, 48.888491821936668 ], [ 2.115248991145678, 48.889615869460059 ], [ 2.116953571441707, 48.889628452466937 ], [ 2.116972634348592, 48.888504404684802 ], [ 2.11526809084431, 48.888491821936668 ] ] ] } },
{ "type": "Feature", "properties": { "num_125": 878483, "type_zone": 10, "score_biodiv": 2, "score_cc": 2, "score_scv": 4, "couv_veg": 1, "alea_icu": 1, "vuln_icu": 1, "carence_ev": 2, "inondation": 1, "prioritaire_biodiv": false, "prioritaire_climat": true, "prioritaire_sante": false, "nb_enjeux_prioritaires": 1, "code_iris": "781900101" }, "geometry": { "type": "Polygon", "coordinates": [ [ [ 2.116972634348592, 48.888504404684802 ], [ 2.116953571441707, 48.889628452466937 ], [ 2.118658152560785, 48.889641011208603 ], [ 2.118677178675868, 48.888516963168229 ], [ 2.116972634348592, 48.888504404684802 ] ] ] } },
{ "type": "Feature", "properties": { "num_125": 879763, "type_zone": 8, "score_biodiv": 4, "score_cc": 4, "score_scv": 5, "couv_veg": 2, "alea_icu": 2, "vuln_icu": 2, "carence_ev": 2, "inondation": 1, "prioritaire_biodiv": false, "prioritaire_climat": false, "prioritaire_sante": false, "nb_enjeux_prioritaires": 0, "code_iris": "781900101" }, "geometry": { "type": "Polygon", "coordinates": [ [ [ 2.116953571441707, 48.889628452466937 ], [ 2.116934507711774, 48.890752499094923 ], [ 2.118639125624241, 48.890765058094829 ], [ 2.118658152560785, 48.889641011208603 ], [ 2.116953571441707, 48.889628452466937 ] ] ] } }
]
}
